user_id,signup_date,company_size,acquisition_channel
usr_1000,2025-09-01,Startup (1-10),Paid Ads
usr_1001,2025-09-01,Startup (1-10),Organic Search
usr_1002,2025-09-01,Startup (1-10),Organic Search
usr_1003,2025-09-01,Startup (1-10),Direct
usr_1004,2025-09-01,SMB (11-50),Paid Ads
usr_1005,2025-09-01,Startup (1-10),Direct
usr_1006,2025-09-01,Startup (1-10),Paid Ads
usr_1007,2025-09-01,Mid-Market (51-200),Product-Led Referral
usr_1008,2025-09-01,Startup (1-10),Direct
usr_1009,2025-09-01,Startup (1-10),Product-Led Referral
usr_1010,2025-09-01,Mid-Market (51-200),Paid Ads
usr_1011,2025-09-01,Startup (1-10),Paid Ads
usr_1012,2025-09-01,Startup (1-10),Direct
usr_1013,2025-09-01,Startup (1-10),Paid Ads
usr_1014,2025-09-01,Startup (1-10),Paid Ads
usr_1015,2025-09-02,SMB (11-50),Organic Search
usr_1016,2025-09-02,Mid-Market (51-200),Direct
usr_1017,2025-09-02,Startup (1-10),Organic Search
usr_1018,2025-09-02,SMB (11-50),Product-Led Referral
usr_1019,2025-09-02,SMB (11-50),Paid Ads
usr_1020,2025-09-02,Startup (1-10),Paid Ads
usr_1021,2025-09-02,SMB (11-50),Product-Led Referral
usr_1022,2025-09-02,Startup (1-10),Organic Search
usr_1023,2025-09-02,Startup (1-10),Paid Ads
usr_1024,2025-09-02,Startup (1-10),Product-Led Referral
usr_1025,2025-09-02,Startup (1-10),Direct
usr_1026,2025-09-02,Startup (1-10),Organic Search
usr_1027,2025-09-02,Mid-Market (51-200),Direct
usr_1028,2025-09-03,Startup (1-10),Product-Led Referral
usr_1029,2025-09-03,Startup (1-10),Direct
usr_1030,2025-09-03,Startup (1-10),Paid Ads
usr_1031,2025-09-03,SMB (11-50),Paid Ads
usr_1032,2025-09-03,SMB (11-50),Direct
usr_1033,2025-09-03,SMB (11-50),Direct
usr_1034,2025-09-03,SMB (11-50),Paid Ads
usr_1035,2025-09-03,Mid-Market (51-200),Organic Search
usr_1036,2025-09-03,Startup (1-10),Paid Ads
usr_1037,2025-09-03,SMB (11-50),Paid Ads
usr_1038,2025-09-03,Mid-Market (51-200),Organic Search
usr_1039,2025-09-03,Enterprise (200+),Organic Search
usr_1040,2025-09-03,Mid-Market (51-200),Direct
usr_1041,2025-09-03,Startup (1-10),Organic Search
usr_1042,2025-09-03,Startup (1-10),Product-Led Referral
usr_1043,2025-09-03,Startup (1-10),Organic Search
usr_1044,2025-09-04,SMB (11-50),Organic Search
usr_1045,2025-09-04,Startup (1-10),Organic Search
usr_1046,2025-09-04,Startup (1-10),Organic Search
usr_1047,2025-09-04,Mid-Market (51-200),Product-Led Referral
usr_1048,2025-09-04,Startup (1-10),Direct
usr_1049,2025-09-04,Mid-Market (51-200),Organic Search
usr_1050,2025-09-04,Startup (1-10),Paid Ads
usr_1051,2025-09-04,Startup (1-10),Paid Ads
usr_1052,2025-09-04,Startup (1-10),Direct
usr_1053,2025-09-04,SMB (11-50),Product-Led Referral
usr_1054,2025-09-04,Startup (1-10),Paid Ads
usr_1055,2025-09-04,Startup (1-10),Product-Led Referral
usr_1056,2025-09-05,Enterprise (200+),Direct
usr_1057,2025-09-05,Startup (1-10),Organic Search
usr_1058,2025-09-05,SMB (11-50),Paid Ads
usr_1059,2025-09-05,SMB (11-50),Direct
usr_1060,2025-09-05,Startup (1-10),Product-Led Referral
usr_1061,2025-09-05,SMB (11-50),Paid Ads
usr_1062,2025-09-05,Startup (1-10),Paid Ads
usr_1063,2025-09-05,SMB (11-50),Organic Search
usr_1064,2025-09-05,Startup (1-10),Paid Ads
usr_1065,2025-09-05,SMB (11-50),Product-Led Referral
usr_1066,2025-09-05,Startup (1-10),Paid Ads
usr_1067,2025-09-05,SMB (11-50),Product-Led Referral
usr_1068,2025-09-05,Startup (1-10),Direct
usr_1069,2025-09-05,Startup (1-10),Organic Search
usr_1070,2025-09-05,Startup (1-10),Paid Ads
usr_1071,2025-09-05,Startup (1-10),Paid Ads
usr_1072,2025-09-05,Mid-Market (51-200),Product-Led Referral
usr_1073,2025-09-05,Startup (1-10),Organic Search
usr_1074,2025-09-06,Mid-Market (51-200),Product-Led Referral
usr_1075,2025-09-06,Enterprise (200+),Direct
usr_1076,2025-09-06,SMB (11-50),Paid Ads
usr_1077,2025-09-06,Startup (1-10),Direct
usr_1078,2025-09-06,Startup (1-10),Social
usr_1079,2025-09-06,SMB (11-50),Organic Search
usr_1080,2025-09-06,Startup (1-10),Organic Search
usr_1081,2025-09-06,Startup (1-10),Social
usr_1082,2025-09-07,SMB (11-50),Social
usr_1083,2025-09-07,Mid-Market (51-200),Organic Search
usr_1084,2025-09-07,SMB (11-50),Organic Search
usr_1085,2025-09-07,Startup (1-10),Organic Search
usr_1086,2025-09-07,SMB (11-50),Social
usr_1087,2025-09-07,Startup (1-10),Organic Search
usr_1088,2025-09-07,Startup (1-10),Paid Ads
usr_1089,2025-09-07,Mid-Market (51-200),Direct
usr_1090,2025-09-07,Startup (1-10),Organic Search
usr_1091,2025-09-07,Startup (1-10),Product-Led Referral
usr_1092,2025-09-07,Startup (1-10),Organic Search
usr_1093,2025-09-07,Mid-Market (51-200),Direct
usr_1094,2025-09-07,SMB (11-50),Organic Search
usr_1095,2025-09-07,SMB (11-50),Product-Led Referral
usr_1096,2025-09-07,SMB (11-50),Product-Led Referral
usr_1097,2025-09-07,Startup (1-10),Organic Search
usr_1098,2025-09-08,Startup (1-10),Organic Search
usr_1099,2025-09-08,Startup (1-10),Paid Ads
usr_1100,2025-09-08,Startup (1-10),Organic Search
usr_1101,2025-09-08,Startup (1-10),Direct
usr_1102,2025-09-08,Mid-Market (51-200),Direct
usr_1103,2025-09-08,Startup (1-10),Paid Ads
usr_1104,2025-09-08,Startup (1-10),Product-Led Referral
usr_1105,2025-09-08,Startup (1-10),Product-Led Referral
usr_1106,2025-09-08,Startup (1-10),Direct
usr_1107,2025-09-08,Mid-Market (51-200),Paid Ads
usr_1108,2025-09-08,Startup (1-10),Organic Search
usr_1109,2025-09-08,Startup (1-10),Organic Search
usr_1110,2025-09-08,SMB (11-50),Paid Ads
usr_1111,2025-09-08,Startup (1-10),Paid Ads
usr_1112,2025-09-08,Startup (1-10),Paid Ads
usr_1113,2025-09-08,Startup (1-10),Organic Search
usr_1114,2025-09-08,SMB (11-50),Product-Led Referral
usr_1115,2025-09-08,Enterprise (200+),Organic Search
usr_1116,2025-09-08,SMB (11-50),Organic Search
usr_1117,2025-09-09,Startup (1-10),Paid Ads
usr_1118,2025-09-09,Mid-Market (51-200),Organic Search
usr_1119,2025-09-09,Startup (1-10),Paid Ads
usr_1120,2025-09-09,Startup (1-10),Paid Ads
usr_1121,2025-09-09,Startup (1-10),Paid Ads
usr_1122,2025-09-09,Startup (1-10),Paid Ads
usr_1123,2025-09-09,SMB (11-50),Organic Search
usr_1124,2025-09-09,SMB (11-50),Organic Search
usr_1125,2025-09-09,Mid-Market (51-200),Direct
usr_1126,2025-09-09,SMB (11-50),Paid Ads
usr_1127,2025-09-10,SMB (11-50),Paid Ads
usr_1128,2025-09-10,Startup (1-10),Organic Search
usr_1129,2025-09-10,Startup (1-10),Paid Ads
usr_1130,2025-09-10,SMB (11-50),Paid Ads
usr_1131,2025-09-10,Startup (1-10),Paid Ads
usr_1132,2025-09-10,Mid-Market (51-200),Product-Led Referral
usr_1133,2025-09-10,Startup (1-10),Organic Search
usr_1134,2025-09-10,Startup (1-10),Organic Search
usr_1135,2025-09-10,Startup (1-10),Direct
usr_1136,2025-09-10,Startup (1-10),Direct
usr_1137,2025-09-10,Startup (1-10),Organic Search
usr_1138,2025-09-10,SMB (11-50),Paid Ads
usr_1139,2025-09-11,Startup (1-10),Organic Search
usr_1140,2025-09-11,SMB (11-50),Organic Search
usr_1141,2025-09-11,Startup (1-10),Organic Search
usr_1142,2025-09-11,Startup (1-10),Organic Search
usr_1143,2025-09-11,Startup (1-10),Product-Led Referral
usr_1144,2025-09-11,Mid-Market (51-200),Paid Ads
usr_1145,2025-09-11,Startup (1-10),Organic Search
usr_1146,2025-09-11,SMB (11-50),Organic Search
usr_1147,2025-09-11,Startup (1-10),Direct
usr_1148,2025-09-11,SMB (11-50),Organic Search
usr_1149,2025-09-11,Startup (1-10),Product-Led Referral
usr_1150,2025-09-12,SMB (11-50),Organic Search
usr_1151,2025-09-12,SMB (11-50),Paid Ads
usr_1152,2025-09-12,Mid-Market (51-200),Organic Search
usr_1153,2025-09-12,Startup (1-10),Organic Search
usr_1154,2025-09-12,Startup (1-10),Organic Search
usr_1155,2025-09-12,Startup (1-10),Organic Search
usr_1156,2025-09-12,Mid-Market (51-200),Paid Ads
usr_1157,2025-09-12,SMB (11-50),Product-Led Referral
usr_1158,2025-09-12,SMB (11-50),Organic Search
usr_1159,2025-09-12,Startup (1-10),Organic Search
usr_1160,2025-09-12,Startup (1-10),Paid Ads
usr_1161,2025-09-12,Startup (1-10),Product-Led Referral
usr_1162,2025-09-12,Enterprise (200+),Social
usr_1163,2025-09-12,SMB (11-50),Paid Ads
usr_1164,2025-09-12,Mid-Market (51-200),Paid Ads
usr_1165,2025-09-12,Startup (1-10),Paid Ads
usr_1166,2025-09-12,SMB (11-50),Direct
usr_1167,2025-09-12,SMB (11-50),Direct
usr_1168,2025-09-12,Startup (1-10),Organic Search
usr_1169,2025-09-12,Mid-Market (51-200),Organic Search
usr_1170,2025-09-12,Mid-Market (51-200),Organic Search
usr_1171,2025-09-13,Mid-Market (51-200),Paid Ads
usr_1172,2025-09-13,SMB (11-50),Product-Led Referral
usr_1173,2025-09-13,Startup (1-10),Paid Ads
usr_1174,2025-09-13,Startup (1-10),Organic Search
usr_1175,2025-09-13,Enterprise (200+),Product-Led Referral
usr_1176,2025-09-13,Startup (1-10),Direct
usr_1177,2025-09-13,SMB (11-50),Organic Search
usr_1178,2025-09-13,SMB (11-50),Product-Led Referral
usr_1179,2025-09-13,SMB (11-50),Paid Ads
usr_1180,2025-09-13,Enterprise (200+),Direct
usr_1181,2025-09-13,Startup (1-10),Direct
usr_1182,2025-09-13,Startup (1-10),Paid Ads
usr_1183,2025-09-13,Startup (1-10),Product-Led Referral
usr_1184,2025-09-13,Startup (1-10),Direct
usr_1185,2025-09-13,Startup (1-10),Paid Ads
usr_1186,2025-09-13,Startup (1-10),Organic Search
usr_1187,2025-09-14,Mid-Market (51-200),Product-Led Referral
usr_1188,2025-09-14,Mid-Market (51-200),Organic Search
usr_1189,2025-09-14,Startup (1-10),Paid Ads
usr_1190,2025-09-14,Startup (1-10),Direct
usr_1191,2025-09-14,Mid-Market (51-200),Product-Led Referral
usr_1192,2025-09-14,Startup (1-10),Paid Ads
usr_1193,2025-09-14,Startup (1-10),Organic Search
usr_1194,2025-09-14,Startup (1-10),Paid Ads
usr_1195,2025-09-14,SMB (11-50),Organic Search
usr_1196,2025-09-14,Startup (1-10),Organic Search
usr_1197,2025-09-14,Enterprise (200+),Product-Led Referral
usr_1198,2025-09-14,Startup (1-10),Organic Search
usr_1199,2025-09-14,SMB (11-50),Paid Ads
usr_1200,2025-09-14,Startup (1-10),Paid Ads
usr_1201,2025-09-14,Startup (1-10),Social
usr_1202,2025-09-14,SMB (11-50),Paid Ads
usr_1203,2025-09-14,SMB (11-50),Organic Search
usr_1204,2025-09-15,SMB (11-50),Organic Search
usr_1205,2025-09-15,SMB (11-50),Paid Ads
usr_1206,2025-09-15,Mid-Market (51-200),Paid Ads
usr_1207,2025-09-15,Mid-Market (51-200),Paid Ads
usr_1208,2025-09-15,SMB (11-50),Paid Ads
usr_1209,2025-09-15,Startup (1-10),Organic Search
usr_1210,2025-09-15,Startup (1-10),Paid Ads
usr_1211,2025-09-15,Startup (1-10),Paid Ads
usr_1212,2025-09-15,SMB (11-50),Organic Search
usr_1213,2025-09-15,Startup (1-10),Organic Search
usr_1214,2025-09-16,Startup (1-10),Organic Search
usr_1215,2025-09-16,Mid-Market (51-200),Organic Search
usr_1216,2025-09-16,Mid-Market (51-200),Product-Led Referral
usr_1217,2025-09-16,Mid-Market (51-200),Organic Search
usr_1218,2025-09-16,Startup (1-10),Organic Search
usr_1219,2025-09-16,SMB (11-50),Organic Search
usr_1220,2025-09-16,Startup (1-10),Social
usr_1221,2025-09-16,Startup (1-10),Direct
usr_1222,2025-09-16,Startup (1-10),Organic Search
usr_1223,2025-09-16,Startup (1-10),Organic Search
usr_1224,2025-09-16,Startup (1-10),Organic Search
usr_1225,2025-09-17,Mid-Market (51-200),Paid Ads
usr_1226,2025-09-17,Startup (1-10),Organic Search
usr_1227,2025-09-17,SMB (11-50),Product-Led Referral
usr_1228,2025-09-17,SMB (11-50),Paid Ads
usr_1229,2025-09-17,Startup (1-10),Direct
usr_1230,2025-09-17,Startup (1-10),Organic Search
usr_1231,2025-09-17,Startup (1-10),Direct
usr_1232,2025-09-17,SMB (11-50),Product-Led Referral
usr_1233,2025-09-17,Startup (1-10),Organic Search
usr_1234,2025-09-17,Startup (1-10),Paid Ads
usr_1235,2025-09-17,Startup (1-10),Organic Search
usr_1236,2025-09-17,SMB (11-50),Organic Search
usr_1237,2025-09-17,Mid-Market (51-200),Organic Search
usr_1238,2025-09-17,Startup (1-10),Paid Ads
usr_1239,2025-09-17,SMB (11-50),Paid Ads
usr_1240,2025-09-17,SMB (11-50),Direct
usr_1241,2025-09-17,Mid-Market (51-200),Organic Search
usr_1242,2025-09-17,Mid-Market (51-200),Social
usr_1243,2025-09-18,SMB (11-50),Organic Search
usr_1244,2025-09-18,SMB (11-50),Product-Led Referral
usr_1245,2025-09-18,Mid-Market (51-200),Organic Search
usr_1246,2025-09-18,Startup (1-10),Organic Search
usr_1247,2025-09-18,Startup (1-10),Direct
usr_1248,2025-09-18,Startup (1-10),Organic Search
usr_1249,2025-09-19,Mid-Market (51-200),Product-Led Referral
usr_1250,2025-09-19,Mid-Market (51-200),Paid Ads
usr_1251,2025-09-19,Startup (1-10),Paid Ads
usr_1252,2025-09-19,SMB (11-50),Paid Ads
usr_1253,2025-09-19,Startup (1-10),Product-Led Referral
usr_1254,2025-09-19,Startup (1-10),Organic Search
usr_1255,2025-09-19,Enterprise (200+),Product-Led Referral
usr_1256,2025-09-19,Startup (1-10),Direct
usr_1257,2025-09-19,Startup (1-10),Organic Search
usr_1258,2025-09-19,SMB (11-50),Organic Search
usr_1259,2025-09-19,SMB (11-50),Product-Led Referral
usr_1260,2025-09-19,Startup (1-10),Paid Ads
usr_1261,2025-09-19,SMB (11-50),Paid Ads
usr_1262,2025-09-19,SMB (11-50),Organic Search
usr_1263,2025-09-20,Startup (1-10),Paid Ads
usr_1264,2025-09-20,Startup (1-10),Organic Search
usr_1265,2025-09-20,SMB (11-50),Paid Ads
usr_1266,2025-09-20,Startup (1-10),Product-Led Referral
usr_1267,2025-09-20,Mid-Market (51-200),Organic Search
usr_1268,2025-09-20,Mid-Market (51-200),Paid Ads
usr_1269,2025-09-20,Enterprise (200+),Social
usr_1270,2025-09-20,Startup (1-10),Product-Led Referral
usr_1271,2025-09-20,Enterprise (200+),Direct
usr_1272,2025-09-20,Startup (1-10),Paid Ads
usr_1273,2025-09-20,Startup (1-10),Product-Led Referral
usr_1274,2025-09-20,Startup (1-10),Organic Search
usr_1275,2025-09-20,Startup (1-10),Organic Search
usr_1276,2025-09-20,SMB (11-50),Organic Search
usr_1277,2025-09-20,Startup (1-10),Paid Ads
usr_1278,2025-09-20,Startup (1-10),Direct
usr_1279,2025-09-21,SMB (11-50),Organic Search
usr_1280,2025-09-21,Startup (1-10),Product-Led Referral
usr_1281,2025-09-21,SMB (11-50),Product-Led Referral
usr_1282,2025-09-21,Startup (1-10),Paid Ads
usr_1283,2025-09-21,Mid-Market (51-200),Paid Ads
usr_1284,2025-09-21,Mid-Market (51-200),Paid Ads
usr_1285,2025-09-21,Startup (1-10),Organic Search
usr_1286,2025-09-21,Startup (1-10),Organic Search
usr_1287,2025-09-21,Startup (1-10),Social
usr_1288,2025-09-21,Mid-Market (51-200),Organic Search
usr_1289,2025-09-21,Startup (1-10),Organic Search
usr_1290,2025-09-21,Startup (1-10),Direct
usr_1291,2025-09-21,Startup (1-10),Organic Search
usr_1292,2025-09-21,Startup (1-10),Product-Led Referral
usr_1293,2025-09-21,Startup (1-10),Organic Search
usr_1294,2025-09-21,Mid-Market (51-200),Paid Ads
usr_1295,2025-09-22,Startup (1-10),Organic Search
usr_1296,2025-09-22,Startup (1-10),Organic Search
usr_1297,2025-09-22,Mid-Market (51-200),Paid Ads
usr_1298,2025-09-22,Mid-Market (51-200),Product-Led Referral
usr_1299,2025-09-22,Startup (1-10),Paid Ads
usr_1300,2025-09-22,Startup (1-10),Direct
usr_1301,2025-09-22,Startup (1-10),Organic Search
usr_1302,2025-09-22,Mid-Market (51-200),Paid Ads
usr_1303,2025-09-22,Startup (1-10),Paid Ads
usr_1304,2025-09-22,Mid-Market (51-200),Direct
usr_1305,2025-09-22,SMB (11-50),Organic Search
usr_1306,2025-09-22,SMB (11-50),Paid Ads
usr_1307,2025-09-22,Startup (1-10),Direct
usr_1308,2025-09-22,Startup (1-10),Organic Search
usr_1309,2025-09-22,Startup (1-10),Direct
usr_1310,2025-09-23,Startup (1-10),Organic Search
usr_1311,2025-09-23,SMB (11-50),Product-Led Referral
usr_1312,2025-09-23,Enterprise (200+),Direct
usr_1313,2025-09-23,SMB (11-50),Product-Led Referral
usr_1314,2025-09-23,SMB (11-50),Paid Ads
usr_1315,2025-09-23,Startup (1-10),Organic Search
usr_1316,2025-09-23,Startup (1-10),Direct
usr_1317,2025-09-23,Startup (1-10),Paid Ads
usr_1318,2025-09-23,SMB (11-50),Organic Search
usr_1319,2025-09-23,Mid-Market (51-200),Product-Led Referral
usr_1320,2025-09-23,SMB (11-50),Paid Ads
usr_1321,2025-09-24,Startup (1-10),Organic Search
usr_1322,2025-09-24,Startup (1-10),Organic Search
usr_1323,2025-09-24,SMB (11-50),Organic Search
usr_1324,2025-09-24,Startup (1-10),Paid Ads
usr_1325,2025-09-24,Mid-Market (51-200),Product-Led Referral
usr_1326,2025-09-24,Mid-Market (51-200),Paid Ads
usr_1327,2025-09-24,SMB (11-50),Direct
usr_1328,2025-09-24,Startup (1-10),Direct
usr_1329,2025-09-25,Startup (1-10),Product-Led Referral
usr_1330,2025-09-25,Startup (1-10),Organic Search
usr_1331,2025-09-25,Startup (1-10),Product-Led Referral
usr_1332,2025-09-25,Startup (1-10),Paid Ads
usr_1333,2025-09-25,SMB (11-50),Paid Ads
usr_1334,2025-09-25,SMB (11-50),Product-Led Referral
usr_1335,2025-09-25,Startup (1-10),Paid Ads
usr_1336,2025-09-25,Startup (1-10),Direct
usr_1337,2025-09-25,Startup (1-10),Organic Search
usr_1338,2025-09-25,Startup (1-10),Product-Led Referral
usr_1339,2025-09-25,Mid-Market (51-200),Organic Search
usr_1340,2025-09-25,Startup (1-10),Direct
usr_1341,2025-09-25,Startup (1-10),Organic Search
usr_1342,2025-09-25,Startup (1-10),Organic Search
usr_1343,2025-09-25,Mid-Market (51-200),Organic Search
usr_1344,2025-09-25,SMB (11-50),Paid Ads
usr_1345,2025-09-25,Startup (1-10),Organic Search
usr_1346,2025-09-25,SMB (11-50),Paid Ads
usr_1347,2025-09-25,SMB (11-50),Paid Ads
usr_1348,2025-09-25,Enterprise (200+),Organic Search
usr_1349,2025-09-26,Startup (1-10),Organic Search
usr_1350,2025-09-26,Mid-Market (51-200),Direct
usr_1351,2025-09-26,Mid-Market (51-200),Product-Led Referral
usr_1352,2025-09-26,Mid-Market (51-200),Product-Led Referral
usr_1353,2025-09-26,SMB (11-50),Product-Led Referral
usr_1354,2025-09-26,SMB (11-50),Organic Search
usr_1355,2025-09-26,Startup (1-10),Organic Search
usr_1356,2025-09-26,SMB (11-50),Organic Search
usr_1357,2025-09-26,SMB (11-50),Direct
usr_1358,2025-09-26,SMB (11-50),Social
usr_1359,2025-09-26,Startup (1-10),Paid Ads
usr_1360,2025-09-27,SMB (11-50),Organic Search
usr_1361,2025-09-27,Mid-Market (51-200),Organic Search
usr_1362,2025-09-27,Startup (1-10),Organic Search
usr_1363,2025-09-27,Mid-Market (51-200),Paid Ads
usr_1364,2025-09-27,SMB (11-50),Organic Search
usr_1365,2025-09-27,Mid-Market (51-200),Direct
usr_1366,2025-09-27,Startup (1-10),Paid Ads
usr_1367,2025-09-27,Startup (1-10),Direct
usr_1368,2025-09-27,Mid-Market (51-200),Product-Led Referral
usr_1369,2025-09-28,Startup (1-10),Product-Led Referral
usr_1370,2025-09-28,Mid-Market (51-200),Product-Led Referral
usr_1371,2025-09-28,Startup (1-10),Product-Led Referral
usr_1372,2025-09-28,SMB (11-50),Product-Led Referral
usr_1373,2025-09-28,Startup (1-10),Product-Led Referral
usr_1374,2025-09-28,SMB (11-50),Paid Ads
usr_1375,2025-09-28,Startup (1-10),Social
usr_1376,2025-09-28,Startup (1-10),Product-Led Referral
usr_1377,2025-09-28,Startup (1-10),Product-Led Referral
usr_1378,2025-09-28,Startup (1-10),Direct
usr_1379,2025-09-28,Enterprise (200+),Organic Search
usr_1380,2025-09-28,Enterprise (200+),Organic Search
usr_1381,2025-09-28,Startup (1-10),Paid Ads
usr_1382,2025-09-28,SMB (11-50),Paid Ads
usr_1383,2025-09-28,Startup (1-10),Direct
usr_1384,2025-09-28,SMB (11-50),Paid Ads
usr_1385,2025-09-28,Mid-Market (51-200),Paid Ads
usr_1386,2025-09-29,Mid-Market (51-200),Paid Ads
usr_1387,2025-09-29,Startup (1-10),Organic Search
usr_1388,2025-09-29,SMB (11-50),Product-Led Referral
usr_1389,2025-09-29,Startup (1-10),Direct
usr_1390,2025-09-29,Enterprise (200+),Organic Search
usr_1391,2025-09-29,Startup (1-10),Paid Ads
usr_1392,2025-09-29,SMB (11-50),Paid Ads
usr_1393,2025-09-29,SMB (11-50),Organic Search
usr_1394,2025-09-29,SMB (11-50),Organic Search
usr_1395,2025-09-29,Startup (1-10),Social
usr_1396,2025-09-29,Mid-Market (51-200),Paid Ads
usr_1397,2025-09-29,Startup (1-10),Organic Search
usr_1398,2025-09-29,SMB (11-50),Organic Search
usr_1399,2025-09-29,Startup (1-10),Product-Led Referral
usr_1400,2025-09-29,Startup (1-10),Product-Led Referral
usr_1401,2025-09-29,SMB (11-50),Product-Led Referral
usr_1402,2025-09-30,Startup (1-10),Organic Search
usr_1403,2025-09-30,Startup (1-10),Direct
usr_1404,2025-09-30,Startup (1-10),Paid Ads
usr_1405,2025-09-30,Startup (1-10),Organic Search
usr_1406,2025-09-30,SMB (11-50),Paid Ads
usr_1407,2025-09-30,Mid-Market (51-200),Paid Ads
usr_1408,2025-09-30,Startup (1-10),Direct
usr_1409,2025-09-30,Startup (1-10),Direct
usr_1410,2025-09-30,Startup (1-10),Organic Search
usr_1411,2025-09-30,Startup (1-10),Direct
usr_1412,2025-09-30,SMB (11-50),Product-Led Referral
usr_1413,2025-10-01,SMB (11-50),Direct
usr_1414,2025-10-01,Startup (1-10),Organic Search
usr_1415,2025-10-01,Startup (1-10),Paid Ads
usr_1416,2025-10-01,Startup (1-10),Organic Search
usr_1417,2025-10-01,Mid-Market (51-200),Direct
usr_1418,2025-10-01,Enterprise (200+),Organic Search
usr_1419,2025-10-01,Startup (1-10),Paid Ads
usr_1420,2025-10-02,Startup (1-10),Organic Search
usr_1421,2025-10-02,Mid-Market (51-200),Organic Search
usr_1422,2025-10-02,Mid-Market (51-200),Product-Led Referral
usr_1423,2025-10-02,Startup (1-10),Direct
usr_1424,2025-10-02,Startup (1-10),Product-Led Referral
usr_1425,2025-10-02,Startup (1-10),Direct
usr_1426,2025-10-02,SMB (11-50),Organic Search
usr_1427,2025-10-02,Startup (1-10),Paid Ads
usr_1428,2025-10-02,Startup (1-10),Paid Ads
usr_1429,2025-10-03,SMB (11-50),Organic Search
usr_1430,2025-10-03,Startup (1-10),Paid Ads
usr_1431,2025-10-03,SMB (11-50),Product-Led Referral
usr_1432,2025-10-03,Startup (1-10),Paid Ads
usr_1433,2025-10-03,Startup (1-10),Product-Led Referral
usr_1434,2025-10-03,SMB (11-50),Paid Ads
usr_1435,2025-10-04,Startup (1-10),Organic Search
usr_1436,2025-10-04,Enterprise (200+),Organic Search
usr_1437,2025-10-04,SMB (11-50),Paid Ads
usr_1438,2025-10-04,Startup (1-10),Organic Search
usr_1439,2025-10-04,SMB (11-50),Organic Search
usr_1440,2025-10-04,Startup (1-10),Paid Ads
usr_1441,2025-10-04,Mid-Market (51-200),Paid Ads
usr_1442,2025-10-04,Startup (1-10),Organic Search
usr_1443,2025-10-04,SMB (11-50),Product-Led Referral
usr_1444,2025-10-05,Startup (1-10),Product-Led Referral
usr_1445,2025-10-05,Startup (1-10),Organic Search
usr_1446,2025-10-05,Mid-Market (51-200),Product-Led Referral
usr_1447,2025-10-05,Mid-Market (51-200),Product-Led Referral
usr_1448,2025-10-05,Startup (1-10),Product-Led Referral
usr_1449,2025-10-05,Startup (1-10),Paid Ads
usr_1450,2025-10-05,Mid-Market (51-200),Organic Search
usr_1451,2025-10-05,Mid-Market (51-200),Product-Led Referral
usr_1452,2025-10-05,Startup (1-10),Paid Ads
usr_1453,2025-10-05,Startup (1-10),Direct
usr_1454,2025-10-05,Startup (1-10),Direct
usr_1455,2025-10-05,Mid-Market (51-200),Paid Ads
usr_1456,2025-10-05,Startup (1-10),Organic Search
usr_1457,2025-10-05,Startup (1-10),Organic Search
usr_1458,2025-10-05,SMB (11-50),Organic Search
usr_1459,2025-10-05,Startup (1-10),Paid Ads
usr_1460,2025-10-06,Startup (1-10),Organic Search
usr_1461,2025-10-06,Startup (1-10),Paid Ads
usr_1462,2025-10-06,Startup (1-10),Organic Search
usr_1463,2025-10-06,Startup (1-10),Social
usr_1464,2025-10-06,SMB (11-50),Organic Search
usr_1465,2025-10-06,Startup (1-10),Direct
usr_1466,2025-10-06,SMB (11-50),Direct
usr_1467,2025-10-06,Mid-Market (51-200),Paid Ads
usr_1468,2025-10-06,SMB (11-50),Product-Led Referral
usr_1469,2025-10-06,Startup (1-10),Paid Ads
usr_1470,2025-10-06,Startup (1-10),Product-Led Referral
usr_1471,2025-10-06,Startup (1-10),Organic Search
usr_1472,2025-10-07,Startup (1-10),Organic Search
usr_1473,2025-10-07,Startup (1-10),Paid Ads
usr_1474,2025-10-07,SMB (11-50),Paid Ads
usr_1475,2025-10-07,Startup (1-10),Paid Ads
usr_1476,2025-10-07,Startup (1-10),Organic Search
usr_1477,2025-10-07,Startup (1-10),Paid Ads
usr_1478,2025-10-07,SMB (11-50),Organic Search
usr_1479,2025-10-07,Startup (1-10),Organic Search
usr_1480,2025-10-07,SMB (11-50),Organic Search
usr_1481,2025-10-07,Startup (1-10),Organic Search
usr_1482,2025-10-07,Mid-Market (51-200),Organic Search
usr_1483,2025-10-07,Mid-Market (51-200),Direct
usr_1484,2025-10-08,Startup (1-10),Organic Search
usr_1485,2025-10-08,Startup (1-10),Product-Led Referral
usr_1486,2025-10-08,Startup (1-10),Organic Search
usr_1487,2025-10-08,Startup (1-10),Direct
usr_1488,2025-10-08,SMB (11-50),Paid Ads
usr_1489,2025-10-08,Mid-Market (51-200),Organic Search
usr_1490,2025-10-08,SMB (11-50),Paid Ads
usr_1491,2025-10-08,Mid-Market (51-200),Paid Ads
usr_1492,2025-10-08,Startup (1-10),Paid Ads
usr_1493,2025-10-08,Startup (1-10),Organic Search
usr_1494,2025-10-08,SMB (11-50),Social
usr_1495,2025-10-08,Startup (1-10),Paid Ads
usr_1496,2025-10-08,SMB (11-50),Organic Search
usr_1497,2025-10-08,Startup (1-10),Product-Led Referral
usr_1498,2025-10-08,Startup (1-10),Paid Ads
usr_1499,2025-10-09,Enterprise (200+),Direct
usr_1500,2025-10-09,Startup (1-10),Paid Ads
usr_1501,2025-10-09,Enterprise (200+),Product-Led Referral
usr_1502,2025-10-09,Enterprise (200+),Organic Search
usr_1503,2025-10-09,SMB (11-50),Direct
usr_1504,2025-10-09,SMB (11-50),Product-Led Referral
usr_1505,2025-10-09,SMB (11-50),Organic Search
usr_1506,2025-10-09,Mid-Market (51-200),Organic Search
usr_1507,2025-10-09,Startup (1-10),Organic Search
usr_1508,2025-10-09,Startup (1-10),Social
usr_1509,2025-10-09,SMB (11-50),Organic Search
usr_1510,2025-10-09,Startup (1-10),Paid Ads
usr_1511,2025-10-09,Startup (1-10),Organic Search
usr_1512,2025-10-09,Startup (1-10),Paid Ads
usr_1513,2025-10-09,SMB (11-50),Paid Ads
usr_1514,2025-10-09,Mid-Market (51-200),Social
usr_1515,2025-10-09,Startup (1-10),Paid Ads
usr_1516,2025-10-09,Mid-Market (51-200),Direct
usr_1517,2025-10-09,SMB (11-50),Paid Ads
usr_1518,2025-10-09,Mid-Market (51-200),Organic Search
usr_1519,2025-10-09,SMB (11-50),Organic Search
usr_1520,2025-10-09,SMB (11-50),Paid Ads
usr_1521,2025-10-09,Startup (1-10),Social
usr_1522,2025-10-10,Mid-Market (51-200),Direct
usr_1523,2025-10-10,Startup (1-10),Organic Search
usr_1524,2025-10-10,Mid-Market (51-200),Organic Search
usr_1525,2025-10-10,Enterprise (200+),Organic Search
usr_1526,2025-10-10,Startup (1-10),Direct
usr_1527,2025-10-10,Startup (1-10),Direct
usr_1528,2025-10-10,SMB (11-50),Product-Led Referral
usr_1529,2025-10-10,Startup (1-10),Paid Ads
usr_1530,2025-10-10,Mid-Market (51-200),Paid Ads
usr_1531,2025-10-10,Startup (1-10),Paid Ads
usr_1532,2025-10-10,Startup (1-10),Organic Search
usr_1533,2025-10-10,Enterprise (200+),Paid Ads
usr_1534,2025-10-10,SMB (11-50),Organic Search
usr_1535,2025-10-11,Mid-Market (51-200),Organic Search
usr_1536,2025-10-11,Startup (1-10),Direct
usr_1537,2025-10-11,SMB (11-50),Product-Led Referral
usr_1538,2025-10-11,SMB (11-50),Paid Ads
usr_1539,2025-10-11,SMB (11-50),Paid Ads
usr_1540,2025-10-11,SMB (11-50),Paid Ads
usr_1541,2025-10-11,SMB (11-50),Product-Led Referral
usr_1542,2025-10-11,Startup (1-10),Product-Led Referral
usr_1543,2025-10-11,Startup (1-10),Product-Led Referral
usr_1544,2025-10-11,SMB (11-50),Product-Led Referral
usr_1545,2025-10-11,Startup (1-10),Organic Search
usr_1546,2025-10-11,SMB (11-50),Organic Search
usr_1547,2025-10-11,Startup (1-10),Paid Ads
usr_1548,2025-10-11,SMB (11-50),Organic Search
usr_1549,2025-10-11,SMB (11-50),Product-Led Referral
usr_1550,2025-10-11,Startup (1-10),Organic Search
usr_1551,2025-10-11,Startup (1-10),Organic Search
usr_1552,2025-10-11,Startup (1-10),Paid Ads
usr_1553,2025-10-12,SMB (11-50),Social
usr_1554,2025-10-12,Mid-Market (51-200),Organic Search
usr_1555,2025-10-12,Startup (1-10),Product-Led Referral
usr_1556,2025-10-12,SMB (11-50),Paid Ads
usr_1557,2025-10-12,Startup (1-10),Organic Search
usr_1558,2025-10-12,Startup (1-10),Paid Ads
usr_1559,2025-10-12,Mid-Market (51-200),Product-Led Referral
usr_1560,2025-10-12,Startup (1-10),Paid Ads
usr_1561,2025-10-12,Startup (1-10),Direct
usr_1562,2025-10-12,Startup (1-10),Organic Search
usr_1563,2025-10-12,Startup (1-10),Organic Search
usr_1564,2025-10-12,Startup (1-10),Direct
usr_1565,2025-10-12,Startup (1-10),Paid Ads
usr_1566,2025-10-12,SMB (11-50),Paid Ads
usr_1567,2025-10-12,Startup (1-10),Product-Led Referral
usr_1568,2025-10-13,SMB (11-50),Organic Search
usr_1569,2025-10-13,Startup (1-10),Product-Led Referral
usr_1570,2025-10-13,Startup (1-10),Organic Search
usr_1571,2025-10-13,SMB (11-50),Organic Search
usr_1572,2025-10-13,Enterprise (200+),Organic Search
usr_1573,2025-10-13,Startup (1-10),Direct
usr_1574,2025-10-13,Mid-Market (51-200),Organic Search
usr_1575,2025-10-13,SMB (11-50),Product-Led Referral
usr_1576,2025-10-13,SMB (11-50),Direct
usr_1577,2025-10-13,SMB (11-50),Paid Ads
usr_1578,2025-10-13,Startup (1-10),Paid Ads
usr_1579,2025-10-13,Startup (1-10),Paid Ads
usr_1580,2025-10-14,SMB (11-50),Organic Search
usr_1581,2025-10-14,Startup (1-10),Paid Ads
usr_1582,2025-10-14,Mid-Market (51-200),Product-Led Referral
usr_1583,2025-10-14,Startup (1-10),Social
usr_1584,2025-10-14,Startup (1-10),Direct
usr_1585,2025-10-14,SMB (11-50),Direct
usr_1586,2025-10-14,Startup (1-10),Direct
usr_1587,2025-10-14,SMB (11-50),Paid Ads
usr_1588,2025-10-14,SMB (11-50),Product-Led Referral
usr_1589,2025-10-14,Mid-Market (51-200),Direct
usr_1590,2025-10-14,SMB (11-50),Paid Ads
usr_1591,2025-10-14,SMB (11-50),Social
usr_1592,2025-10-15,SMB (11-50),Paid Ads
usr_1593,2025-10-15,Mid-Market (51-200),Product-Led Referral
usr_1594,2025-10-15,Startup (1-10),Product-Led Referral
usr_1595,2025-10-15,Startup (1-10),Social
usr_1596,2025-10-15,Startup (1-10),Organic Search
usr_1597,2025-10-15,Startup (1-10),Product-Led Referral
usr_1598,2025-10-15,SMB (11-50),Paid Ads
usr_1599,2025-10-15,SMB (11-50),Organic Search
usr_1600,2025-10-15,SMB (11-50),Product-Led Referral
usr_1601,2025-10-15,Startup (1-10),Paid Ads
usr_1602,2025-10-16,SMB (11-50),Product-Led Referral
usr_1603,2025-10-16,Startup (1-10),Organic Search
usr_1604,2025-10-16,SMB (11-50),Paid Ads
usr_1605,2025-10-16,SMB (11-50),Product-Led Referral
usr_1606,2025-10-16,Startup (1-10),Paid Ads
usr_1607,2025-10-16,Startup (1-10),Organic Search
usr_1608,2025-10-16,Startup (1-10),Social
usr_1609,2025-10-16,Mid-Market (51-200),Paid Ads
usr_1610,2025-10-16,Mid-Market (51-200),Product-Led Referral
usr_1611,2025-10-16,SMB (11-50),Paid Ads
usr_1612,2025-10-16,Startup (1-10),Paid Ads
usr_1613,2025-10-16,Startup (1-10),Paid Ads
usr_1614,2025-10-16,SMB (11-50),Paid Ads
usr_1615,2025-10-16,SMB (11-50),Paid Ads
usr_1616,2025-10-16,Startup (1-10),Paid Ads
usr_1617,2025-10-17,Startup (1-10),Paid Ads
usr_1618,2025-10-17,SMB (11-50),Organic Search
usr_1619,2025-10-17,Startup (1-10),Paid Ads
usr_1620,2025-10-17,Startup (1-10),Organic Search
usr_1621,2025-10-17,Startup (1-10),Organic Search
usr_1622,2025-10-17,SMB (11-50),Direct
usr_1623,2025-10-17,Mid-Market (51-200),Product-Led Referral
usr_1624,2025-10-17,Enterprise (200+),Product-Led Referral
usr_1625,2025-10-17,SMB (11-50),Paid Ads
usr_1626,2025-10-17,SMB (11-50),Direct
usr_1627,2025-10-17,Startup (1-10),Product-Led Referral
usr_1628,2025-10-17,SMB (11-50),Product-Led Referral
usr_1629,2025-10-17,Startup (1-10),Paid Ads
usr_1630,2025-10-17,SMB (11-50),Social
usr_1631,2025-10-17,Startup (1-10),Direct
usr_1632,2025-10-17,Startup (1-10),Direct
usr_1633,2025-10-17,Startup (1-10),Organic Search
usr_1634,2025-10-17,Startup (1-10),Organic Search
usr_1635,2025-10-17,Startup (1-10),Organic Search
usr_1636,2025-10-17,Startup (1-10),Organic Search
usr_1637,2025-10-17,Enterprise (200+),Direct
usr_1638,2025-10-18,Startup (1-10),Organic Search
usr_1639,2025-10-18,SMB (11-50),Organic Search
usr_1640,2025-10-18,Mid-Market (51-200),Organic Search
usr_1641,2025-10-18,Enterprise (200+),Organic Search
usr_1642,2025-10-18,SMB (11-50),Organic Search
usr_1643,2025-10-18,Mid-Market (51-200),Product-Led Referral
usr_1644,2025-10-18,Startup (1-10),Paid Ads
usr_1645,2025-10-18,Startup (1-10),Organic Search
usr_1646,2025-10-18,Startup (1-10),Paid Ads
usr_1647,2025-10-18,SMB (11-50),Paid Ads
usr_1648,2025-10-18,SMB (11-50),Organic Search
usr_1649,2025-10-18,Startup (1-10),Product-Led Referral
usr_1650,2025-10-18,Startup (1-10),Product-Led Referral
usr_1651,2025-10-18,SMB (11-50),Product-Led Referral
usr_1652,2025-10-19,Startup (1-10),Product-Led Referral
usr_1653,2025-10-19,SMB (11-50),Organic Search
usr_1654,2025-10-19,SMB (11-50),Social
usr_1655,2025-10-19,SMB (11-50),Direct
usr_1656,2025-10-19,SMB (11-50),Direct
usr_1657,2025-10-19,Mid-Market (51-200),Organic Search
usr_1658,2025-10-19,Startup (1-10),Direct
usr_1659,2025-10-19,SMB (11-50),Direct
usr_1660,2025-10-19,SMB (11-50),Direct
usr_1661,2025-10-19,Startup (1-10),Organic Search
usr_1662,2025-10-19,Startup (1-10),Product-Led Referral
usr_1663,2025-10-19,Startup (1-10),Social
usr_1664,2025-10-19,Startup (1-10),Product-Led Referral
usr_1665,2025-10-19,SMB (11-50),Paid Ads
usr_1666,2025-10-19,Mid-Market (51-200),Direct
usr_1667,2025-10-19,Startup (1-10),Paid Ads
usr_1668,2025-10-19,Startup (1-10),Paid Ads
usr_1669,2025-10-19,Enterprise (200+),Paid Ads
usr_1670,2025-10-19,Startup (1-10),Direct
usr_1671,2025-10-20,Startup (1-10),Organic Search
usr_1672,2025-10-20,SMB (11-50),Paid Ads
usr_1673,2025-10-20,SMB (11-50),Product-Led Referral
usr_1674,2025-10-20,Startup (1-10),Product-Led Referral
usr_1675,2025-10-20,Startup (1-10),Paid Ads
usr_1676,2025-10-20,Startup (1-10),Direct
usr_1677,2025-10-20,SMB (11-50),Direct
usr_1678,2025-10-20,SMB (11-50),Organic Search
usr_1679,2025-10-20,Startup (1-10),Paid Ads
usr_1680,2025-10-20,SMB (11-50),Organic Search
usr_1681,2025-10-20,Mid-Market (51-200),Organic Search
usr_1682,2025-10-20,Startup (1-10),Paid Ads
usr_1683,2025-10-21,Startup (1-10),Direct
usr_1684,2025-10-21,SMB (11-50),Direct
usr_1685,2025-10-21,Startup (1-10),Organic Search
usr_1686,2025-10-21,Startup (1-10),Organic Search
usr_1687,2025-10-21,SMB (11-50),Paid Ads
usr_1688,2025-10-21,Mid-Market (51-200),Paid Ads
usr_1689,2025-10-21,Mid-Market (51-200),Organic Search
usr_1690,2025-10-21,SMB (11-50),Direct
usr_1691,2025-10-21,SMB (11-50),Direct
usr_1692,2025-10-21,Startup (1-10),Paid Ads
usr_1693,2025-10-21,SMB (11-50),Direct
usr_1694,2025-10-21,Startup (1-10),Paid Ads
usr_1695,2025-10-21,Startup (1-10),Product-Led Referral
usr_1696,2025-10-21,SMB (11-50),Paid Ads
usr_1697,2025-10-21,SMB (11-50),Organic Search
usr_1698,2025-10-21,Startup (1-10),Direct
usr_1699,2025-10-22,Mid-Market (51-200),Paid Ads
usr_1700,2025-10-22,Startup (1-10),Product-Led Referral
usr_1701,2025-10-22,Startup (1-10),Paid Ads
usr_1702,2025-10-22,Startup (1-10),Organic Search
usr_1703,2025-10-22,SMB (11-50),Organic Search
usr_1704,2025-10-22,SMB (11-50),Paid Ads
usr_1705,2025-10-22,Startup (1-10),Product-Led Referral
usr_1706,2025-10-22,SMB (11-50),Organic Search
usr_1707,2025-10-22,Startup (1-10),Product-Led Referral
usr_1708,2025-10-22,SMB (11-50),Product-Led Referral
usr_1709,2025-10-23,Startup (1-10),Product-Led Referral
usr_1710,2025-10-23,Startup (1-10),Paid Ads
usr_1711,2025-10-23,Mid-Market (51-200),Direct
usr_1712,2025-10-23,Startup (1-10),Paid Ads
usr_1713,2025-10-23,Startup (1-10),Paid Ads
usr_1714,2025-10-23,SMB (11-50),Organic Search
usr_1715,2025-10-23,Enterprise (200+),Organic Search
usr_1716,2025-10-23,Startup (1-10),Organic Search
usr_1717,2025-10-23,Startup (1-10),Product-Led Referral
usr_1718,2025-10-23,Startup (1-10),Organic Search
usr_1719,2025-10-23,SMB (11-50),Organic Search
usr_1720,2025-10-23,Startup (1-10),Product-Led Referral
usr_1721,2025-10-23,SMB (11-50),Organic Search
usr_1722,2025-10-23,Enterprise (200+),Organic Search
usr_1723,2025-10-23,Startup (1-10),Organic Search
usr_1724,2025-10-24,Startup (1-10),Product-Led Referral
usr_1725,2025-10-24,Startup (1-10),Organic Search
usr_1726,2025-10-24,Startup (1-10),Paid Ads
usr_1727,2025-10-24,Mid-Market (51-200),Paid Ads
usr_1728,2025-10-24,Startup (1-10),Product-Led Referral
usr_1729,2025-10-24,Startup (1-10),Product-Led Referral
usr_1730,2025-10-24,SMB (11-50),Direct
usr_1731,2025-10-24,Startup (1-10),Organic Search
usr_1732,2025-10-24,SMB (11-50),Organic Search
usr_1733,2025-10-24,Startup (1-10),Organic Search
usr_1734,2025-10-24,Mid-Market (51-200),Organic Search
usr_1735,2025-10-24,Mid-Market (51-200),Organic Search
usr_1736,2025-10-24,SMB (11-50),Organic Search
usr_1737,2025-10-24,Enterprise (200+),Paid Ads
usr_1738,2025-10-24,Startup (1-10),Product-Led Referral
usr_1739,2025-10-24,Startup (1-10),Paid Ads
usr_1740,2025-10-24,SMB (11-50),Product-Led Referral
usr_1741,2025-10-25,SMB (11-50),Organic Search
usr_1742,2025-10-25,Startup (1-10),Organic Search
usr_1743,2025-10-25,Startup (1-10),Paid Ads
usr_1744,2025-10-25,Startup (1-10),Organic Search
usr_1745,2025-10-25,Startup (1-10),Organic Search
usr_1746,2025-10-25,Startup (1-10),Paid Ads
usr_1747,2025-10-25,SMB (11-50),Direct
usr_1748,2025-10-25,Startup (1-10),Product-Led Referral
usr_1749,2025-10-25,Startup (1-10),Organic Search
usr_1750,2025-10-25,SMB (11-50),Direct
usr_1751,2025-10-25,SMB (11-50),Product-Led Referral
usr_1752,2025-10-25,Mid-Market (51-200),Product-Led Referral
usr_1753,2025-10-25,SMB (11-50),Direct
usr_1754,2025-10-25,Startup (1-10),Paid Ads
usr_1755,2025-10-26,Mid-Market (51-200),Organic Search
usr_1756,2025-10-26,SMB (11-50),Paid Ads
usr_1757,2025-10-26,Startup (1-10),Paid Ads
usr_1758,2025-10-26,SMB (11-50),Paid Ads
usr_1759,2025-10-26,Mid-Market (51-200),Paid Ads
usr_1760,2025-10-26,Startup (1-10),Direct
usr_1761,2025-10-26,Startup (1-10),Direct
usr_1762,2025-10-26,Startup (1-10),Direct
usr_1763,2025-10-26,Startup (1-10),Direct
usr_1764,2025-10-27,Startup (1-10),Direct
usr_1765,2025-10-27,SMB (11-50),Organic Search
usr_1766,2025-10-27,Startup (1-10),Organic Search
usr_1767,2025-10-27,Mid-Market (51-200),Paid Ads
usr_1768,2025-10-27,SMB (11-50),Direct
usr_1769,2025-10-27,SMB (11-50),Paid Ads
usr_1770,2025-10-27,Mid-Market (51-200),Product-Led Referral
usr_1771,2025-10-27,Startup (1-10),Organic Search
usr_1772,2025-10-27,Startup (1-10),Organic Search
usr_1773,2025-10-27,SMB (11-50),Product-Led Referral
usr_1774,2025-10-28,Mid-Market (51-200),Organic Search
usr_1775,2025-10-28,SMB (11-50),Paid Ads
usr_1776,2025-10-28,Startup (1-10),Organic Search
usr_1777,2025-10-28,Mid-Market (51-200),Organic Search
usr_1778,2025-10-28,Startup (1-10),Product-Led Referral
usr_1779,2025-10-28,Mid-Market (51-200),Paid Ads
usr_1780,2025-10-28,Enterprise (200+),Paid Ads
usr_1781,2025-10-28,Startup (1-10),Organic Search
usr_1782,2025-10-28,SMB (11-50),Direct
usr_1783,2025-10-28,Startup (1-10),Paid Ads
usr_1784,2025-10-28,Startup (1-10),Product-Led Referral
usr_1785,2025-10-28,SMB (11-50),Product-Led Referral
usr_1786,2025-10-28,SMB (11-50),Organic Search
usr_1787,2025-10-28,Mid-Market (51-200),Direct
usr_1788,2025-10-29,SMB (11-50),Product-Led Referral
usr_1789,2025-10-29,Startup (1-10),Paid Ads
usr_1790,2025-10-29,Mid-Market (51-200),Organic Search
usr_1791,2025-10-29,Enterprise (200+),Direct
usr_1792,2025-10-29,Startup (1-10),Product-Led Referral
usr_1793,2025-10-29,Enterprise (200+),Organic Search
usr_1794,2025-10-29,Startup (1-10),Organic Search
usr_1795,2025-10-29,Mid-Market (51-200),Direct
usr_1796,2025-10-29,Startup (1-10),Product-Led Referral
usr_1797,2025-10-29,Startup (1-10),Product-Led Referral
usr_1798,2025-10-29,Startup (1-10),Paid Ads
usr_1799,2025-10-29,SMB (11-50),Product-Led Referral
usr_1800,2025-10-29,Startup (1-10),Paid Ads
usr_1801,2025-10-29,Startup (1-10),Organic Search
usr_1802,2025-10-29,SMB (11-50),Product-Led Referral
usr_1803,2025-10-29,Mid-Market (51-200),Social
usr_1804,2025-10-29,Startup (1-10),Organic Search
usr_1805,2025-10-29,Startup (1-10),Paid Ads
usr_1806,2025-10-29,Startup (1-10),Product-Led Referral
usr_1807,2025-10-29,Startup (1-10),Paid Ads
usr_1808,2025-10-29,Mid-Market (51-200),Direct
usr_1809,2025-10-29,Mid-Market (51-200),Product-Led Referral
usr_1810,2025-10-29,SMB (11-50),Organic Search
usr_1811,2025-10-29,Startup (1-10),Social
usr_1812,2025-10-30,SMB (11-50),Product-Led Referral
usr_1813,2025-10-30,SMB (11-50),Direct
usr_1814,2025-10-30,Mid-Market (51-200),Product-Led Referral
usr_1815,2025-10-30,SMB (11-50),Direct
usr_1816,2025-10-30,SMB (11-50),Organic Search
usr_1817,2025-10-30,SMB (11-50),Organic Search
usr_1818,2025-10-30,Startup (1-10),Direct
usr_1819,2025-10-30,Enterprise (200+),Organic Search
usr_1820,2025-10-30,SMB (11-50),Organic Search
usr_1821,2025-10-30,SMB (11-50),Product-Led Referral
usr_1822,2025-10-30,Startup (1-10),Direct
usr_1823,2025-10-31,SMB (11-50),Organic Search
usr_1824,2025-10-31,SMB (11-50),Direct
usr_1825,2025-10-31,Startup (1-10),Product-Led Referral
usr_1826,2025-10-31,Startup (1-10),Paid Ads
usr_1827,2025-10-31,SMB (11-50),Direct
usr_1828,2025-10-31,SMB (11-50),Paid Ads
usr_1829,2025-10-31,SMB (11-50),Organic Search
usr_1830,2025-10-31,Startup (1-10),Organic Search
usr_1831,2025-10-31,SMB (11-50),Paid Ads
usr_1832,2025-10-31,Startup (1-10),Paid Ads
usr_1833,2025-10-31,Startup (1-10),Direct
usr_1834,2025-10-31,Startup (1-10),Product-Led Referral
usr_1835,2025-10-31,Startup (1-10),Paid Ads
usr_1836,2025-10-31,Startup (1-10),Product-Led Referral
usr_1837,2025-10-31,Startup (1-10),Organic Search
usr_1838,2025-10-31,Startup (1-10),Organic Search
usr_1839,2025-10-31,Startup (1-10),Direct
usr_1840,2025-10-31,SMB (11-50),Organic Search
usr_1841,2025-11-01,Startup (1-10),Organic Search
usr_1842,2025-11-01,Startup (1-10),Product-Led Referral
usr_1843,2025-11-01,Mid-Market (51-200),Paid Ads
usr_1844,2025-11-01,Startup (1-10),Direct
usr_1845,2025-11-01,SMB (11-50),Organic Search
usr_1846,2025-11-01,Startup (1-10),Organic Search
usr_1847,2025-11-01,Startup (1-10),Organic Search
usr_1848,2025-11-01,SMB (11-50),Paid Ads
usr_1849,2025-11-01,SMB (11-50),Paid Ads
usr_1850,2025-11-01,Mid-Market (51-200),Paid Ads
usr_1851,2025-11-01,SMB (11-50),Direct
usr_1852,2025-11-01,Enterprise (200+),Direct
usr_1853,2025-11-01,Startup (1-10),Organic Search
usr_1854,2025-11-01,Startup (1-10),Paid Ads
usr_1855,2025-11-01,Startup (1-10),Paid Ads
usr_1856,2025-11-01,Startup (1-10),Direct
usr_1857,2025-11-01,SMB (11-50),Social
usr_1858,2025-11-01,SMB (11-50),Organic Search
usr_1859,2025-11-02,Startup (1-10),Product-Led Referral
usr_1860,2025-11-02,Mid-Market (51-200),Paid Ads
usr_1861,2025-11-02,Mid-Market (51-200),Organic Search
usr_1862,2025-11-02,Startup (1-10),Organic Search
usr_1863,2025-11-02,Startup (1-10),Paid Ads
usr_1864,2025-11-02,Startup (1-10),Paid Ads
usr_1865,2025-11-02,Startup (1-10),Organic Search
usr_1866,2025-11-02,Startup (1-10),Product-Led Referral
usr_1867,2025-11-02,SMB (11-50),Organic Search
usr_1868,2025-11-02,Startup (1-10),Paid Ads
usr_1869,2025-11-02,Startup (1-10),Organic Search
usr_1870,2025-11-02,Enterprise (200+),Organic Search
usr_1871,2025-11-02,SMB (11-50),Paid Ads
usr_1872,2025-11-02,Mid-Market (51-200),Organic Search
usr_1873,2025-11-02,Startup (1-10),Paid Ads
usr_1874,2025-11-02,Startup (1-10),Organic Search
usr_1875,2025-11-02,SMB (11-50),Paid Ads
usr_1876,2025-11-02,Startup (1-10),Organic Search
usr_1877,2025-11-02,Startup (1-10),Product-Led Referral
usr_1878,2025-11-03,SMB (11-50),Product-Led Referral
usr_1879,2025-11-03,SMB (11-50),Organic Search
usr_1880,2025-11-03,Startup (1-10),Paid Ads
usr_1881,2025-11-03,Startup (1-10),Organic Search
usr_1882,2025-11-03,Startup (1-10),Paid Ads
usr_1883,2025-11-03,Startup (1-10),Organic Search
usr_1884,2025-11-03,Startup (1-10),Paid Ads
usr_1885,2025-11-03,Startup (1-10),Paid Ads
usr_1886,2025-11-03,Startup (1-10),Direct
usr_1887,2025-11-04,Enterprise (200+),Paid Ads
usr_1888,2025-11-04,SMB (11-50),Paid Ads
usr_1889,2025-11-04,SMB (11-50),Paid Ads
usr_1890,2025-11-04,Startup (1-10),Direct
usr_1891,2025-11-04,Startup (1-10),Product-Led Referral
usr_1892,2025-11-04,Startup (1-10),Organic Search
usr_1893,2025-11-04,Startup (1-10),Direct
usr_1894,2025-11-04,Startup (1-10),Paid Ads
usr_1895,2025-11-04,SMB (11-50),Direct
usr_1896,2025-11-04,SMB (11-50),Direct
usr_1897,2025-11-04,SMB (11-50),Organic Search
usr_1898,2025-11-04,Startup (1-10),Product-Led Referral
usr_1899,2025-11-04,Mid-Market (51-200),Organic Search
usr_1900,2025-11-05,Startup (1-10),Organic Search
usr_1901,2025-11-05,Startup (1-10),Organic Search
usr_1902,2025-11-05,Startup (1-10),Product-Led Referral
usr_1903,2025-11-05,SMB (11-50),Organic Search
usr_1904,2025-11-05,Enterprise (200+),Organic Search
usr_1905,2025-11-05,Startup (1-10),Product-Led Referral
usr_1906,2025-11-05,Mid-Market (51-200),Organic Search
usr_1907,2025-11-05,Mid-Market (51-200),Organic Search
usr_1908,2025-11-05,Startup (1-10),Organic Search
usr_1909,2025-11-05,Startup (1-10),Paid Ads
usr_1910,2025-11-05,Startup (1-10),Paid Ads
usr_1911,2025-11-06,Enterprise (200+),Organic Search
usr_1912,2025-11-06,Startup (1-10),Social
usr_1913,2025-11-06,SMB (11-50),Product-Led Referral
usr_1914,2025-11-06,Startup (1-10),Organic Search
usr_1915,2025-11-06,SMB (11-50),Organic Search
usr_1916,2025-11-06,Startup (1-10),Paid Ads
usr_1917,2025-11-06,SMB (11-50),Product-Led Referral
usr_1918,2025-11-06,Mid-Market (51-200),Organic Search
usr_1919,2025-11-06,Mid-Market (51-200),Organic Search
usr_1920,2025-11-07,Mid-Market (51-200),Direct
usr_1921,2025-11-07,Startup (1-10),Organic Search
usr_1922,2025-11-07,SMB (11-50),Paid Ads
usr_1923,2025-11-07,Startup (1-10),Direct
usr_1924,2025-11-07,Startup (1-10),Product-Led Referral
usr_1925,2025-11-07,SMB (11-50),Organic Search
usr_1926,2025-11-07,Startup (1-10),Product-Led Referral
usr_1927,2025-11-07,SMB (11-50),Organic Search
usr_1928,2025-11-07,Enterprise (200+),Product-Led Referral
usr_1929,2025-11-07,Startup (1-10),Paid Ads
usr_1930,2025-11-07,SMB (11-50),Direct
usr_1931,2025-11-07,Startup (1-10),Social
usr_1932,2025-11-07,Startup (1-10),Direct
usr_1933,2025-11-07,Startup (1-10),Direct
usr_1934,2025-11-08,Mid-Market (51-200),Paid Ads
usr_1935,2025-11-08,Mid-Market (51-200),Paid Ads
usr_1936,2025-11-08,Mid-Market (51-200),Paid Ads
usr_1937,2025-11-08,Enterprise (200+),Product-Led Referral
usr_1938,2025-11-08,Startup (1-10),Direct
usr_1939,2025-11-08,Startup (1-10),Organic Search
usr_1940,2025-11-08,SMB (11-50),Direct
usr_1941,2025-11-08,Startup (1-10),Direct
usr_1942,2025-11-08,Startup (1-10),Social
usr_1943,2025-11-08,Startup (1-10),Direct
usr_1944,2025-11-08,SMB (11-50),Organic Search
usr_1945,2025-11-08,SMB (11-50),Organic Search
usr_1946,2025-11-08,Startup (1-10),Organic Search
usr_1947,2025-11-08,Startup (1-10),Organic Search
usr_1948,2025-11-08,SMB (11-50),Product-Led Referral
usr_1949,2025-11-08,SMB (11-50),Direct
usr_1950,2025-11-08,Startup (1-10),Direct
usr_1951,2025-11-09,SMB (11-50),Product-Led Referral
usr_1952,2025-11-09,Startup (1-10),Organic Search
usr_1953,2025-11-09,Startup (1-10),Organic Search
usr_1954,2025-11-09,SMB (11-50),Organic Search
usr_1955,2025-11-09,SMB (11-50),Paid Ads
usr_1956,2025-11-09,Startup (1-10),Paid Ads
usr_1957,2025-11-09,SMB (11-50),Organic Search
usr_1958,2025-11-09,SMB (11-50),Organic Search
usr_1959,2025-11-09,SMB (11-50),Organic Search
usr_1960,2025-11-09,SMB (11-50),Product-Led Referral
usr_1961,2025-11-09,SMB (11-50),Paid Ads
usr_1962,2025-11-09,Startup (1-10),Paid Ads
usr_1963,2025-11-10,Startup (1-10),Paid Ads
usr_1964,2025-11-10,Startup (1-10),Social
usr_1965,2025-11-10,Startup (1-10),Organic Search
usr_1966,2025-11-10,SMB (11-50),Paid Ads
usr_1967,2025-11-10,SMB (11-50),Product-Led Referral
usr_1968,2025-11-10,Startup (1-10),Paid Ads
usr_1969,2025-11-11,Startup (1-10),Direct
usr_1970,2025-11-11,Startup (1-10),Paid Ads
usr_1971,2025-11-11,Startup (1-10),Paid Ads
usr_1972,2025-11-11,SMB (11-50),Organic Search
usr_1973,2025-11-11,Startup (1-10),Product-Led Referral
usr_1974,2025-11-11,SMB (11-50),Organic Search
usr_1975,2025-11-11,Mid-Market (51-200),Organic Search
usr_1976,2025-11-11,Startup (1-10),Paid Ads
usr_1977,2025-11-11,Startup (1-10),Paid Ads
usr_1978,2025-11-11,Startup (1-10),Organic Search
usr_1979,2025-11-11,SMB (11-50),Product-Led Referral
usr_1980,2025-11-11,SMB (11-50),Product-Led Referral
usr_1981,2025-11-11,Startup (1-10),Organic Search
usr_1982,2025-11-11,SMB (11-50),Paid Ads
usr_1983,2025-11-12,Mid-Market (51-200),Product-Led Referral
usr_1984,2025-11-12,Startup (1-10),Paid Ads
usr_1985,2025-11-12,Startup (1-10),Paid Ads
usr_1986,2025-11-12,Mid-Market (51-200),Organic Search
usr_1987,2025-11-12,SMB (11-50),Product-Led Referral
usr_1988,2025-11-12,Mid-Market (51-200),Direct
usr_1989,2025-11-12,SMB (11-50),Product-Led Referral
usr_1990,2025-11-12,Mid-Market (51-200),Organic Search
usr_1991,2025-11-12,Startup (1-10),Paid Ads
usr_1992,2025-11-12,SMB (11-50),Direct
usr_1993,2025-11-12,Mid-Market (51-200),Organic Search
usr_1994,2025-11-12,SMB (11-50),Social
usr_1995,2025-11-12,Startup (1-10),Direct
usr_1996,2025-11-12,Startup (1-10),Organic Search
usr_1997,2025-11-12,Startup (1-10),Direct
usr_1998,2025-11-12,Startup (1-10),Paid Ads
usr_1999,2025-11-12,Startup (1-10),Direct
usr_2000,2025-11-13,SMB (11-50),Paid Ads
usr_2001,2025-11-13,SMB (11-50),Paid Ads
usr_2002,2025-11-13,Startup (1-10),Product-Led Referral
usr_2003,2025-11-13,SMB (11-50),Product-Led Referral
usr_2004,2025-11-13,Startup (1-10),Organic Search
usr_2005,2025-11-13,Startup (1-10),Paid Ads
usr_2006,2025-11-13,Startup (1-10),Organic Search
usr_2007,2025-11-13,SMB (11-50),Organic Search
usr_2008,2025-11-13,Startup (1-10),Organic Search
usr_2009,2025-11-13,Startup (1-10),Paid Ads
usr_2010,2025-11-13,Startup (1-10),Organic Search
usr_2011,2025-11-14,Mid-Market (51-200),Organic Search
usr_2012,2025-11-14,Startup (1-10),Organic Search
usr_2013,2025-11-14,SMB (11-50),Organic Search
usr_2014,2025-11-14,SMB (11-50),Paid Ads
usr_2015,2025-11-14,SMB (11-50),Social
usr_2016,2025-11-14,Mid-Market (51-200),Organic Search
usr_2017,2025-11-14,Startup (1-10),Direct
usr_2018,2025-11-14,Startup (1-10),Product-Led Referral
usr_2019,2025-11-14,Mid-Market (51-200),Product-Led Referral
usr_2020,2025-11-14,Startup (1-10),Product-Led Referral
usr_2021,2025-11-14,SMB (11-50),Direct
usr_2022,2025-11-14,SMB (11-50),Organic Search
usr_2023,2025-11-14,SMB (11-50),Paid Ads
usr_2024,2025-11-14,Mid-Market (51-200),Product-Led Referral
usr_2025,2025-11-14,Enterprise (200+),Paid Ads
usr_2026,2025-11-14,SMB (11-50),Direct
usr_2027,2025-11-14,Startup (1-10),Organic Search
usr_2028,2025-11-15,Mid-Market (51-200),Product-Led Referral
usr_2029,2025-11-15,Startup (1-10),Paid Ads
usr_2030,2025-11-15,Startup (1-10),Paid Ads
usr_2031,2025-11-15,Mid-Market (51-200),Organic Search
usr_2032,2025-11-15,Startup (1-10),Product-Led Referral
usr_2033,2025-11-15,Startup (1-10),Direct
usr_2034,2025-11-15,Startup (1-10),Paid Ads
usr_2035,2025-11-15,Mid-Market (51-200),Direct
usr_2036,2025-11-15,SMB (11-50),Paid Ads
usr_2037,2025-11-15,SMB (11-50),Organic Search
usr_2038,2025-11-15,Startup (1-10),Organic Search
usr_2039,2025-11-15,SMB (11-50),Organic Search
usr_2040,2025-11-15,SMB (11-50),Paid Ads
usr_2041,2025-11-15,Startup (1-10),Organic Search
usr_2042,2025-11-15,Startup (1-10),Product-Led Referral
usr_2043,2025-11-15,Startup (1-10),Product-Led Referral
usr_2044,2025-11-16,Enterprise (200+),Organic Search
usr_2045,2025-11-16,SMB (11-50),Organic Search
usr_2046,2025-11-16,Mid-Market (51-200),Organic Search
usr_2047,2025-11-16,Startup (1-10),Paid Ads
usr_2048,2025-11-16,SMB (11-50),Organic Search
usr_2049,2025-11-16,SMB (11-50),Organic Search
usr_2050,2025-11-16,SMB (11-50),Direct
usr_2051,2025-11-16,Enterprise (200+),Direct
usr_2052,2025-11-17,Startup (1-10),Organic Search
usr_2053,2025-11-17,Startup (1-10),Paid Ads
usr_2054,2025-11-17,SMB (11-50),Paid Ads
usr_2055,2025-11-17,SMB (11-50),Product-Led Referral
usr_2056,2025-11-17,SMB (11-50),Paid Ads
usr_2057,2025-11-17,Startup (1-10),Organic Search
usr_2058,2025-11-17,SMB (11-50),Product-Led Referral
usr_2059,2025-11-17,Startup (1-10),Paid Ads
usr_2060,2025-11-17,Startup (1-10),Organic Search
usr_2061,2025-11-17,SMB (11-50),Paid Ads
usr_2062,2025-11-17,SMB (11-50),Paid Ads
usr_2063,2025-11-18,Startup (1-10),Organic Search
usr_2064,2025-11-18,Startup (1-10),Organic Search
usr_2065,2025-11-18,Startup (1-10),Paid Ads
usr_2066,2025-11-18,Startup (1-10),Organic Search
usr_2067,2025-11-18,SMB (11-50),Product-Led Referral
usr_2068,2025-11-18,Mid-Market (51-200),Organic Search
usr_2069,2025-11-18,Startup (1-10),Organic Search
usr_2070,2025-11-18,SMB (11-50),Product-Led Referral
usr_2071,2025-11-18,Mid-Market (51-200),Product-Led Referral
usr_2072,2025-11-18,Mid-Market (51-200),Direct
usr_2073,2025-11-18,Startup (1-10),Paid Ads
usr_2074,2025-11-19,Enterprise (200+),Organic Search
usr_2075,2025-11-19,Startup (1-10),Product-Led Referral
usr_2076,2025-11-19,Startup (1-10),Product-Led Referral
usr_2077,2025-11-19,Startup (1-10),Organic Search
usr_2078,2025-11-19,Startup (1-10),Direct
usr_2079,2025-11-19,Startup (1-10),Organic Search
usr_2080,2025-11-20,Startup (1-10),Social
usr_2081,2025-11-20,Startup (1-10),Direct
usr_2082,2025-11-20,Mid-Market (51-200),Product-Led Referral
usr_2083,2025-11-20,Mid-Market (51-200),Direct
usr_2084,2025-11-20,Startup (1-10),Product-Led Referral
usr_2085,2025-11-20,Mid-Market (51-200),Organic Search
usr_2086,2025-11-20,Mid-Market (51-200),Paid Ads
usr_2087,2025-11-20,SMB (11-50),Organic Search
usr_2088,2025-11-20,Startup (1-10),Paid Ads
usr_2089,2025-11-20,SMB (11-50),Product-Led Referral
usr_2090,2025-11-20,Mid-Market (51-200),Paid Ads
usr_2091,2025-11-20,SMB (11-50),Organic Search
usr_2092,2025-11-20,Startup (1-10),Paid Ads
usr_2093,2025-11-21,SMB (11-50),Direct
usr_2094,2025-11-21,SMB (11-50),Organic Search
usr_2095,2025-11-21,SMB (11-50),Paid Ads
usr_2096,2025-11-21,Startup (1-10),Organic Search
usr_2097,2025-11-21,Startup (1-10),Product-Led Referral
usr_2098,2025-11-21,Mid-Market (51-200),Organic Search
usr_2099,2025-11-21,Mid-Market (51-200),Product-Led Referral
usr_2100,2025-11-21,Startup (1-10),Organic Search
usr_2101,2025-11-21,Enterprise (200+),Organic Search
usr_2102,2025-11-21,Startup (1-10),Direct
usr_2103,2025-11-21,SMB (11-50),Organic Search
usr_2104,2025-11-21,SMB (11-50),Paid Ads
usr_2105,2025-11-21,Mid-Market (51-200),Organic Search
usr_2106,2025-11-21,Mid-Market (51-200),Paid Ads
usr_2107,2025-11-21,Startup (1-10),Paid Ads
usr_2108,2025-11-22,Mid-Market (51-200),Organic Search
usr_2109,2025-11-22,Startup (1-10),Organic Search
usr_2110,2025-11-22,SMB (11-50),Paid Ads
usr_2111,2025-11-22,SMB (11-50),Product-Led Referral
usr_2112,2025-11-22,SMB (11-50),Product-Led Referral
usr_2113,2025-11-22,Startup (1-10),Paid Ads
usr_2114,2025-11-22,Mid-Market (51-200),Paid Ads
usr_2115,2025-11-22,Startup (1-10),Organic Search
usr_2116,2025-11-22,Startup (1-10),Organic Search
usr_2117,2025-11-22,SMB (11-50),Organic Search
usr_2118,2025-11-23,Startup (1-10),Organic Search
usr_2119,2025-11-23,Mid-Market (51-200),Organic Search
usr_2120,2025-11-23,Startup (1-10),Paid Ads
usr_2121,2025-11-23,Startup (1-10),Paid Ads
usr_2122,2025-11-23,Mid-Market (51-200),Direct
usr_2123,2025-11-23,SMB (11-50),Organic Search
usr_2124,2025-11-23,Startup (1-10),Product-Led Referral
usr_2125,2025-11-23,SMB (11-50),Direct
usr_2126,2025-11-23,SMB (11-50),Paid Ads
usr_2127,2025-11-23,SMB (11-50),Organic Search
usr_2128,2025-11-23,Startup (1-10),Organic Search
usr_2129,2025-11-23,Mid-Market (51-200),Organic Search
usr_2130,2025-11-23,Mid-Market (51-200),Organic Search
usr_2131,2025-11-23,SMB (11-50),Product-Led Referral
usr_2132,2025-11-23,Startup (1-10),Organic Search
usr_2133,2025-11-23,Mid-Market (51-200),Organic Search
usr_2134,2025-11-23,SMB (11-50),Product-Led Referral
usr_2135,2025-11-23,SMB (11-50),Product-Led Referral
usr_2136,2025-11-23,Startup (1-10),Paid Ads
usr_2137,2025-11-23,Mid-Market (51-200),Product-Led Referral
usr_2138,2025-11-23,SMB (11-50),Paid Ads
usr_2139,2025-11-23,Startup (1-10),Organic Search
usr_2140,2025-11-24,Startup (1-10),Paid Ads
usr_2141,2025-11-24,Mid-Market (51-200),Paid Ads
usr_2142,2025-11-24,Startup (1-10),Direct
usr_2143,2025-11-24,Enterprise (200+),Organic Search
usr_2144,2025-11-24,SMB (11-50),Paid Ads
usr_2145,2025-11-24,SMB (11-50),Organic Search
usr_2146,2025-11-24,Startup (1-10),Paid Ads
usr_2147,2025-11-25,Startup (1-10),Organic Search
usr_2148,2025-11-25,Mid-Market (51-200),Organic Search
usr_2149,2025-11-25,Startup (1-10),Direct
usr_2150,2025-11-25,SMB (11-50),Paid Ads
usr_2151,2025-11-25,Startup (1-10),Paid Ads
usr_2152,2025-11-25,Startup (1-10),Organic Search
usr_2153,2025-11-25,Startup (1-10),Organic Search
usr_2154,2025-11-25,SMB (11-50),Paid Ads
usr_2155,2025-11-25,Enterprise (200+),Direct
usr_2156,2025-11-25,Startup (1-10),Social
usr_2157,2025-11-25,Startup (1-10),Paid Ads
usr_2158,2025-11-25,Startup (1-10),Paid Ads
usr_2159,2025-11-25,SMB (11-50),Direct
usr_2160,2025-11-25,Startup (1-10),Paid Ads
usr_2161,2025-11-25,Mid-Market (51-200),Paid Ads
usr_2162,2025-11-25,SMB (11-50),Organic Search
usr_2163,2025-11-25,SMB (11-50),Product-Led Referral
usr_2164,2025-11-25,Startup (1-10),Paid Ads
usr_2165,2025-11-26,Enterprise (200+),Direct
usr_2166,2025-11-26,Startup (1-10),Product-Led Referral
usr_2167,2025-11-26,Startup (1-10),Organic Search
usr_2168,2025-11-26,SMB (11-50),Product-Led Referral
usr_2169,2025-11-26,SMB (11-50),Direct
usr_2170,2025-11-26,Startup (1-10),Organic Search
usr_2171,2025-11-26,Startup (1-10),Organic Search
usr_2172,2025-11-26,SMB (11-50),Organic Search
usr_2173,2025-11-26,Startup (1-10),Paid Ads
usr_2174,2025-11-26,Mid-Market (51-200),Paid Ads
usr_2175,2025-11-26,SMB (11-50),Paid Ads
usr_2176,2025-11-27,Startup (1-10),Organic Search
usr_2177,2025-11-27,Startup (1-10),Direct
usr_2178,2025-11-27,Startup (1-10),Organic Search
usr_2179,2025-11-27,SMB (11-50),Organic Search
usr_2180,2025-11-27,SMB (11-50),Paid Ads
usr_2181,2025-11-27,Startup (1-10),Paid Ads
usr_2182,2025-11-27,SMB (11-50),Organic Search
usr_2183,2025-11-27,Enterprise (200+),Organic Search
usr_2184,2025-11-27,Startup (1-10),Organic Search
usr_2185,2025-11-28,Mid-Market (51-200),Product-Led Referral
usr_2186,2025-11-28,Startup (1-10),Product-Led Referral
usr_2187,2025-11-28,Startup (1-10),Paid Ads
usr_2188,2025-11-28,Startup (1-10),Product-Led Referral
usr_2189,2025-11-28,Startup (1-10),Product-Led Referral
usr_2190,2025-11-28,Startup (1-10),Organic Search
usr_2191,2025-11-28,Startup (1-10),Social
usr_2192,2025-11-28,Mid-Market (51-200),Direct
usr_2193,2025-11-28,Mid-Market (51-200),Organic Search
usr_2194,2025-11-28,SMB (11-50),Organic Search
usr_2195,2025-11-28,Startup (1-10),Organic Search
usr_2196,2025-11-28,Startup (1-10),Organic Search
usr_2197,2025-11-28,Startup (1-10),Product-Led Referral
usr_2198,2025-11-29,SMB (11-50),Paid Ads
usr_2199,2025-11-29,Mid-Market (51-200),Product-Led Referral
usr_2200,2025-11-29,Startup (1-10),Product-Led Referral
usr_2201,2025-11-29,Startup (1-10),Product-Led Referral
usr_2202,2025-11-29,SMB (11-50),Product-Led Referral
usr_2203,2025-11-29,Startup (1-10),Organic Search
usr_2204,2025-11-29,Startup (1-10),Organic Search
usr_2205,2025-11-29,SMB (11-50),Product-Led Referral
usr_2206,2025-11-29,SMB (11-50),Organic Search
usr_2207,2025-11-29,Startup (1-10),Organic Search
usr_2208,2025-11-29,Startup (1-10),Direct
usr_2209,2025-11-29,Enterprise (200+),Product-Led Referral
usr_2210,2025-11-29,Startup (1-10),Organic Search
usr_2211,2025-11-29,Startup (1-10),Product-Led Referral
usr_2212,2025-11-29,Startup (1-10),Product-Led Referral
usr_2213,2025-11-29,Startup (1-10),Organic Search
usr_2214,2025-11-29,Startup (1-10),Organic Search
usr_2215,2025-11-29,Mid-Market (51-200),Direct
usr_2216,2025-11-30,Startup (1-10),Organic Search
usr_2217,2025-11-30,Startup (1-10),Organic Search
usr_2218,2025-11-30,SMB (11-50),Paid Ads
usr_2219,2025-11-30,SMB (11-50),Product-Led Referral
usr_2220,2025-11-30,Mid-Market (51-200),Organic Search
usr_2221,2025-11-30,Mid-Market (51-200),Organic Search
usr_2222,2025-11-30,Startup (1-10),Organic Search
usr_2223,2025-11-30,SMB (11-50),Social
usr_2224,2025-12-01,Startup (1-10),Organic Search
usr_2225,2025-12-01,Enterprise (200+),Paid Ads
usr_2226,2025-12-01,Startup (1-10),Direct
usr_2227,2025-12-01,Enterprise (200+),Organic Search
usr_2228,2025-12-01,SMB (11-50),Social
usr_2229,2025-12-01,Startup (1-10),Direct
usr_2230,2025-12-01,SMB (11-50),Direct
usr_2231,2025-12-01,Enterprise (200+),Organic Search
usr_2232,2025-12-01,Mid-Market (51-200),Product-Led Referral
usr_2233,2025-12-01,Startup (1-10),Product-Led Referral
usr_2234,2025-12-01,SMB (11-50),Social
usr_2235,2025-12-01,Startup (1-10),Organic Search
usr_2236,2025-12-01,Startup (1-10),Product-Led Referral
usr_2237,2025-12-01,Startup (1-10),Organic Search
usr_2238,2025-12-01,Startup (1-10),Organic Search
usr_2239,2025-12-01,Mid-Market (51-200),Paid Ads
usr_2240,2025-12-01,Startup (1-10),Product-Led Referral
usr_2241,2025-12-02,Mid-Market (51-200),Paid Ads
usr_2242,2025-12-02,Startup (1-10),Paid Ads
usr_2243,2025-12-02,Startup (1-10),Social
usr_2244,2025-12-02,Startup (1-10),Paid Ads
usr_2245,2025-12-02,Startup (1-10),Product-Led Referral
usr_2246,2025-12-02,Startup (1-10),Paid Ads
usr_2247,2025-12-02,Startup (1-10),Paid Ads
usr_2248,2025-12-02,SMB (11-50),Product-Led Referral
usr_2249,2025-12-02,Startup (1-10),Direct
usr_2250,2025-12-02,Startup (1-10),Paid Ads
usr_2251,2025-12-02,Startup (1-10),Product-Led Referral
usr_2252,2025-12-02,Mid-Market (51-200),Organic Search
usr_2253,2025-12-02,Mid-Market (51-200),Organic Search
usr_2254,2025-12-02,Startup (1-10),Paid Ads
usr_2255,2025-12-02,Startup (1-10),Organic Search
usr_2256,2025-12-02,Startup (1-10),Organic Search
usr_2257,2025-12-02,Enterprise (200+),Paid Ads
usr_2258,2025-12-03,Startup (1-10),Organic Search
usr_2259,2025-12-03,Startup (1-10),Organic Search
usr_2260,2025-12-03,Startup (1-10),Paid Ads
usr_2261,2025-12-03,Startup (1-10),Paid Ads
usr_2262,2025-12-03,Startup (1-10),Direct
usr_2263,2025-12-03,SMB (11-50),Product-Led Referral
usr_2264,2025-12-03,Startup (1-10),Paid Ads
usr_2265,2025-12-03,SMB (11-50),Direct
usr_2266,2025-12-03,Startup (1-10),Product-Led Referral
usr_2267,2025-12-03,Startup (1-10),Organic Search
usr_2268,2025-12-04,Mid-Market (51-200),Organic Search
usr_2269,2025-12-04,Startup (1-10),Product-Led Referral
usr_2270,2025-12-04,Mid-Market (51-200),Paid Ads
usr_2271,2025-12-04,SMB (11-50),Product-Led Referral
usr_2272,2025-12-04,Startup (1-10),Product-Led Referral
usr_2273,2025-12-04,Enterprise (200+),Product-Led Referral
usr_2274,2025-12-04,Startup (1-10),Social
usr_2275,2025-12-04,Mid-Market (51-200),Paid Ads
usr_2276,2025-12-04,Startup (1-10),Organic Search
usr_2277,2025-12-04,Mid-Market (51-200),Direct
usr_2278,2025-12-04,Startup (1-10),Organic Search
usr_2279,2025-12-04,SMB (11-50),Product-Led Referral
usr_2280,2025-12-05,SMB (11-50),Social
usr_2281,2025-12-05,Mid-Market (51-200),Product-Led Referral
usr_2282,2025-12-05,Mid-Market (51-200),Paid Ads
usr_2283,2025-12-05,Mid-Market (51-200),Paid Ads
usr_2284,2025-12-05,Mid-Market (51-200),Paid Ads
usr_2285,2025-12-05,Startup (1-10),Paid Ads
usr_2286,2025-12-05,Startup (1-10),Product-Led Referral
usr_2287,2025-12-05,Startup (1-10),Product-Led Referral
usr_2288,2025-12-05,Startup (1-10),Product-Led Referral
usr_2289,2025-12-05,Startup (1-10),Organic Search
usr_2290,2025-12-05,SMB (11-50),Paid Ads
usr_2291,2025-12-05,Startup (1-10),Product-Led Referral
usr_2292,2025-12-05,SMB (11-50),Paid Ads
usr_2293,2025-12-05,Startup (1-10),Paid Ads
usr_2294,2025-12-06,Startup (1-10),Product-Led Referral
usr_2295,2025-12-06,SMB (11-50),Product-Led Referral
usr_2296,2025-12-06,SMB (11-50),Paid Ads
usr_2297,2025-12-06,SMB (11-50),Direct
usr_2298,2025-12-06,SMB (11-50),Organic Search
usr_2299,2025-12-06,Startup (1-10),Social
usr_2300,2025-12-06,SMB (11-50),Organic Search
usr_2301,2025-12-06,Startup (1-10),Organic Search
usr_2302,2025-12-06,Startup (1-10),Direct
usr_2303,2025-12-07,Startup (1-10),Organic Search
usr_2304,2025-12-07,Startup (1-10),Product-Led Referral
usr_2305,2025-12-07,Startup (1-10),Direct
usr_2306,2025-12-07,Enterprise (200+),Direct
usr_2307,2025-12-07,Enterprise (200+),Social
usr_2308,2025-12-07,Startup (1-10),Organic Search
usr_2309,2025-12-07,Startup (1-10),Product-Led Referral
usr_2310,2025-12-07,Startup (1-10),Organic Search
usr_2311,2025-12-07,Startup (1-10),Paid Ads
usr_2312,2025-12-07,Mid-Market (51-200),Direct
usr_2313,2025-12-07,Startup (1-10),Paid Ads
usr_2314,2025-12-07,SMB (11-50),Paid Ads
usr_2315,2025-12-07,Startup (1-10),Paid Ads
usr_2316,2025-12-07,Enterprise (200+),Product-Led Referral
usr_2317,2025-12-07,Startup (1-10),Social
usr_2318,2025-12-07,SMB (11-50),Organic Search
usr_2319,2025-12-08,Startup (1-10),Paid Ads
usr_2320,2025-12-08,SMB (11-50),Direct
usr_2321,2025-12-08,Startup (1-10),Paid Ads
usr_2322,2025-12-08,Startup (1-10),Organic Search
usr_2323,2025-12-08,Mid-Market (51-200),Paid Ads
usr_2324,2025-12-08,Mid-Market (51-200),Organic Search
usr_2325,2025-12-08,Mid-Market (51-200),Organic Search
usr_2326,2025-12-08,SMB (11-50),Direct
usr_2327,2025-12-08,Mid-Market (51-200),Paid Ads
usr_2328,2025-12-08,Startup (1-10),Direct
usr_2329,2025-12-08,Startup (1-10),Direct
usr_2330,2025-12-08,Startup (1-10),Product-Led Referral
usr_2331,2025-12-08,SMB (11-50),Organic Search
usr_2332,2025-12-08,Startup (1-10),Paid Ads
usr_2333,2025-12-08,Startup (1-10),Organic Search
usr_2334,2025-12-08,SMB (11-50),Direct
usr_2335,2025-12-08,Mid-Market (51-200),Organic Search
usr_2336,2025-12-09,Startup (1-10),Organic Search
usr_2337,2025-12-09,Startup (1-10),Paid Ads
usr_2338,2025-12-09,Startup (1-10),Organic Search
usr_2339,2025-12-09,Startup (1-10),Organic Search
usr_2340,2025-12-09,Startup (1-10),Paid Ads
usr_2341,2025-12-09,SMB (11-50),Organic Search
usr_2342,2025-12-09,SMB (11-50),Organic Search
usr_2343,2025-12-09,SMB (11-50),Paid Ads
usr_2344,2025-12-09,Startup (1-10),Product-Led Referral
usr_2345,2025-12-09,Mid-Market (51-200),Paid Ads
usr_2346,2025-12-09,Startup (1-10),Paid Ads
usr_2347,2025-12-09,Startup (1-10),Paid Ads
usr_2348,2025-12-09,Mid-Market (51-200),Paid Ads
usr_2349,2025-12-09,Startup (1-10),Direct
usr_2350,2025-12-10,Startup (1-10),Organic Search
usr_2351,2025-12-10,Mid-Market (51-200),Product-Led Referral
usr_2352,2025-12-10,Startup (1-10),Direct
usr_2353,2025-12-10,SMB (11-50),Direct
usr_2354,2025-12-10,Startup (1-10),Organic Search
usr_2355,2025-12-10,SMB (11-50),Organic Search
usr_2356,2025-12-10,Startup (1-10),Product-Led Referral
usr_2357,2025-12-10,Startup (1-10),Organic Search
usr_2358,2025-12-10,SMB (11-50),Direct
usr_2359,2025-12-10,Startup (1-10),Product-Led Referral
usr_2360,2025-12-10,Startup (1-10),Product-Led Referral
usr_2361,2025-12-10,Startup (1-10),Organic Search
usr_2362,2025-12-10,Startup (1-10),Product-Led Referral
usr_2363,2025-12-10,Startup (1-10),Product-Led Referral
usr_2364,2025-12-10,Startup (1-10),Direct
usr_2365,2025-12-10,Mid-Market (51-200),Organic Search
usr_2366,2025-12-10,Startup (1-10),Organic Search
usr_2367,2025-12-10,Startup (1-10),Paid Ads
usr_2368,2025-12-10,Startup (1-10),Organic Search
usr_2369,2025-12-11,Startup (1-10),Paid Ads
usr_2370,2025-12-11,Mid-Market (51-200),Direct
usr_2371,2025-12-11,Startup (1-10),Paid Ads
usr_2372,2025-12-11,Enterprise (200+),Direct
usr_2373,2025-12-11,Startup (1-10),Organic Search
usr_2374,2025-12-11,SMB (11-50),Organic Search
usr_2375,2025-12-11,SMB (11-50),Organic Search
usr_2376,2025-12-11,Mid-Market (51-200),Organic Search
usr_2377,2025-12-11,SMB (11-50),Direct
usr_2378,2025-12-11,SMB (11-50),Organic Search
usr_2379,2025-12-11,Startup (1-10),Product-Led Referral
usr_2380,2025-12-11,Startup (1-10),Paid Ads
usr_2381,2025-12-11,Mid-Market (51-200),Direct
usr_2382,2025-12-11,Startup (1-10),Organic Search
usr_2383,2025-12-11,Startup (1-10),Organic Search
usr_2384,2025-12-12,SMB (11-50),Organic Search
usr_2385,2025-12-12,Startup (1-10),Paid Ads
usr_2386,2025-12-12,Enterprise (200+),Organic Search
usr_2387,2025-12-12,SMB (11-50),Direct
usr_2388,2025-12-12,SMB (11-50),Product-Led Referral
usr_2389,2025-12-12,Mid-Market (51-200),Product-Led Referral
usr_2390,2025-12-12,Startup (1-10),Paid Ads
usr_2391,2025-12-12,Startup (1-10),Organic Search
usr_2392,2025-12-12,Startup (1-10),Paid Ads
usr_2393,2025-12-12,Startup (1-10),Social
usr_2394,2025-12-12,SMB (11-50),Direct
usr_2395,2025-12-13,Mid-Market (51-200),Direct
usr_2396,2025-12-13,Startup (1-10),Direct
usr_2397,2025-12-13,Startup (1-10),Organic Search
usr_2398,2025-12-13,Enterprise (200+),Organic Search
usr_2399,2025-12-13,Startup (1-10),Organic Search
usr_2400,2025-12-13,Startup (1-10),Organic Search
usr_2401,2025-12-13,Startup (1-10),Organic Search
usr_2402,2025-12-13,Mid-Market (51-200),Paid Ads
usr_2403,2025-12-13,SMB (11-50),Product-Led Referral
usr_2404,2025-12-13,SMB (11-50),Direct
usr_2405,2025-12-13,Mid-Market (51-200),Product-Led Referral
usr_2406,2025-12-13,Startup (1-10),Direct
usr_2407,2025-12-13,Startup (1-10),Organic Search
usr_2408,2025-12-13,Mid-Market (51-200),Organic Search
usr_2409,2025-12-13,Startup (1-10),Product-Led Referral
usr_2410,2025-12-13,SMB (11-50),Organic Search
usr_2411,2025-12-13,Mid-Market (51-200),Organic Search
usr_2412,2025-12-13,SMB (11-50),Organic Search
usr_2413,2025-12-13,SMB (11-50),Organic Search
usr_2414,2025-12-13,Mid-Market (51-200),Paid Ads
usr_2415,2025-12-13,Mid-Market (51-200),Paid Ads
usr_2416,2025-12-14,Startup (1-10),Paid Ads
usr_2417,2025-12-14,Startup (1-10),Product-Led Referral
usr_2418,2025-12-14,Startup (1-10),Paid Ads
usr_2419,2025-12-14,SMB (11-50),Organic Search
usr_2420,2025-12-14,Startup (1-10),Organic Search
usr_2421,2025-12-14,SMB (11-50),Organic Search
usr_2422,2025-12-14,Startup (1-10),Product-Led Referral
usr_2423,2025-12-14,SMB (11-50),Product-Led Referral
usr_2424,2025-12-15,Startup (1-10),Product-Led Referral
usr_2425,2025-12-15,SMB (11-50),Organic Search
usr_2426,2025-12-15,SMB (11-50),Paid Ads
usr_2427,2025-12-15,Startup (1-10),Paid Ads
usr_2428,2025-12-15,Startup (1-10),Paid Ads
usr_2429,2025-12-15,SMB (11-50),Paid Ads
usr_2430,2025-12-15,Startup (1-10),Paid Ads
usr_2431,2025-12-15,Startup (1-10),Paid Ads
usr_2432,2025-12-15,Enterprise (200+),Product-Led Referral
usr_2433,2025-12-15,SMB (11-50),Organic Search
usr_2434,2025-12-15,Enterprise (200+),Product-Led Referral
usr_2435,2025-12-16,Startup (1-10),Organic Search
usr_2436,2025-12-16,Startup (1-10),Organic Search
usr_2437,2025-12-16,Mid-Market (51-200),Social
usr_2438,2025-12-16,SMB (11-50),Social
usr_2439,2025-12-16,SMB (11-50),Organic Search
usr_2440,2025-12-16,Startup (1-10),Paid Ads
usr_2441,2025-12-16,Startup (1-10),Organic Search
usr_2442,2025-12-16,Startup (1-10),Paid Ads
usr_2443,2025-12-16,Startup (1-10),Direct
usr_2444,2025-12-16,Startup (1-10),Social
usr_2445,2025-12-16,Startup (1-10),Product-Led Referral
usr_2446,2025-12-16,Enterprise (200+),Paid Ads
usr_2447,2025-12-16,Startup (1-10),Product-Led Referral
usr_2448,2025-12-16,SMB (11-50),Organic Search
usr_2449,2025-12-17,Mid-Market (51-200),Direct
usr_2450,2025-12-17,SMB (11-50),Direct
usr_2451,2025-12-17,Startup (1-10),Paid Ads
usr_2452,2025-12-17,SMB (11-50),Organic Search
usr_2453,2025-12-17,SMB (11-50),Organic Search
usr_2454,2025-12-17,SMB (11-50),Organic Search
usr_2455,2025-12-17,SMB (11-50),Direct
usr_2456,2025-12-17,Enterprise (200+),Paid Ads
usr_2457,2025-12-17,SMB (11-50),Organic Search
usr_2458,2025-12-17,Startup (1-10),Paid Ads
usr_2459,2025-12-17,SMB (11-50),Direct
usr_2460,2025-12-17,Startup (1-10),Organic Search
usr_2461,2025-12-17,Mid-Market (51-200),Direct
usr_2462,2025-12-17,Startup (1-10),Direct
usr_2463,2025-12-17,Startup (1-10),Direct
usr_2464,2025-12-17,Mid-Market (51-200),Paid Ads
usr_2465,2025-12-18,SMB (11-50),Organic Search
usr_2466,2025-12-18,Startup (1-10),Paid Ads
usr_2467,2025-12-18,Startup (1-10),Organic Search
usr_2468,2025-12-18,Mid-Market (51-200),Organic Search
usr_2469,2025-12-18,Startup (1-10),Product-Led Referral
usr_2470,2025-12-18,Mid-Market (51-200),Paid Ads
usr_2471,2025-12-18,Startup (1-10),Direct
usr_2472,2025-12-18,SMB (11-50),Organic Search
usr_2473,2025-12-18,Mid-Market (51-200),Product-Led Referral
usr_2474,2025-12-18,Startup (1-10),Product-Led Referral
usr_2475,2025-12-18,Startup (1-10),Product-Led Referral
usr_2476,2025-12-18,Startup (1-10),Direct
usr_2477,2025-12-18,SMB (11-50),Product-Led Referral
usr_2478,2025-12-18,SMB (11-50),Direct
usr_2479,2025-12-18,SMB (11-50),Organic Search
usr_2480,2025-12-18,Startup (1-10),Paid Ads
usr_2481,2025-12-18,Startup (1-10),Organic Search
usr_2482,2025-12-19,Startup (1-10),Organic Search
usr_2483,2025-12-19,Startup (1-10),Organic Search
usr_2484,2025-12-19,SMB (11-50),Organic Search
usr_2485,2025-12-19,Mid-Market (51-200),Organic Search
usr_2486,2025-12-19,SMB (11-50),Organic Search
usr_2487,2025-12-19,Startup (1-10),Organic Search
usr_2488,2025-12-19,Enterprise (200+),Direct
usr_2489,2025-12-19,SMB (11-50),Organic Search
usr_2490,2025-12-19,Mid-Market (51-200),Product-Led Referral
usr_2491,2025-12-20,SMB (11-50),Organic Search
usr_2492,2025-12-20,Startup (1-10),Direct
usr_2493,2025-12-20,Startup (1-10),Direct
usr_2494,2025-12-20,SMB (11-50),Product-Led Referral
usr_2495,2025-12-20,Startup (1-10),Product-Led Referral
usr_2496,2025-12-20,Startup (1-10),Organic Search
usr_2497,2025-12-20,SMB (11-50),Social
usr_2498,2025-12-20,SMB (11-50),Direct
usr_2499,2025-12-20,SMB (11-50),Direct
usr_2500,2025-12-20,Startup (1-10),Product-Led Referral
usr_2501,2025-12-20,Startup (1-10),Organic Search
usr_2502,2025-12-20,SMB (11-50),Direct
usr_2503,2025-12-20,Enterprise (200+),Organic Search
usr_2504,2025-12-20,SMB (11-50),Paid Ads
usr_2505,2025-12-20,Mid-Market (51-200),Organic Search
usr_2506,2025-12-20,SMB (11-50),Direct
usr_2507,2025-12-20,SMB (11-50),Organic Search
usr_2508,2025-12-20,Startup (1-10),Organic Search
usr_2509,2025-12-20,SMB (11-50),Paid Ads
usr_2510,2025-12-21,SMB (11-50),Product-Led Referral
usr_2511,2025-12-21,SMB (11-50),Product-Led Referral
usr_2512,2025-12-21,Startup (1-10),Organic Search
usr_2513,2025-12-21,SMB (11-50),Organic Search
usr_2514,2025-12-21,Startup (1-10),Product-Led Referral
usr_2515,2025-12-21,SMB (11-50),Social
usr_2516,2025-12-21,Startup (1-10),Direct
usr_2517,2025-12-21,Mid-Market (51-200),Paid Ads
usr_2518,2025-12-21,Startup (1-10),Direct
usr_2519,2025-12-21,Startup (1-10),Paid Ads
usr_2520,2025-12-21,Startup (1-10),Paid Ads
usr_2521,2025-12-21,SMB (11-50),Paid Ads
usr_2522,2025-12-21,Startup (1-10),Paid Ads
usr_2523,2025-12-22,Startup (1-10),Product-Led Referral
usr_2524,2025-12-22,SMB (11-50),Paid Ads
usr_2525,2025-12-22,Startup (1-10),Organic Search
usr_2526,2025-12-22,Mid-Market (51-200),Organic Search
usr_2527,2025-12-22,Mid-Market (51-200),Organic Search
usr_2528,2025-12-22,SMB (11-50),Paid Ads
usr_2529,2025-12-22,Startup (1-10),Organic Search
usr_2530,2025-12-22,SMB (11-50),Organic Search
usr_2531,2025-12-22,Startup (1-10),Product-Led Referral
usr_2532,2025-12-22,Startup (1-10),Product-Led Referral
usr_2533,2025-12-22,Startup (1-10),Product-Led Referral
usr_2534,2025-12-22,Mid-Market (51-200),Paid Ads
usr_2535,2025-12-22,Startup (1-10),Direct
usr_2536,2025-12-22,SMB (11-50),Direct
usr_2537,2025-12-22,SMB (11-50),Direct
usr_2538,2025-12-22,Startup (1-10),Product-Led Referral
usr_2539,2025-12-22,Startup (1-10),Organic Search
usr_2540,2025-12-22,Enterprise (200+),Social
usr_2541,2025-12-22,SMB (11-50),Organic Search
usr_2542,2025-12-22,SMB (11-50),Organic Search
usr_2543,2025-12-22,Startup (1-10),Paid Ads
usr_2544,2025-12-23,Startup (1-10),Organic Search
usr_2545,2025-12-23,Startup (1-10),Social
usr_2546,2025-12-23,Startup (1-10),Paid Ads
usr_2547,2025-12-23,Startup (1-10),Paid Ads
usr_2548,2025-12-23,Mid-Market (51-200),Product-Led Referral
usr_2549,2025-12-23,Startup (1-10),Paid Ads
usr_2550,2025-12-23,Startup (1-10),Organic Search
usr_2551,2025-12-23,SMB (11-50),Product-Led Referral
usr_2552,2025-12-23,SMB (11-50),Product-Led Referral
usr_2553,2025-12-23,Startup (1-10),Paid Ads
usr_2554,2025-12-23,SMB (11-50),Product-Led Referral
usr_2555,2025-12-23,Startup (1-10),Organic Search
usr_2556,2025-12-23,Startup (1-10),Organic Search
usr_2557,2025-12-24,Startup (1-10),Organic Search
usr_2558,2025-12-24,Mid-Market (51-200),Paid Ads
usr_2559,2025-12-24,Startup (1-10),Direct
usr_2560,2025-12-24,Startup (1-10),Direct
usr_2561,2025-12-24,Startup (1-10),Paid Ads
usr_2562,2025-12-24,Mid-Market (51-200),Paid Ads
usr_2563,2025-12-24,Startup (1-10),Product-Led Referral
usr_2564,2025-12-25,Startup (1-10),Organic Search
usr_2565,2025-12-25,Startup (1-10),Organic Search
usr_2566,2025-12-25,Startup (1-10),Social
usr_2567,2025-12-25,SMB (11-50),Product-Led Referral
usr_2568,2025-12-25,SMB (11-50),Social
usr_2569,2025-12-25,Startup (1-10),Organic Search
usr_2570,2025-12-25,Startup (1-10),Product-Led Referral
usr_2571,2025-12-25,Startup (1-10),Organic Search
usr_2572,2025-12-25,Startup (1-10),Organic Search
usr_2573,2025-12-25,Startup (1-10),Paid Ads
usr_2574,2025-12-25,SMB (11-50),Organic Search
usr_2575,2025-12-25,Enterprise (200+),Organic Search
usr_2576,2025-12-25,Enterprise (200+),Organic Search
usr_2577,2025-12-25,Mid-Market (51-200),Organic Search
usr_2578,2025-12-25,SMB (11-50),Product-Led Referral
usr_2579,2025-12-25,SMB (11-50),Paid Ads
usr_2580,2025-12-26,Startup (1-10),Organic Search
usr_2581,2025-12-26,SMB (11-50),Organic Search
usr_2582,2025-12-26,Startup (1-10),Organic Search
usr_2583,2025-12-26,Startup (1-10),Product-Led Referral
usr_2584,2025-12-26,SMB (11-50),Organic Search
usr_2585,2025-12-26,Startup (1-10),Product-Led Referral
usr_2586,2025-12-26,Startup (1-10),Organic Search
usr_2587,2025-12-26,Mid-Market (51-200),Organic Search
usr_2588,2025-12-26,Startup (1-10),Direct
usr_2589,2025-12-26,Startup (1-10),Product-Led Referral
usr_2590,2025-12-26,Mid-Market (51-200),Organic Search
usr_2591,2025-12-26,SMB (11-50),Direct
usr_2592,2025-12-26,SMB (11-50),Paid Ads
usr_2593,2025-12-26,Startup (1-10),Direct
usr_2594,2025-12-26,Startup (1-10),Product-Led Referral
usr_2595,2025-12-26,Mid-Market (51-200),Product-Led Referral
usr_2596,2025-12-26,SMB (11-50),Social
usr_2597,2025-12-26,SMB (11-50),Organic Search
usr_2598,2025-12-27,Startup (1-10),Product-Led Referral
usr_2599,2025-12-27,Startup (1-10),Paid Ads
usr_2600,2025-12-27,Enterprise (200+),Organic Search
usr_2601,2025-12-27,Startup (1-10),Organic Search
usr_2602,2025-12-27,SMB (11-50),Organic Search
usr_2603,2025-12-27,Startup (1-10),Product-Led Referral
usr_2604,2025-12-27,SMB (11-50),Paid Ads
usr_2605,2025-12-27,Mid-Market (51-200),Paid Ads
usr_2606,2025-12-27,SMB (11-50),Organic Search
usr_2607,2025-12-27,Startup (1-10),Paid Ads
usr_2608,2025-12-27,SMB (11-50),Direct
usr_2609,2025-12-27,SMB (11-50),Paid Ads
usr_2610,2025-12-27,Startup (1-10),Product-Led Referral
usr_2611,2025-12-27,Mid-Market (51-200),Product-Led Referral
usr_2612,2025-12-27,SMB (11-50),Product-Led Referral
usr_2613,2025-12-27,Mid-Market (51-200),Paid Ads
usr_2614,2025-12-27,SMB (11-50),Direct
usr_2615,2025-12-27,Startup (1-10),Paid Ads
usr_2616,2025-12-27,Startup (1-10),Direct
usr_2617,2025-12-27,Startup (1-10),Organic Search
usr_2618,2025-12-27,Mid-Market (51-200),Organic Search
usr_2619,2025-12-28,SMB (11-50),Organic Search
usr_2620,2025-12-28,SMB (11-50),Product-Led Referral
usr_2621,2025-12-28,Startup (1-10),Paid Ads
usr_2622,2025-12-28,Startup (1-10),Organic Search
usr_2623,2025-12-28,SMB (11-50),Organic Search
usr_2624,2025-12-28,Startup (1-10),Direct
usr_2625,2025-12-28,Startup (1-10),Direct
usr_2626,2025-12-28,SMB (11-50),Paid Ads
usr_2627,2025-12-28,Startup (1-10),Product-Led Referral
usr_2628,2025-12-28,Startup (1-10),Paid Ads
usr_2629,2025-12-28,Startup (1-10),Paid Ads
usr_2630,2025-12-28,Startup (1-10),Direct
usr_2631,2025-12-28,Enterprise (200+),Organic Search
usr_2632,2025-12-28,Startup (1-10),Paid Ads
usr_2633,2025-12-28,Startup (1-10),Organic Search
usr_2634,2025-12-29,Startup (1-10),Paid Ads
usr_2635,2025-12-29,SMB (11-50),Paid Ads
usr_2636,2025-12-29,Startup (1-10),Paid Ads
usr_2637,2025-12-29,SMB (11-50),Organic Search
usr_2638,2025-12-29,Startup (1-10),Paid Ads
usr_2639,2025-12-29,Startup (1-10),Organic Search
usr_2640,2025-12-29,Startup (1-10),Organic Search
usr_2641,2025-12-29,Mid-Market (51-200),Organic Search
usr_2642,2025-12-29,Mid-Market (51-200),Product-Led Referral
usr_2643,2025-12-29,Startup (1-10),Paid Ads
usr_2644,2025-12-29,SMB (11-50),Product-Led Referral
usr_2645,2025-12-29,Mid-Market (51-200),Product-Led Referral
usr_2646,2025-12-29,Startup (1-10),Product-Led Referral
usr_2647,2025-12-29,Mid-Market (51-200),Paid Ads
usr_2648,2025-12-29,Startup (1-10),Paid Ads
usr_2649,2025-12-30,Mid-Market (51-200),Paid Ads
usr_2650,2025-12-30,SMB (11-50),Product-Led Referral
usr_2651,2025-12-30,Mid-Market (51-200),Paid Ads
usr_2652,2025-12-30,SMB (11-50),Direct
usr_2653,2025-12-30,Startup (1-10),Direct
usr_2654,2025-12-30,Mid-Market (51-200),Organic Search
usr_2655,2025-12-30,Startup (1-10),Organic Search
usr_2656,2025-12-30,Startup (1-10),Product-Led Referral
usr_2657,2025-12-30,SMB (11-50),Organic Search
usr_2658,2025-12-30,SMB (11-50),Organic Search
usr_2659,2025-12-31,Mid-Market (51-200),Direct
usr_2660,2025-12-31,Startup (1-10),Organic Search
usr_2661,2025-12-31,SMB (11-50),Direct
usr_2662,2025-12-31,SMB (11-50),Product-Led Referral
usr_2663,2025-12-31,Startup (1-10),Product-Led Referral
usr_2664,2025-12-31,Startup (1-10),Organic Search
usr_2665,2025-12-31,Startup (1-10),Organic Search
usr_2666,2025-12-31,Startup (1-10),Paid Ads
usr_2667,2025-12-31,Enterprise (200+),Organic Search
usr_2668,2025-12-31,SMB (11-50),Organic Search
usr_2669,2025-12-31,SMB (11-50),Organic Search
usr_2670,2025-12-31,Enterprise (200+),Organic Search
usr_2671,2025-12-31,Startup (1-10),Organic Search
usr_2672,2025-12-31,Mid-Market (51-200),Product-Led Referral
usr_2673,2025-12-31,Startup (1-10),Organic Search
usr_2674,2026-01-01,Mid-Market (51-200),Organic Search
usr_2675,2026-01-01,Startup (1-10),Product-Led Referral
usr_2676,2026-01-01,Mid-Market (51-200),Social
usr_2677,2026-01-01,Startup (1-10),Organic Search
usr_2678,2026-01-01,Startup (1-10),Organic Search
usr_2679,2026-01-01,SMB (11-50),Paid Ads
usr_2680,2026-01-01,Startup (1-10),Direct
usr_2681,2026-01-01,SMB (11-50),Product-Led Referral
usr_2682,2026-01-02,Startup (1-10),Product-Led Referral
usr_2683,2026-01-02,SMB (11-50),Organic Search
usr_2684,2026-01-02,Startup (1-10),Paid Ads
usr_2685,2026-01-02,Startup (1-10),Organic Search
usr_2686,2026-01-02,Startup (1-10),Product-Led Referral
usr_2687,2026-01-02,Startup (1-10),Product-Led Referral
usr_2688,2026-01-02,Startup (1-10),Social
usr_2689,2026-01-02,Startup (1-10),Organic Search
usr_2690,2026-01-02,Startup (1-10),Organic Search
usr_2691,2026-01-02,Startup (1-10),Paid Ads
usr_2692,2026-01-02,SMB (11-50),Product-Led Referral
usr_2693,2026-01-02,Mid-Market (51-200),Product-Led Referral
usr_2694,2026-01-02,Startup (1-10),Organic Search
usr_2695,2026-01-02,SMB (11-50),Organic Search
usr_2696,2026-01-03,SMB (11-50),Paid Ads
usr_2697,2026-01-03,Startup (1-10),Organic Search
usr_2698,2026-01-03,SMB (11-50),Direct
usr_2699,2026-01-03,Startup (1-10),Paid Ads
usr_2700,2026-01-03,SMB (11-50),Product-Led Referral
usr_2701,2026-01-03,Startup (1-10),Paid Ads
usr_2702,2026-01-03,SMB (11-50),Product-Led Referral
usr_2703,2026-01-03,SMB (11-50),Organic Search
usr_2704,2026-01-03,Startup (1-10),Direct
usr_2705,2026-01-03,Startup (1-10),Organic Search
usr_2706,2026-01-03,Enterprise (200+),Paid Ads
usr_2707,2026-01-03,Startup (1-10),Organic Search
usr_2708,2026-01-04,SMB (11-50),Paid Ads
usr_2709,2026-01-04,Mid-Market (51-200),Organic Search
usr_2710,2026-01-04,SMB (11-50),Organic Search
usr_2711,2026-01-04,SMB (11-50),Social
usr_2712,2026-01-04,SMB (11-50),Organic Search
usr_2713,2026-01-04,Mid-Market (51-200),Product-Led Referral
usr_2714,2026-01-04,Startup (1-10),Social
usr_2715,2026-01-04,Startup (1-10),Organic Search
usr_2716,2026-01-04,Startup (1-10),Product-Led Referral
usr_2717,2026-01-04,Enterprise (200+),Organic Search
usr_2718,2026-01-04,SMB (11-50),Organic Search
usr_2719,2026-01-04,Startup (1-10),Paid Ads
usr_2720,2026-01-04,Mid-Market (51-200),Direct
usr_2721,2026-01-04,Startup (1-10),Organic Search
usr_2722,2026-01-04,Startup (1-10),Paid Ads
usr_2723,2026-01-04,SMB (11-50),Paid Ads
usr_2724,2026-01-04,Startup (1-10),Direct
usr_2725,2026-01-04,Mid-Market (51-200),Organic Search
usr_2726,2026-01-05,Startup (1-10),Product-Led Referral
usr_2727,2026-01-05,Mid-Market (51-200),Product-Led Referral
usr_2728,2026-01-05,SMB (11-50),Product-Led Referral
usr_2729,2026-01-05,Startup (1-10),Direct
usr_2730,2026-01-05,Enterprise (200+),Direct
usr_2731,2026-01-05,SMB (11-50),Organic Search
usr_2732,2026-01-05,Startup (1-10),Paid Ads
usr_2733,2026-01-05,Startup (1-10),Paid Ads
usr_2734,2026-01-05,Mid-Market (51-200),Organic Search
usr_2735,2026-01-05,Startup (1-10),Paid Ads
usr_2736,2026-01-05,Startup (1-10),Paid Ads
usr_2737,2026-01-05,Startup (1-10),Paid Ads
usr_2738,2026-01-05,Startup (1-10),Social
usr_2739,2026-01-05,SMB (11-50),Organic Search
usr_2740,2026-01-05,Startup (1-10),Direct
usr_2741,2026-01-06,Startup (1-10),Paid Ads
usr_2742,2026-01-06,Startup (1-10),Product-Led Referral
usr_2743,2026-01-06,Startup (1-10),Direct
usr_2744,2026-01-06,Mid-Market (51-200),Paid Ads
usr_2745,2026-01-06,Startup (1-10),Paid Ads
usr_2746,2026-01-06,Enterprise (200+),Paid Ads
usr_2747,2026-01-06,Startup (1-10),Paid Ads
usr_2748,2026-01-06,Startup (1-10),Direct
usr_2749,2026-01-06,Mid-Market (51-200),Direct
usr_2750,2026-01-06,Startup (1-10),Organic Search
usr_2751,2026-01-06,SMB (11-50),Organic Search
usr_2752,2026-01-06,Enterprise (200+),Paid Ads
usr_2753,2026-01-06,Startup (1-10),Organic Search
usr_2754,2026-01-06,Startup (1-10),Product-Led Referral
usr_2755,2026-01-06,SMB (11-50),Organic Search
usr_2756,2026-01-06,Startup (1-10),Paid Ads
usr_2757,2026-01-07,Startup (1-10),Organic Search
usr_2758,2026-01-07,Startup (1-10),Organic Search
usr_2759,2026-01-07,Startup (1-10),Product-Led Referral
usr_2760,2026-01-07,SMB (11-50),Paid Ads
usr_2761,2026-01-07,Startup (1-10),Social
usr_2762,2026-01-07,Startup (1-10),Direct
usr_2763,2026-01-07,SMB (11-50),Paid Ads
usr_2764,2026-01-07,Startup (1-10),Organic Search
usr_2765,2026-01-07,Startup (1-10),Direct
usr_2766,2026-01-07,SMB (11-50),Direct
usr_2767,2026-01-07,Startup (1-10),Direct
usr_2768,2026-01-07,SMB (11-50),Organic Search
usr_2769,2026-01-07,Mid-Market (51-200),Social
usr_2770,2026-01-07,Startup (1-10),Organic Search
usr_2771,2026-01-07,SMB (11-50),Product-Led Referral
usr_2772,2026-01-08,Startup (1-10),Direct
usr_2773,2026-01-08,Startup (1-10),Organic Search
usr_2774,2026-01-08,Mid-Market (51-200),Direct
usr_2775,2026-01-08,Mid-Market (51-200),Organic Search
usr_2776,2026-01-08,Startup (1-10),Social
usr_2777,2026-01-08,SMB (11-50),Organic Search
usr_2778,2026-01-08,Mid-Market (51-200),Social
usr_2779,2026-01-08,Enterprise (200+),Organic Search
usr_2780,2026-01-08,SMB (11-50),Product-Led Referral
usr_2781,2026-01-08,Startup (1-10),Paid Ads
usr_2782,2026-01-08,Startup (1-10),Paid Ads
usr_2783,2026-01-08,Enterprise (200+),Organic Search
usr_2784,2026-01-08,Startup (1-10),Product-Led Referral
usr_2785,2026-01-08,SMB (11-50),Organic Search
usr_2786,2026-01-09,Startup (1-10),Paid Ads
usr_2787,2026-01-09,Startup (1-10),Organic Search
usr_2788,2026-01-09,Startup (1-10),Social
usr_2789,2026-01-09,Enterprise (200+),Organic Search
usr_2790,2026-01-09,Startup (1-10),Organic Search
usr_2791,2026-01-09,SMB (11-50),Organic Search
usr_2792,2026-01-09,Startup (1-10),Paid Ads
usr_2793,2026-01-09,Startup (1-10),Organic Search
usr_2794,2026-01-09,Startup (1-10),Paid Ads
usr_2795,2026-01-09,SMB (11-50),Direct
usr_2796,2026-01-09,Startup (1-10),Product-Led Referral
usr_2797,2026-01-09,Startup (1-10),Paid Ads
usr_2798,2026-01-09,Startup (1-10),Organic Search
usr_2799,2026-01-10,Startup (1-10),Product-Led Referral
usr_2800,2026-01-10,Enterprise (200+),Organic Search
usr_2801,2026-01-10,Mid-Market (51-200),Product-Led Referral
usr_2802,2026-01-10,Startup (1-10),Organic Search
usr_2803,2026-01-10,SMB (11-50),Paid Ads
usr_2804,2026-01-10,Mid-Market (51-200),Paid Ads
usr_2805,2026-01-10,Startup (1-10),Direct
usr_2806,2026-01-10,Mid-Market (51-200),Organic Search
usr_2807,2026-01-10,Mid-Market (51-200),Paid Ads
usr_2808,2026-01-10,Startup (1-10),Organic Search
usr_2809,2026-01-10,Startup (1-10),Product-Led Referral
usr_2810,2026-01-10,Enterprise (200+),Direct
usr_2811,2026-01-11,SMB (11-50),Paid Ads
usr_2812,2026-01-11,Startup (1-10),Paid Ads
usr_2813,2026-01-11,Startup (1-10),Direct
usr_2814,2026-01-11,Startup (1-10),Paid Ads
usr_2815,2026-01-11,SMB (11-50),Paid Ads
usr_2816,2026-01-11,SMB (11-50),Paid Ads
usr_2817,2026-01-11,Enterprise (200+),Product-Led Referral
usr_2818,2026-01-11,Startup (1-10),Organic Search
usr_2819,2026-01-11,SMB (11-50),Direct
usr_2820,2026-01-11,SMB (11-50),Paid Ads
usr_2821,2026-01-11,Startup (1-10),Organic Search
usr_2822,2026-01-11,Startup (1-10),Product-Led Referral
usr_2823,2026-01-11,Enterprise (200+),Paid Ads
usr_2824,2026-01-11,Mid-Market (51-200),Organic Search
usr_2825,2026-01-11,Startup (1-10),Product-Led Referral
usr_2826,2026-01-11,SMB (11-50),Direct
usr_2827,2026-01-12,Startup (1-10),Direct
usr_2828,2026-01-12,SMB (11-50),Social
usr_2829,2026-01-12,SMB (11-50),Direct
usr_2830,2026-01-12,SMB (11-50),Organic Search
usr_2831,2026-01-12,Enterprise (200+),Paid Ads
usr_2832,2026-01-12,SMB (11-50),Direct
usr_2833,2026-01-12,Startup (1-10),Paid Ads
usr_2834,2026-01-12,SMB (11-50),Product-Led Referral
usr_2835,2026-01-12,Startup (1-10),Product-Led Referral
usr_2836,2026-01-12,Startup (1-10),Paid Ads
usr_2837,2026-01-12,Startup (1-10),Direct
usr_2838,2026-01-12,Startup (1-10),Paid Ads
usr_2839,2026-01-12,SMB (11-50),Paid Ads
usr_2840,2026-01-12,Startup (1-10),Social
usr_2841,2026-01-13,SMB (11-50),Paid Ads
usr_2842,2026-01-13,SMB (11-50),Organic Search
usr_2843,2026-01-13,Startup (1-10),Paid Ads
usr_2844,2026-01-13,Mid-Market (51-200),Direct
usr_2845,2026-01-13,Startup (1-10),Product-Led Referral
usr_2846,2026-01-13,Startup (1-10),Product-Led Referral
usr_2847,2026-01-13,SMB (11-50),Product-Led Referral
usr_2848,2026-01-14,Startup (1-10),Organic Search
usr_2849,2026-01-14,Startup (1-10),Direct
usr_2850,2026-01-14,SMB (11-50),Direct
usr_2851,2026-01-14,SMB (11-50),Organic Search
usr_2852,2026-01-14,Startup (1-10),Organic Search
usr_2853,2026-01-14,Enterprise (200+),Social
usr_2854,2026-01-14,SMB (11-50),Direct
usr_2855,2026-01-14,Mid-Market (51-200),Direct
usr_2856,2026-01-14,Startup (1-10),Direct
usr_2857,2026-01-14,SMB (11-50),Paid Ads
usr_2858,2026-01-14,Mid-Market (51-200),Product-Led Referral
usr_2859,2026-01-14,SMB (11-50),Paid Ads
usr_2860,2026-01-14,SMB (11-50),Organic Search
usr_2861,2026-01-14,Startup (1-10),Product-Led Referral
usr_2862,2026-01-14,Startup (1-10),Paid Ads
usr_2863,2026-01-15,Startup (1-10),Product-Led Referral
usr_2864,2026-01-15,Startup (1-10),Paid Ads
usr_2865,2026-01-15,Mid-Market (51-200),Paid Ads
usr_2866,2026-01-15,Startup (1-10),Organic Search
usr_2867,2026-01-15,Enterprise (200+),Organic Search
usr_2868,2026-01-15,Enterprise (200+),Organic Search
usr_2869,2026-01-15,Startup (1-10),Organic Search
usr_2870,2026-01-15,Startup (1-10),Social
usr_2871,2026-01-15,Mid-Market (51-200),Organic Search
usr_2872,2026-01-15,Enterprise (200+),Organic Search
usr_2873,2026-01-15,Startup (1-10),Paid Ads
usr_2874,2026-01-15,Startup (1-10),Product-Led Referral
usr_2875,2026-01-15,SMB (11-50),Organic Search
usr_2876,2026-01-15,SMB (11-50),Product-Led Referral
usr_2877,2026-01-15,Startup (1-10),Product-Led Referral
usr_2878,2026-01-16,SMB (11-50),Organic Search
usr_2879,2026-01-16,Startup (1-10),Organic Search
usr_2880,2026-01-16,Startup (1-10),Direct
usr_2881,2026-01-16,Startup (1-10),Direct
usr_2882,2026-01-16,Startup (1-10),Product-Led Referral
usr_2883,2026-01-16,Startup (1-10),Organic Search
usr_2884,2026-01-16,Startup (1-10),Paid Ads
usr_2885,2026-01-16,Startup (1-10),Paid Ads
usr_2886,2026-01-16,Startup (1-10),Organic Search
usr_2887,2026-01-16,Startup (1-10),Paid Ads
usr_2888,2026-01-16,Enterprise (200+),Product-Led Referral
usr_2889,2026-01-16,Startup (1-10),Organic Search
usr_2890,2026-01-16,Startup (1-10),Product-Led Referral
usr_2891,2026-01-16,SMB (11-50),Direct
usr_2892,2026-01-16,Enterprise (200+),Organic Search
usr_2893,2026-01-17,Startup (1-10),Direct
usr_2894,2026-01-17,SMB (11-50),Organic Search
usr_2895,2026-01-17,SMB (11-50),Direct
usr_2896,2026-01-17,SMB (11-50),Organic Search
usr_2897,2026-01-17,Startup (1-10),Organic Search
usr_2898,2026-01-17,SMB (11-50),Product-Led Referral
usr_2899,2026-01-17,Startup (1-10),Paid Ads
usr_2900,2026-01-17,SMB (11-50),Direct
usr_2901,2026-01-17,SMB (11-50),Paid Ads
usr_2902,2026-01-17,Startup (1-10),Organic Search
usr_2903,2026-01-17,Mid-Market (51-200),Paid Ads
usr_2904,2026-01-17,Startup (1-10),Paid Ads
usr_2905,2026-01-17,Mid-Market (51-200),Organic Search
usr_2906,2026-01-18,Startup (1-10),Product-Led Referral
usr_2907,2026-01-18,Startup (1-10),Product-Led Referral
usr_2908,2026-01-18,Startup (1-10),Direct
usr_2909,2026-01-18,Enterprise (200+),Social
usr_2910,2026-01-18,Startup (1-10),Organic Search
usr_2911,2026-01-18,Startup (1-10),Product-Led Referral
usr_2912,2026-01-18,Startup (1-10),Paid Ads
usr_2913,2026-01-18,SMB (11-50),Product-Led Referral
usr_2914,2026-01-18,SMB (11-50),Paid Ads
usr_2915,2026-01-19,Startup (1-10),Social
usr_2916,2026-01-19,Startup (1-10),Product-Led Referral
usr_2917,2026-01-19,Startup (1-10),Social
usr_2918,2026-01-19,Startup (1-10),Direct
usr_2919,2026-01-19,Startup (1-10),Direct
usr_2920,2026-01-19,SMB (11-50),Direct
usr_2921,2026-01-19,Startup (1-10),Paid Ads
usr_2922,2026-01-19,Startup (1-10),Organic Search
usr_2923,2026-01-19,Startup (1-10),Paid Ads
usr_2924,2026-01-19,Enterprise (200+),Organic Search
usr_2925,2026-01-19,Enterprise (200+),Paid Ads
usr_2926,2026-01-19,Mid-Market (51-200),Paid Ads
usr_2927,2026-01-19,Startup (1-10),Paid Ads
usr_2928,2026-01-19,Startup (1-10),Social
usr_2929,2026-01-19,Startup (1-10),Direct
usr_2930,2026-01-19,Startup (1-10),Organic Search
usr_2931,2026-01-19,SMB (11-50),Paid Ads
usr_2932,2026-01-19,SMB (11-50),Paid Ads
usr_2933,2026-01-20,Mid-Market (51-200),Paid Ads
usr_2934,2026-01-20,Mid-Market (51-200),Product-Led Referral
usr_2935,2026-01-20,Startup (1-10),Paid Ads
usr_2936,2026-01-20,SMB (11-50),Paid Ads
usr_2937,2026-01-20,Startup (1-10),Direct
usr_2938,2026-01-20,Startup (1-10),Direct
usr_2939,2026-01-20,SMB (11-50),Organic Search
usr_2940,2026-01-20,Startup (1-10),Product-Led Referral
usr_2941,2026-01-20,Startup (1-10),Paid Ads
usr_2942,2026-01-20,Startup (1-10),Organic Search
usr_2943,2026-01-20,SMB (11-50),Organic Search
usr_2944,2026-01-21,SMB (11-50),Paid Ads
usr_2945,2026-01-21,Startup (1-10),Paid Ads
usr_2946,2026-01-21,Mid-Market (51-200),Organic Search
usr_2947,2026-01-21,Startup (1-10),Product-Led Referral
usr_2948,2026-01-21,Startup (1-10),Product-Led Referral
usr_2949,2026-01-21,SMB (11-50),Organic Search
usr_2950,2026-01-21,SMB (11-50),Organic Search
usr_2951,2026-01-21,Enterprise (200+),Direct
usr_2952,2026-01-21,Startup (1-10),Organic Search
usr_2953,2026-01-21,SMB (11-50),Direct
usr_2954,2026-01-21,SMB (11-50),Product-Led Referral
usr_2955,2026-01-21,Mid-Market (51-200),Organic Search
usr_2956,2026-01-21,Startup (1-10),Organic Search
usr_2957,2026-01-21,SMB (11-50),Organic Search
usr_2958,2026-01-21,SMB (11-50),Organic Search
usr_2959,2026-01-21,Startup (1-10),Organic Search
usr_2960,2026-01-21,Startup (1-10),Product-Led Referral
usr_2961,2026-01-22,Startup (1-10),Organic Search
usr_2962,2026-01-22,SMB (11-50),Paid Ads
usr_2963,2026-01-22,Mid-Market (51-200),Paid Ads
usr_2964,2026-01-22,SMB (11-50),Organic Search
usr_2965,2026-01-22,SMB (11-50),Organic Search
usr_2966,2026-01-22,SMB (11-50),Organic Search
usr_2967,2026-01-22,Startup (1-10),Organic Search
usr_2968,2026-01-22,Startup (1-10),Product-Led Referral
usr_2969,2026-01-22,Startup (1-10),Organic Search
usr_2970,2026-01-22,Startup (1-10),Product-Led Referral
usr_2971,2026-01-22,Startup (1-10),Paid Ads
usr_2972,2026-01-22,SMB (11-50),Paid Ads
usr_2973,2026-01-22,Startup (1-10),Paid Ads
usr_2974,2026-01-22,Startup (1-10),Product-Led Referral
usr_2975,2026-01-22,Startup (1-10),Organic Search
usr_2976,2026-01-23,Startup (1-10),Organic Search
usr_2977,2026-01-23,Mid-Market (51-200),Paid Ads
usr_2978,2026-01-23,Mid-Market (51-200),Organic Search
usr_2979,2026-01-23,SMB (11-50),Paid Ads
usr_2980,2026-01-23,Startup (1-10),Product-Led Referral
usr_2981,2026-01-23,SMB (11-50),Paid Ads
usr_2982,2026-01-23,Mid-Market (51-200),Product-Led Referral
usr_2983,2026-01-23,SMB (11-50),Paid Ads
usr_2984,2026-01-23,Startup (1-10),Product-Led Referral
usr_2985,2026-01-23,SMB (11-50),Product-Led Referral
usr_2986,2026-01-23,Mid-Market (51-200),Paid Ads
usr_2987,2026-01-23,SMB (11-50),Product-Led Referral
usr_2988,2026-01-23,SMB (11-50),Direct
usr_2989,2026-01-23,Startup (1-10),Paid Ads
usr_2990,2026-01-24,SMB (11-50),Paid Ads
usr_2991,2026-01-24,Startup (1-10),Product-Led Referral
usr_2992,2026-01-24,SMB (11-50),Paid Ads
usr_2993,2026-01-24,Startup (1-10),Organic Search
usr_2994,2026-01-24,Startup (1-10),Direct
usr_2995,2026-01-24,Startup (1-10),Organic Search
usr_2996,2026-01-24,SMB (11-50),Product-Led Referral
usr_2997,2026-01-24,Startup (1-10),Product-Led Referral
usr_2998,2026-01-24,SMB (11-50),Social
usr_2999,2026-01-24,SMB (11-50),Organic Search
usr_3000,2026-01-24,Startup (1-10),Paid Ads
usr_3001,2026-01-24,Startup (1-10),Paid Ads
usr_3002,2026-01-24,Startup (1-10),Organic Search
usr_3003,2026-01-24,Mid-Market (51-200),Organic Search
usr_3004,2026-01-24,SMB (11-50),Paid Ads
usr_3005,2026-01-25,Startup (1-10),Paid Ads
usr_3006,2026-01-25,Startup (1-10),Organic Search
usr_3007,2026-01-25,SMB (11-50),Product-Led Referral
usr_3008,2026-01-25,Mid-Market (51-200),Product-Led Referral
usr_3009,2026-01-25,Mid-Market (51-200),Product-Led Referral
usr_3010,2026-01-25,SMB (11-50),Direct
usr_3011,2026-01-25,Startup (1-10),Paid Ads
usr_3012,2026-01-25,Startup (1-10),Social
usr_3013,2026-01-25,Startup (1-10),Direct
usr_3014,2026-01-25,Startup (1-10),Organic Search
usr_3015,2026-01-25,Startup (1-10),Organic Search
usr_3016,2026-01-25,Startup (1-10),Paid Ads
usr_3017,2026-01-25,Startup (1-10),Paid Ads
usr_3018,2026-01-25,Mid-Market (51-200),Paid Ads
usr_3019,2026-01-25,SMB (11-50),Paid Ads
usr_3020,2026-01-25,Mid-Market (51-200),Product-Led Referral
usr_3021,2026-01-25,SMB (11-50),Paid Ads
usr_3022,2026-01-25,Startup (1-10),Organic Search
usr_3023,2026-01-25,SMB (11-50),Direct
usr_3024,2026-01-25,Startup (1-10),Organic Search
usr_3025,2026-01-25,SMB (11-50),Social
usr_3026,2026-01-25,Startup (1-10),Organic Search
usr_3027,2026-01-25,Enterprise (200+),Social
usr_3028,2026-01-26,Startup (1-10),Organic Search
usr_3029,2026-01-26,Startup (1-10),Organic Search
usr_3030,2026-01-26,Mid-Market (51-200),Organic Search
usr_3031,2026-01-26,Startup (1-10),Product-Led Referral
usr_3032,2026-01-26,SMB (11-50),Direct
usr_3033,2026-01-26,SMB (11-50),Paid Ads
usr_3034,2026-01-26,Mid-Market (51-200),Direct
usr_3035,2026-01-26,Enterprise (200+),Paid Ads
usr_3036,2026-01-26,Enterprise (200+),Product-Led Referral
usr_3037,2026-01-26,Startup (1-10),Direct
usr_3038,2026-01-26,Mid-Market (51-200),Organic Search
usr_3039,2026-01-26,SMB (11-50),Paid Ads
usr_3040,2026-01-26,SMB (11-50),Direct
usr_3041,2026-01-26,Startup (1-10),Direct
usr_3042,2026-01-26,SMB (11-50),Social
usr_3043,2026-01-26,Enterprise (200+),Direct
usr_3044,2026-01-26,Mid-Market (51-200),Organic Search
usr_3045,2026-01-27,Startup (1-10),Direct
usr_3046,2026-01-27,Startup (1-10),Paid Ads
usr_3047,2026-01-27,Startup (1-10),Social
usr_3048,2026-01-27,Mid-Market (51-200),Paid Ads
usr_3049,2026-01-27,SMB (11-50),Paid Ads
usr_3050,2026-01-27,Startup (1-10),Paid Ads
usr_3051,2026-01-27,Startup (1-10),Organic Search
usr_3052,2026-01-27,Startup (1-10),Organic Search
usr_3053,2026-01-27,Startup (1-10),Direct
usr_3054,2026-01-27,Mid-Market (51-200),Direct
usr_3055,2026-01-27,SMB (11-50),Organic Search
usr_3056,2026-01-27,Startup (1-10),Product-Led Referral
usr_3057,2026-01-27,SMB (11-50),Product-Led Referral
usr_3058,2026-01-27,Startup (1-10),Paid Ads
usr_3059,2026-01-27,Enterprise (200+),Organic Search
usr_3060,2026-01-27,Startup (1-10),Direct
usr_3061,2026-01-27,Startup (1-10),Product-Led Referral
usr_3062,2026-01-27,Startup (1-10),Paid Ads
usr_3063,2026-01-28,SMB (11-50),Product-Led Referral
usr_3064,2026-01-28,SMB (11-50),Organic Search
usr_3065,2026-01-28,SMB (11-50),Paid Ads
usr_3066,2026-01-28,Startup (1-10),Organic Search
usr_3067,2026-01-28,Startup (1-10),Organic Search
usr_3068,2026-01-28,Startup (1-10),Product-Led Referral
usr_3069,2026-01-28,SMB (11-50),Direct
usr_3070,2026-01-28,Startup (1-10),Paid Ads
usr_3071,2026-01-28,SMB (11-50),Organic Search
usr_3072,2026-01-28,Mid-Market (51-200),Product-Led Referral
usr_3073,2026-01-28,Mid-Market (51-200),Direct
usr_3074,2026-01-28,Startup (1-10),Product-Led Referral
usr_3075,2026-01-28,Startup (1-10),Direct
usr_3076,2026-01-28,Startup (1-10),Paid Ads
usr_3077,2026-01-28,SMB (11-50),Product-Led Referral
usr_3078,2026-01-29,Mid-Market (51-200),Organic Search
usr_3079,2026-01-29,Startup (1-10),Organic Search
usr_3080,2026-01-29,Startup (1-10),Paid Ads
usr_3081,2026-01-29,Mid-Market (51-200),Paid Ads
usr_3082,2026-01-29,Mid-Market (51-200),Direct
usr_3083,2026-01-29,Startup (1-10),Direct
usr_3084,2026-01-29,SMB (11-50),Organic Search
usr_3085,2026-01-29,Startup (1-10),Organic Search
usr_3086,2026-01-29,Startup (1-10),Paid Ads
usr_3087,2026-01-29,Mid-Market (51-200),Organic Search
usr_3088,2026-01-29,Mid-Market (51-200),Product-Led Referral
usr_3089,2026-01-29,SMB (11-50),Direct
usr_3090,2026-01-30,Startup (1-10),Social
usr_3091,2026-01-30,Mid-Market (51-200),Product-Led Referral
usr_3092,2026-01-30,Startup (1-10),Direct
usr_3093,2026-01-30,Startup (1-10),Paid Ads
usr_3094,2026-01-30,SMB (11-50),Organic Search
usr_3095,2026-01-30,Startup (1-10),Paid Ads
usr_3096,2026-01-30,SMB (11-50),Paid Ads
usr_3097,2026-01-30,SMB (11-50),Product-Led Referral
usr_3098,2026-01-30,Startup (1-10),Organic Search
usr_3099,2026-01-30,Startup (1-10),Paid Ads
usr_3100,2026-01-30,Startup (1-10),Paid Ads
usr_3101,2026-01-30,Startup (1-10),Social
usr_3102,2026-01-30,SMB (11-50),Paid Ads
usr_3103,2026-01-30,Mid-Market (51-200),Product-Led Referral
usr_3104,2026-01-30,Startup (1-10),Product-Led Referral
usr_3105,2026-01-30,Startup (1-10),Organic Search
usr_3106,2026-01-30,SMB (11-50),Paid Ads
usr_3107,2026-01-30,Mid-Market (51-200),Direct
usr_3108,2026-01-30,Startup (1-10),Paid Ads
usr_3109,2026-01-31,Startup (1-10),Direct
usr_3110,2026-01-31,SMB (11-50),Organic Search
usr_3111,2026-01-31,Startup (1-10),Organic Search
usr_3112,2026-01-31,Startup (1-10),Direct
usr_3113,2026-01-31,SMB (11-50),Direct
usr_3114,2026-01-31,SMB (11-50),Social
usr_3115,2026-01-31,SMB (11-50),Product-Led Referral
usr_3116,2026-01-31,SMB (11-50),Direct
usr_3117,2026-01-31,SMB (11-50),Direct
usr_3118,2026-01-31,Startup (1-10),Direct
usr_3119,2026-01-31,Startup (1-10),Paid Ads
usr_3120,2026-01-31,Startup (1-10),Paid Ads
usr_3121,2026-01-31,Startup (1-10),Direct
usr_3122,2026-01-31,SMB (11-50),Paid Ads
usr_3123,2026-01-31,Mid-Market (51-200),Paid Ads
usr_3124,2026-01-31,Enterprise (200+),Paid Ads
usr_3125,2026-02-01,SMB (11-50),Paid Ads
usr_3126,2026-02-01,Startup (1-10),Paid Ads
usr_3127,2026-02-01,Startup (1-10),Organic Search
usr_3128,2026-02-01,Mid-Market (51-200),Direct
usr_3129,2026-02-01,SMB (11-50),Paid Ads
usr_3130,2026-02-01,SMB (11-50),Paid Ads
usr_3131,2026-02-01,SMB (11-50),Organic Search
usr_3132,2026-02-01,SMB (11-50),Organic Search
usr_3133,2026-02-01,Mid-Market (51-200),Organic Search
usr_3134,2026-02-01,Startup (1-10),Product-Led Referral
usr_3135,2026-02-01,SMB (11-50),Organic Search
usr_3136,2026-02-01,Mid-Market (51-200),Direct
usr_3137,2026-02-01,Startup (1-10),Organic Search
usr_3138,2026-02-01,SMB (11-50),Organic Search
usr_3139,2026-02-01,Startup (1-10),Organic Search
usr_3140,2026-02-01,Enterprise (200+),Organic Search
usr_3141,2026-02-01,Startup (1-10),Product-Led Referral
usr_3142,2026-02-01,SMB (11-50),Direct
usr_3143,2026-02-01,Startup (1-10),Product-Led Referral
usr_3144,2026-02-01,SMB (11-50),Organic Search
usr_3145,2026-02-01,Startup (1-10),Organic Search
usr_3146,2026-02-01,Startup (1-10),Paid Ads
usr_3147,2026-02-01,Startup (1-10),Social
usr_3148,2026-02-01,Mid-Market (51-200),Organic Search
usr_3149,2026-02-02,Startup (1-10),Product-Led Referral
usr_3150,2026-02-02,Startup (1-10),Paid Ads
usr_3151,2026-02-02,SMB (11-50),Organic Search
usr_3152,2026-02-02,SMB (11-50),Paid Ads
usr_3153,2026-02-02,Mid-Market (51-200),Organic Search
usr_3154,2026-02-02,Startup (1-10),Product-Led Referral
usr_3155,2026-02-02,SMB (11-50),Organic Search
usr_3156,2026-02-02,Startup (1-10),Product-Led Referral
usr_3157,2026-02-02,Startup (1-10),Organic Search
usr_3158,2026-02-02,SMB (11-50),Social
usr_3159,2026-02-02,SMB (11-50),Organic Search
usr_3160,2026-02-03,SMB (11-50),Direct
usr_3161,2026-02-03,Startup (1-10),Direct
usr_3162,2026-02-03,Startup (1-10),Social
usr_3163,2026-02-03,Startup (1-10),Paid Ads
usr_3164,2026-02-03,Enterprise (200+),Product-Led Referral
usr_3165,2026-02-03,Startup (1-10),Paid Ads
usr_3166,2026-02-03,Startup (1-10),Organic Search
usr_3167,2026-02-03,Startup (1-10),Paid Ads
usr_3168,2026-02-03,SMB (11-50),Organic Search
usr_3169,2026-02-03,Startup (1-10),Social
usr_3170,2026-02-03,Mid-Market (51-200),Organic Search
usr_3171,2026-02-03,Startup (1-10),Paid Ads
usr_3172,2026-02-03,Mid-Market (51-200),Product-Led Referral
usr_3173,2026-02-03,Startup (1-10),Paid Ads
usr_3174,2026-02-03,SMB (11-50),Product-Led Referral
usr_3175,2026-02-03,Mid-Market (51-200),Organic Search
usr_3176,2026-02-04,Startup (1-10),Paid Ads
usr_3177,2026-02-04,Enterprise (200+),Organic Search
usr_3178,2026-02-04,Startup (1-10),Direct
usr_3179,2026-02-04,Mid-Market (51-200),Product-Led Referral
usr_3180,2026-02-04,SMB (11-50),Social
usr_3181,2026-02-04,Startup (1-10),Organic Search
usr_3182,2026-02-04,Startup (1-10),Organic Search
usr_3183,2026-02-04,Startup (1-10),Organic Search
usr_3184,2026-02-04,Startup (1-10),Organic Search
usr_3185,2026-02-04,Startup (1-10),Organic Search
usr_3186,2026-02-04,Startup (1-10),Product-Led Referral
usr_3187,2026-02-04,Startup (1-10),Organic Search
usr_3188,2026-02-04,SMB (11-50),Paid Ads
usr_3189,2026-02-04,Startup (1-10),Direct
usr_3190,2026-02-05,Startup (1-10),Product-Led Referral
usr_3191,2026-02-05,SMB (11-50),Paid Ads
usr_3192,2026-02-05,Startup (1-10),Paid Ads
usr_3193,2026-02-05,Startup (1-10),Paid Ads
usr_3194,2026-02-05,Startup (1-10),Organic Search
usr_3195,2026-02-05,Mid-Market (51-200),Product-Led Referral
usr_3196,2026-02-05,Mid-Market (51-200),Paid Ads
usr_3197,2026-02-05,Startup (1-10),Direct
usr_3198,2026-02-05,SMB (11-50),Product-Led Referral
usr_3199,2026-02-05,SMB (11-50),Product-Led Referral
usr_3200,2026-02-05,SMB (11-50),Paid Ads
usr_3201,2026-02-05,SMB (11-50),Organic Search
usr_3202,2026-02-05,SMB (11-50),Product-Led Referral
usr_3203,2026-02-05,Startup (1-10),Paid Ads
usr_3204,2026-02-05,Startup (1-10),Organic Search
usr_3205,2026-02-05,Startup (1-10),Organic Search
usr_3206,2026-02-06,Mid-Market (51-200),Organic Search
usr_3207,2026-02-06,SMB (11-50),Product-Led Referral
usr_3208,2026-02-06,Mid-Market (51-200),Organic Search
usr_3209,2026-02-06,Enterprise (200+),Paid Ads
usr_3210,2026-02-06,Startup (1-10),Paid Ads
usr_3211,2026-02-06,SMB (11-50),Paid Ads
usr_3212,2026-02-06,SMB (11-50),Direct
usr_3213,2026-02-06,Enterprise (200+),Direct
usr_3214,2026-02-07,Enterprise (200+),Paid Ads
usr_3215,2026-02-07,SMB (11-50),Organic Search
usr_3216,2026-02-07,Startup (1-10),Paid Ads
usr_3217,2026-02-07,SMB (11-50),Product-Led Referral
usr_3218,2026-02-07,Startup (1-10),Paid Ads
usr_3219,2026-02-07,SMB (11-50),Product-Led Referral
usr_3220,2026-02-07,Mid-Market (51-200),Organic Search
usr_3221,2026-02-07,Startup (1-10),Product-Led Referral
usr_3222,2026-02-07,SMB (11-50),Organic Search
usr_3223,2026-02-07,Startup (1-10),Product-Led Referral
usr_3224,2026-02-07,Startup (1-10),Organic Search
usr_3225,2026-02-07,Startup (1-10),Product-Led Referral
usr_3226,2026-02-07,SMB (11-50),Organic Search
usr_3227,2026-02-07,Mid-Market (51-200),Paid Ads
usr_3228,2026-02-07,Mid-Market (51-200),Product-Led Referral
usr_3229,2026-02-07,Startup (1-10),Organic Search
usr_3230,2026-02-07,Mid-Market (51-200),Product-Led Referral
usr_3231,2026-02-07,SMB (11-50),Product-Led Referral
usr_3232,2026-02-07,Startup (1-10),Paid Ads
usr_3233,2026-02-07,Startup (1-10),Paid Ads
usr_3234,2026-02-07,Startup (1-10),Paid Ads
usr_3235,2026-02-08,Mid-Market (51-200),Paid Ads
usr_3236,2026-02-08,SMB (11-50),Paid Ads
usr_3237,2026-02-08,SMB (11-50),Product-Led Referral
usr_3238,2026-02-08,Startup (1-10),Paid Ads
usr_3239,2026-02-08,SMB (11-50),Organic Search
usr_3240,2026-02-08,Startup (1-10),Organic Search
usr_3241,2026-02-08,Startup (1-10),Organic Search
usr_3242,2026-02-08,SMB (11-50),Organic Search
usr_3243,2026-02-08,Startup (1-10),Product-Led Referral
usr_3244,2026-02-08,Mid-Market (51-200),Product-Led Referral
usr_3245,2026-02-08,Startup (1-10),Organic Search
usr_3246,2026-02-08,SMB (11-50),Social
usr_3247,2026-02-08,Startup (1-10),Paid Ads
usr_3248,2026-02-08,SMB (11-50),Direct
usr_3249,2026-02-08,Startup (1-10),Product-Led Referral
usr_3250,2026-02-08,Startup (1-10),Product-Led Referral
usr_3251,2026-02-08,Mid-Market (51-200),Organic Search
usr_3252,2026-02-08,Startup (1-10),Organic Search
usr_3253,2026-02-08,Mid-Market (51-200),Organic Search
usr_3254,2026-02-08,Enterprise (200+),Product-Led Referral
usr_3255,2026-02-08,Startup (1-10),Organic Search
usr_3256,2026-02-09,Startup (1-10),Product-Led Referral
usr_3257,2026-02-09,SMB (11-50),Organic Search
usr_3258,2026-02-09,Enterprise (200+),Direct
usr_3259,2026-02-09,Mid-Market (51-200),Organic Search
usr_3260,2026-02-09,SMB (11-50),Organic Search
usr_3261,2026-02-09,SMB (11-50),Organic Search
usr_3262,2026-02-09,Startup (1-10),Paid Ads
usr_3263,2026-02-09,Enterprise (200+),Organic Search
usr_3264,2026-02-09,Enterprise (200+),Product-Led Referral
usr_3265,2026-02-09,Startup (1-10),Organic Search
usr_3266,2026-02-09,Startup (1-10),Paid Ads
usr_3267,2026-02-09,Startup (1-10),Direct
usr_3268,2026-02-09,Startup (1-10),Organic Search
usr_3269,2026-02-09,Mid-Market (51-200),Direct
usr_3270,2026-02-09,Startup (1-10),Social
usr_3271,2026-02-10,Startup (1-10),Organic Search
usr_3272,2026-02-10,Startup (1-10),Organic Search
usr_3273,2026-02-10,Enterprise (200+),Paid Ads
usr_3274,2026-02-10,SMB (11-50),Product-Led Referral
usr_3275,2026-02-10,Startup (1-10),Paid Ads
usr_3276,2026-02-10,Startup (1-10),Product-Led Referral
usr_3277,2026-02-10,Enterprise (200+),Product-Led Referral
usr_3278,2026-02-10,Mid-Market (51-200),Organic Search
usr_3279,2026-02-10,Startup (1-10),Direct
usr_3280,2026-02-10,Startup (1-10),Product-Led Referral
usr_3281,2026-02-10,Startup (1-10),Paid Ads
usr_3282,2026-02-10,Startup (1-10),Direct
usr_3283,2026-02-10,SMB (11-50),Product-Led Referral
usr_3284,2026-02-10,Mid-Market (51-200),Organic Search
usr_3285,2026-02-10,Startup (1-10),Paid Ads
usr_3286,2026-02-10,Mid-Market (51-200),Paid Ads
usr_3287,2026-02-11,Startup (1-10),Organic Search
usr_3288,2026-02-11,SMB (11-50),Social
usr_3289,2026-02-11,SMB (11-50),Organic Search
usr_3290,2026-02-11,Startup (1-10),Product-Led Referral
usr_3291,2026-02-11,Startup (1-10),Paid Ads
usr_3292,2026-02-11,SMB (11-50),Organic Search
usr_3293,2026-02-11,Startup (1-10),Direct
usr_3294,2026-02-11,Startup (1-10),Direct
usr_3295,2026-02-11,SMB (11-50),Paid Ads
usr_3296,2026-02-11,Enterprise (200+),Organic Search
usr_3297,2026-02-11,Startup (1-10),Organic Search
usr_3298,2026-02-11,Mid-Market (51-200),Paid Ads
usr_3299,2026-02-11,Startup (1-10),Organic Search
usr_3300,2026-02-11,SMB (11-50),Paid Ads
usr_3301,2026-02-11,SMB (11-50),Social
usr_3302,2026-02-11,Mid-Market (51-200),Paid Ads
usr_3303,2026-02-11,Startup (1-10),Direct
usr_3304,2026-02-11,SMB (11-50),Product-Led Referral
usr_3305,2026-02-12,SMB (11-50),Paid Ads
usr_3306,2026-02-12,Startup (1-10),Direct
usr_3307,2026-02-12,Startup (1-10),Paid Ads
usr_3308,2026-02-12,Startup (1-10),Direct
usr_3309,2026-02-12,Startup (1-10),Organic Search
usr_3310,2026-02-12,Mid-Market (51-200),Organic Search
usr_3311,2026-02-12,Startup (1-10),Direct
usr_3312,2026-02-12,Startup (1-10),Paid Ads
usr_3313,2026-02-12,SMB (11-50),Direct
usr_3314,2026-02-12,Startup (1-10),Direct
usr_3315,2026-02-12,SMB (11-50),Organic Search
usr_3316,2026-02-12,Startup (1-10),Paid Ads
usr_3317,2026-02-12,Enterprise (200+),Paid Ads
usr_3318,2026-02-13,Mid-Market (51-200),Product-Led Referral
usr_3319,2026-02-13,Mid-Market (51-200),Product-Led Referral
usr_3320,2026-02-13,Startup (1-10),Organic Search
usr_3321,2026-02-13,SMB (11-50),Paid Ads
usr_3322,2026-02-13,Startup (1-10),Product-Led Referral
usr_3323,2026-02-13,Startup (1-10),Organic Search
usr_3324,2026-02-13,Startup (1-10),Direct
usr_3325,2026-02-13,SMB (11-50),Product-Led Referral
usr_3326,2026-02-13,Startup (1-10),Direct
usr_3327,2026-02-13,SMB (11-50),Organic Search
usr_3328,2026-02-13,Startup (1-10),Organic Search
usr_3329,2026-02-13,Startup (1-10),Paid Ads
usr_3330,2026-02-13,SMB (11-50),Organic Search
usr_3331,2026-02-13,Startup (1-10),Social
usr_3332,2026-02-14,SMB (11-50),Organic Search
usr_3333,2026-02-14,Startup (1-10),Product-Led Referral
usr_3334,2026-02-14,Mid-Market (51-200),Paid Ads
usr_3335,2026-02-14,SMB (11-50),Paid Ads
usr_3336,2026-02-14,Startup (1-10),Organic Search
usr_3337,2026-02-14,Startup (1-10),Product-Led Referral
usr_3338,2026-02-14,SMB (11-50),Paid Ads
usr_3339,2026-02-14,Mid-Market (51-200),Organic Search
usr_3340,2026-02-14,Startup (1-10),Direct
usr_3341,2026-02-14,Startup (1-10),Organic Search
usr_3342,2026-02-14,Mid-Market (51-200),Paid Ads
usr_3343,2026-02-15,SMB (11-50),Paid Ads
usr_3344,2026-02-15,Startup (1-10),Organic Search
usr_3345,2026-02-15,Startup (1-10),Direct
usr_3346,2026-02-15,Startup (1-10),Paid Ads
usr_3347,2026-02-15,SMB (11-50),Organic Search
usr_3348,2026-02-15,Startup (1-10),Paid Ads
usr_3349,2026-02-15,Enterprise (200+),Product-Led Referral
usr_3350,2026-02-15,Startup (1-10),Paid Ads
usr_3351,2026-02-15,Startup (1-10),Product-Led Referral
usr_3352,2026-02-15,SMB (11-50),Organic Search
usr_3353,2026-02-15,Mid-Market (51-200),Organic Search
usr_3354,2026-02-16,Mid-Market (51-200),Direct
usr_3355,2026-02-16,Startup (1-10),Organic Search
usr_3356,2026-02-16,SMB (11-50),Direct
usr_3357,2026-02-16,SMB (11-50),Organic Search
usr_3358,2026-02-16,Startup (1-10),Direct
usr_3359,2026-02-16,Startup (1-10),Paid Ads
usr_3360,2026-02-16,Startup (1-10),Product-Led Referral
usr_3361,2026-02-16,Startup (1-10),Organic Search
usr_3362,2026-02-16,Mid-Market (51-200),Organic Search
usr_3363,2026-02-16,Startup (1-10),Organic Search
usr_3364,2026-02-16,Enterprise (200+),Organic Search
usr_3365,2026-02-17,SMB (11-50),Organic Search
usr_3366,2026-02-17,SMB (11-50),Paid Ads
usr_3367,2026-02-17,SMB (11-50),Paid Ads
usr_3368,2026-02-17,Startup (1-10),Product-Led Referral
usr_3369,2026-02-17,Startup (1-10),Product-Led Referral
usr_3370,2026-02-17,Startup (1-10),Product-Led Referral
usr_3371,2026-02-17,SMB (11-50),Paid Ads
usr_3372,2026-02-17,Startup (1-10),Paid Ads
usr_3373,2026-02-17,SMB (11-50),Paid Ads
usr_3374,2026-02-17,Startup (1-10),Direct
usr_3375,2026-02-17,Startup (1-10),Organic Search
usr_3376,2026-02-17,Startup (1-10),Organic Search
usr_3377,2026-02-17,Mid-Market (51-200),Product-Led Referral
usr_3378,2026-02-17,SMB (11-50),Organic Search
usr_3379,2026-02-17,Startup (1-10),Direct
usr_3380,2026-02-17,SMB (11-50),Direct
usr_3381,2026-02-18,Startup (1-10),Organic Search
usr_3382,2026-02-18,Enterprise (200+),Organic Search
usr_3383,2026-02-18,SMB (11-50),Paid Ads
usr_3384,2026-02-18,Startup (1-10),Product-Led Referral
usr_3385,2026-02-18,SMB (11-50),Organic Search
usr_3386,2026-02-18,Startup (1-10),Product-Led Referral
usr_3387,2026-02-18,Enterprise (200+),Paid Ads
usr_3388,2026-02-18,Startup (1-10),Organic Search
usr_3389,2026-02-18,SMB (11-50),Organic Search
usr_3390,2026-02-18,Startup (1-10),Product-Led Referral
usr_3391,2026-02-19,SMB (11-50),Organic Search
usr_3392,2026-02-19,SMB (11-50),Direct
usr_3393,2026-02-19,SMB (11-50),Paid Ads
usr_3394,2026-02-19,SMB (11-50),Paid Ads
usr_3395,2026-02-19,Mid-Market (51-200),Direct
usr_3396,2026-02-19,Startup (1-10),Direct
usr_3397,2026-02-19,Startup (1-10),Paid Ads
usr_3398,2026-02-19,Startup (1-10),Organic Search
usr_3399,2026-02-19,Enterprise (200+),Product-Led Referral
usr_3400,2026-02-19,Startup (1-10),Paid Ads
usr_3401,2026-02-19,SMB (11-50),Organic Search
usr_3402,2026-02-20,SMB (11-50),Direct
usr_3403,2026-02-20,Startup (1-10),Organic Search
usr_3404,2026-02-20,Startup (1-10),Organic Search
usr_3405,2026-02-20,Startup (1-10),Organic Search
usr_3406,2026-02-20,Startup (1-10),Product-Led Referral
usr_3407,2026-02-20,Startup (1-10),Product-Led Referral
usr_3408,2026-02-20,Startup (1-10),Organic Search
usr_3409,2026-02-20,Mid-Market (51-200),Organic Search
usr_3410,2026-02-20,Enterprise (200+),Organic Search
usr_3411,2026-02-20,Startup (1-10),Product-Led Referral
usr_3412,2026-02-20,Startup (1-10),Organic Search
usr_3413,2026-02-20,Startup (1-10),Direct
usr_3414,2026-02-20,SMB (11-50),Organic Search
usr_3415,2026-02-20,Mid-Market (51-200),Social
usr_3416,2026-02-20,Startup (1-10),Organic Search
usr_3417,2026-02-20,Startup (1-10),Product-Led Referral
usr_3418,2026-02-20,SMB (11-50),Organic Search
usr_3419,2026-02-20,SMB (11-50),Organic Search
usr_3420,2026-02-20,Startup (1-10),Direct
usr_3421,2026-02-20,SMB (11-50),Direct
usr_3422,2026-02-20,Startup (1-10),Paid Ads
usr_3423,2026-02-20,Startup (1-10),Product-Led Referral
usr_3424,2026-02-21,SMB (11-50),Paid Ads
usr_3425,2026-02-21,Mid-Market (51-200),Direct
usr_3426,2026-02-21,Startup (1-10),Organic Search
usr_3427,2026-02-21,Mid-Market (51-200),Paid Ads
usr_3428,2026-02-21,Startup (1-10),Paid Ads
usr_3429,2026-02-21,SMB (11-50),Paid Ads
usr_3430,2026-02-21,Startup (1-10),Direct
usr_3431,2026-02-21,Mid-Market (51-200),Organic Search
usr_3432,2026-02-21,Mid-Market (51-200),Organic Search
usr_3433,2026-02-21,Startup (1-10),Paid Ads
usr_3434,2026-02-22,Mid-Market (51-200),Product-Led Referral
usr_3435,2026-02-22,Mid-Market (51-200),Organic Search
usr_3436,2026-02-22,SMB (11-50),Paid Ads
usr_3437,2026-02-22,Startup (1-10),Direct
usr_3438,2026-02-22,Mid-Market (51-200),Organic Search
usr_3439,2026-02-22,Mid-Market (51-200),Product-Led Referral
usr_3440,2026-02-22,Startup (1-10),Product-Led Referral
usr_3441,2026-02-22,Enterprise (200+),Paid Ads
usr_3442,2026-02-22,Startup (1-10),Direct
usr_3443,2026-02-22,Startup (1-10),Product-Led Referral
usr_3444,2026-02-22,SMB (11-50),Paid Ads
usr_3445,2026-02-22,SMB (11-50),Paid Ads
usr_3446,2026-02-22,SMB (11-50),Product-Led Referral
usr_3447,2026-02-22,Startup (1-10),Paid Ads
usr_3448,2026-02-22,Enterprise (200+),Direct
usr_3449,2026-02-22,Startup (1-10),Paid Ads
usr_3450,2026-02-23,Startup (1-10),Organic Search
usr_3451,2026-02-23,Startup (1-10),Organic Search
usr_3452,2026-02-23,SMB (11-50),Organic Search
usr_3453,2026-02-23,Mid-Market (51-200),Organic Search
usr_3454,2026-02-23,SMB (11-50),Direct
usr_3455,2026-02-23,Mid-Market (51-200),Product-Led Referral
usr_3456,2026-02-23,Startup (1-10),Product-Led Referral
usr_3457,2026-02-23,SMB (11-50),Product-Led Referral
usr_3458,2026-02-23,Startup (1-10),Direct
usr_3459,2026-02-23,Startup (1-10),Paid Ads
usr_3460,2026-02-23,Startup (1-10),Direct
usr_3461,2026-02-23,SMB (11-50),Paid Ads
usr_3462,2026-02-24,SMB (11-50),Direct
usr_3463,2026-02-24,SMB (11-50),Product-Led Referral
usr_3464,2026-02-24,Startup (1-10),Organic Search
usr_3465,2026-02-24,Startup (1-10),Paid Ads
usr_3466,2026-02-24,SMB (11-50),Paid Ads
usr_3467,2026-02-24,Startup (1-10),Organic Search
usr_3468,2026-02-24,Mid-Market (51-200),Paid Ads
usr_3469,2026-02-24,SMB (11-50),Organic Search
usr_3470,2026-02-24,Startup (1-10),Organic Search
usr_3471,2026-02-24,Enterprise (200+),Direct
usr_3472,2026-02-24,SMB (11-50),Product-Led Referral
usr_3473,2026-02-24,Startup (1-10),Direct
usr_3474,2026-02-24,SMB (11-50),Product-Led Referral
usr_3475,2026-02-24,Startup (1-10),Paid Ads
usr_3476,2026-02-24,Mid-Market (51-200),Paid Ads
usr_3477,2026-02-25,Mid-Market (51-200),Product-Led Referral
usr_3478,2026-02-25,Enterprise (200+),Social
usr_3479,2026-02-25,SMB (11-50),Organic Search
usr_3480,2026-02-25,Startup (1-10),Direct
usr_3481,2026-02-25,SMB (11-50),Direct
usr_3482,2026-02-25,Startup (1-10),Product-Led Referral
usr_3483,2026-02-25,SMB (11-50),Direct
usr_3484,2026-02-25,SMB (11-50),Paid Ads
usr_3485,2026-02-25,Startup (1-10),Social
usr_3486,2026-02-25,Startup (1-10),Product-Led Referral
usr_3487,2026-02-25,Mid-Market (51-200),Organic Search
usr_3488,2026-02-25,Mid-Market (51-200),Direct
usr_3489,2026-02-25,Startup (1-10),Paid Ads
usr_3490,2026-02-25,Startup (1-10),Paid Ads
usr_3491,2026-02-25,Startup (1-10),Paid Ads
usr_3492,2026-02-25,Mid-Market (51-200),Organic Search
usr_3493,2026-02-26,Startup (1-10),Paid Ads
usr_3494,2026-02-26,SMB (11-50),Direct
usr_3495,2026-02-26,Startup (1-10),Organic Search
usr_3496,2026-02-26,SMB (11-50),Organic Search
usr_3497,2026-02-26,Startup (1-10),Organic Search
usr_3498,2026-02-26,SMB (11-50),Paid Ads
usr_3499,2026-02-26,Startup (1-10),Product-Led Referral
usr_3500,2026-02-26,SMB (11-50),Product-Led Referral
usr_3501,2026-02-26,Startup (1-10),Direct
usr_3502,2026-02-26,SMB (11-50),Product-Led Referral
usr_3503,2026-02-26,Mid-Market (51-200),Organic Search
usr_3504,2026-02-26,Startup (1-10),Direct
usr_3505,2026-02-26,Mid-Market (51-200),Product-Led Referral
usr_3506,2026-02-26,SMB (11-50),Paid Ads
usr_3507,2026-02-27,Startup (1-10),Product-Led Referral
usr_3508,2026-02-27,Startup (1-10),Direct
usr_3509,2026-02-27,Startup (1-10),Product-Led Referral
usr_3510,2026-02-27,SMB (11-50),Paid Ads
usr_3511,2026-02-27,SMB (11-50),Product-Led Referral
usr_3512,2026-02-27,Startup (1-10),Organic Search
usr_3513,2026-02-27,SMB (11-50),Paid Ads
usr_3514,2026-02-27,Mid-Market (51-200),Paid Ads
usr_3515,2026-02-28,Mid-Market (51-200),Organic Search
usr_3516,2026-02-28,SMB (11-50),Organic Search
usr_3517,2026-02-28,Enterprise (200+),Organic Search
usr_3518,2026-02-28,SMB (11-50),Product-Led Referral
usr_3519,2026-02-28,Startup (1-10),Direct
usr_3520,2026-02-28,Mid-Market (51-200),Social
usr_3521,2026-02-28,Startup (1-10),Organic Search
usr_3522,2026-02-28,Startup (1-10),Paid Ads
usr_3523,2026-02-28,Startup (1-10),Direct
usr_3524,2026-02-28,Mid-Market (51-200),Organic Search
usr_3525,2026-02-28,Mid-Market (51-200),Product-Led Referral
usr_3526,2026-02-28,Startup (1-10),Product-Led Referral
usr_3527,2026-02-28,Startup (1-10),Organic Search
usr_3528,2026-02-28,Startup (1-10),Direct
usr_3529,2026-02-28,SMB (11-50),Direct
usr_3530,2026-03-01,Startup (1-10),Organic Search
usr_3531,2026-03-01,SMB (11-50),Organic Search
usr_3532,2026-03-01,Startup (1-10),Organic Search
usr_3533,2026-03-01,Startup (1-10),Organic Search
usr_3534,2026-03-01,Startup (1-10),Paid Ads
usr_3535,2026-03-01,Startup (1-10),Paid Ads
usr_3536,2026-03-01,Mid-Market (51-200),Organic Search
usr_3537,2026-03-01,Startup (1-10),Direct
usr_3538,2026-03-01,Startup (1-10),Paid Ads
usr_3539,2026-03-01,Startup (1-10),Organic Search
usr_3540,2026-03-01,Startup (1-10),Organic Search
usr_3541,2026-03-01,Startup (1-10),Paid Ads
usr_3542,2026-03-01,Startup (1-10),Paid Ads
usr_3543,2026-03-02,SMB (11-50),Organic Search
usr_3544,2026-03-02,SMB (11-50),Organic Search
usr_3545,2026-03-02,Startup (1-10),Direct
usr_3546,2026-03-02,Startup (1-10),Social
usr_3547,2026-03-02,Enterprise (200+),Organic Search
usr_3548,2026-03-02,Startup (1-10),Paid Ads
usr_3549,2026-03-02,Startup (1-10),Product-Led Referral
usr_3550,2026-03-02,Startup (1-10),Product-Led Referral
usr_3551,2026-03-02,Startup (1-10),Paid Ads
usr_3552,2026-03-02,SMB (11-50),Direct
usr_3553,2026-03-02,Startup (1-10),Paid Ads
usr_3554,2026-03-02,SMB (11-50),Paid Ads
usr_3555,2026-03-02,Startup (1-10),Product-Led Referral
usr_3556,2026-03-02,Startup (1-10),Social
usr_3557,2026-03-02,SMB (11-50),Product-Led Referral
usr_3558,2026-03-02,Startup (1-10),Organic Search
usr_3559,2026-03-03,SMB (11-50),Organic Search
usr_3560,2026-03-03,Startup (1-10),Paid Ads
usr_3561,2026-03-03,SMB (11-50),Organic Search
usr_3562,2026-03-03,Startup (1-10),Product-Led Referral
usr_3563,2026-03-03,Mid-Market (51-200),Direct
usr_3564,2026-03-03,Startup (1-10),Product-Led Referral
usr_3565,2026-03-03,Mid-Market (51-200),Social
usr_3566,2026-03-03,Startup (1-10),Organic Search
usr_3567,2026-03-03,SMB (11-50),Direct
usr_3568,2026-03-03,Startup (1-10),Product-Led Referral
usr_3569,2026-03-03,Mid-Market (51-200),Paid Ads
usr_3570,2026-03-03,Startup (1-10),Product-Led Referral
usr_3571,2026-03-04,Startup (1-10),Organic Search
usr_3572,2026-03-04,Startup (1-10),Product-Led Referral
usr_3573,2026-03-04,Startup (1-10),Paid Ads
usr_3574,2026-03-04,Startup (1-10),Organic Search
usr_3575,2026-03-04,Mid-Market (51-200),Product-Led Referral
usr_3576,2026-03-04,Enterprise (200+),Product-Led Referral
usr_3577,2026-03-05,Startup (1-10),Organic Search
usr_3578,2026-03-05,Mid-Market (51-200),Organic Search
usr_3579,2026-03-05,SMB (11-50),Paid Ads
usr_3580,2026-03-05,Startup (1-10),Paid Ads
usr_3581,2026-03-05,SMB (11-50),Direct
usr_3582,2026-03-05,SMB (11-50),Direct
usr_3583,2026-03-05,Enterprise (200+),Paid Ads
usr_3584,2026-03-05,Startup (1-10),Product-Led Referral
usr_3585,2026-03-05,SMB (11-50),Paid Ads
usr_3586,2026-03-05,Startup (1-10),Product-Led Referral
usr_3587,2026-03-05,Startup (1-10),Organic Search
usr_3588,2026-03-06,Startup (1-10),Paid Ads
usr_3589,2026-03-06,Enterprise (200+),Product-Led Referral
usr_3590,2026-03-06,Mid-Market (51-200),Organic Search
usr_3591,2026-03-06,SMB (11-50),Product-Led Referral
usr_3592,2026-03-06,SMB (11-50),Direct
usr_3593,2026-03-06,Startup (1-10),Paid Ads
usr_3594,2026-03-06,Startup (1-10),Paid Ads
usr_3595,2026-03-06,Startup (1-10),Direct
usr_3596,2026-03-06,Startup (1-10),Product-Led Referral
usr_3597,2026-03-06,SMB (11-50),Organic Search
usr_3598,2026-03-06,SMB (11-50),Organic Search
usr_3599,2026-03-06,Startup (1-10),Product-Led Referral
usr_3600,2026-03-06,Startup (1-10),Paid Ads
usr_3601,2026-03-07,Startup (1-10),Organic Search
usr_3602,2026-03-07,Startup (1-10),Organic Search
usr_3603,2026-03-07,Mid-Market (51-200),Direct
usr_3604,2026-03-07,SMB (11-50),Product-Led Referral
usr_3605,2026-03-07,Mid-Market (51-200),Social
usr_3606,2026-03-07,Startup (1-10),Product-Led Referral
usr_3607,2026-03-07,Startup (1-10),Direct
usr_3608,2026-03-07,Startup (1-10),Organic Search
usr_3609,2026-03-07,Mid-Market (51-200),Product-Led Referral
usr_3610,2026-03-07,SMB (11-50),Organic Search
usr_3611,2026-03-07,Startup (1-10),Product-Led Referral
usr_3612,2026-03-07,SMB (11-50),Paid Ads
usr_3613,2026-03-07,Startup (1-10),Organic Search
usr_3614,2026-03-07,SMB (11-50),Direct
usr_3615,2026-03-07,Mid-Market (51-200),Direct
usr_3616,2026-03-07,SMB (11-50),Organic Search
usr_3617,2026-03-07,SMB (11-50),Product-Led Referral
usr_3618,2026-03-07,Startup (1-10),Paid Ads
usr_3619,2026-03-07,Startup (1-10),Paid Ads
usr_3620,2026-03-07,Startup (1-10),Direct
usr_3621,2026-03-07,Startup (1-10),Organic Search
usr_3622,2026-03-07,SMB (11-50),Direct
usr_3623,2026-03-08,SMB (11-50),Organic Search
usr_3624,2026-03-08,Startup (1-10),Product-Led Referral
usr_3625,2026-03-08,Mid-Market (51-200),Product-Led Referral
usr_3626,2026-03-08,Startup (1-10),Organic Search
usr_3627,2026-03-08,Startup (1-10),Organic Search
usr_3628,2026-03-08,Startup (1-10),Direct
usr_3629,2026-03-08,Startup (1-10),Product-Led Referral
usr_3630,2026-03-08,Startup (1-10),Organic Search
usr_3631,2026-03-08,Startup (1-10),Paid Ads
usr_3632,2026-03-08,Startup (1-10),Organic Search
usr_3633,2026-03-09,Enterprise (200+),Organic Search
usr_3634,2026-03-09,Startup (1-10),Paid Ads
usr_3635,2026-03-09,Startup (1-10),Organic Search
usr_3636,2026-03-09,Startup (1-10),Direct
usr_3637,2026-03-09,SMB (11-50),Product-Led Referral
usr_3638,2026-03-09,Startup (1-10),Direct
usr_3639,2026-03-09,Mid-Market (51-200),Product-Led Referral
usr_3640,2026-03-09,SMB (11-50),Direct
usr_3641,2026-03-09,SMB (11-50),Paid Ads
usr_3642,2026-03-09,SMB (11-50),Product-Led Referral
usr_3643,2026-03-09,Startup (1-10),Social
usr_3644,2026-03-09,Startup (1-10),Product-Led Referral
usr_3645,2026-03-09,Startup (1-10),Organic Search
usr_3646,2026-03-09,SMB (11-50),Product-Led Referral
usr_3647,2026-03-10,Startup (1-10),Direct
usr_3648,2026-03-10,Startup (1-10),Product-Led Referral
usr_3649,2026-03-10,Enterprise (200+),Paid Ads
usr_3650,2026-03-10,Startup (1-10),Product-Led Referral
usr_3651,2026-03-10,Mid-Market (51-200),Social
usr_3652,2026-03-10,SMB (11-50),Organic Search
usr_3653,2026-03-10,Startup (1-10),Product-Led Referral
usr_3654,2026-03-10,Startup (1-10),Organic Search
usr_3655,2026-03-10,Startup (1-10),Product-Led Referral
usr_3656,2026-03-10,SMB (11-50),Product-Led Referral
usr_3657,2026-03-10,SMB (11-50),Organic Search
usr_3658,2026-03-10,SMB (11-50),Organic Search
usr_3659,2026-03-10,Mid-Market (51-200),Product-Led Referral
usr_3660,2026-03-11,SMB (11-50),Organic Search
usr_3661,2026-03-11,Startup (1-10),Organic Search
usr_3662,2026-03-11,Startup (1-10),Direct
usr_3663,2026-03-11,Mid-Market (51-200),Organic Search
usr_3664,2026-03-11,Startup (1-10),Paid Ads
usr_3665,2026-03-11,Startup (1-10),Direct
usr_3666,2026-03-11,SMB (11-50),Organic Search
usr_3667,2026-03-11,Startup (1-10),Paid Ads
usr_3668,2026-03-11,Mid-Market (51-200),Product-Led Referral
usr_3669,2026-03-11,SMB (11-50),Product-Led Referral
usr_3670,2026-03-11,Startup (1-10),Direct
usr_3671,2026-03-11,Mid-Market (51-200),Direct
usr_3672,2026-03-11,Startup (1-10),Product-Led Referral
usr_3673,2026-03-11,Startup (1-10),Organic Search
usr_3674,2026-03-11,Startup (1-10),Organic Search
usr_3675,2026-03-11,Startup (1-10),Paid Ads
usr_3676,2026-03-11,Startup (1-10),Organic Search
usr_3677,2026-03-11,Startup (1-10),Product-Led Referral
usr_3678,2026-03-11,Startup (1-10),Product-Led Referral
usr_3679,2026-03-11,Startup (1-10),Organic Search
usr_3680,2026-03-12,SMB (11-50),Direct
usr_3681,2026-03-12,Mid-Market (51-200),Organic Search
usr_3682,2026-03-12,Startup (1-10),Paid Ads
usr_3683,2026-03-12,Startup (1-10),Product-Led Referral
usr_3684,2026-03-12,Startup (1-10),Paid Ads
usr_3685,2026-03-12,Startup (1-10),Paid Ads
usr_3686,2026-03-12,SMB (11-50),Organic Search
usr_3687,2026-03-12,SMB (11-50),Paid Ads
usr_3688,2026-03-12,Startup (1-10),Product-Led Referral
usr_3689,2026-03-13,Startup (1-10),Direct
usr_3690,2026-03-13,Startup (1-10),Paid Ads
usr_3691,2026-03-13,SMB (11-50),Paid Ads
usr_3692,2026-03-13,Startup (1-10),Product-Led Referral
usr_3693,2026-03-13,Enterprise (200+),Direct
usr_3694,2026-03-13,SMB (11-50),Organic Search
usr_3695,2026-03-13,Startup (1-10),Paid Ads
usr_3696,2026-03-13,SMB (11-50),Product-Led Referral
usr_3697,2026-03-13,Mid-Market (51-200),Product-Led Referral
usr_3698,2026-03-13,SMB (11-50),Organic Search
usr_3699,2026-03-14,Startup (1-10),Product-Led Referral
usr_3700,2026-03-14,Startup (1-10),Organic Search
usr_3701,2026-03-14,Mid-Market (51-200),Paid Ads
usr_3702,2026-03-14,SMB (11-50),Paid Ads
usr_3703,2026-03-14,SMB (11-50),Direct
usr_3704,2026-03-14,Mid-Market (51-200),Paid Ads
usr_3705,2026-03-14,Mid-Market (51-200),Organic Search
usr_3706,2026-03-14,Mid-Market (51-200),Organic Search
usr_3707,2026-03-14,Startup (1-10),Direct
usr_3708,2026-03-14,SMB (11-50),Organic Search
usr_3709,2026-03-14,SMB (11-50),Paid Ads
usr_3710,2026-03-14,SMB (11-50),Organic Search
usr_3711,2026-03-15,SMB (11-50),Product-Led Referral
usr_3712,2026-03-15,Startup (1-10),Paid Ads
usr_3713,2026-03-15,SMB (11-50),Paid Ads
usr_3714,2026-03-15,SMB (11-50),Paid Ads
usr_3715,2026-03-15,Startup (1-10),Direct
usr_3716,2026-03-15,Startup (1-10),Paid Ads
usr_3717,2026-03-15,Startup (1-10),Product-Led Referral
usr_3718,2026-03-15,Startup (1-10),Direct
usr_3719,2026-03-15,Startup (1-10),Direct
usr_3720,2026-03-15,Startup (1-10),Organic Search
usr_3721,2026-03-15,SMB (11-50),Social
usr_3722,2026-03-15,SMB (11-50),Organic Search
usr_3723,2026-03-15,SMB (11-50),Paid Ads
usr_3724,2026-03-15,Mid-Market (51-200),Direct
usr_3725,2026-03-16,Startup (1-10),Organic Search
usr_3726,2026-03-16,Startup (1-10),Organic Search
usr_3727,2026-03-16,Mid-Market (51-200),Organic Search
usr_3728,2026-03-16,Startup (1-10),Product-Led Referral
usr_3729,2026-03-16,Enterprise (200+),Paid Ads
usr_3730,2026-03-16,Mid-Market (51-200),Product-Led Referral
usr_3731,2026-03-16,SMB (11-50),Direct
usr_3732,2026-03-16,Enterprise (200+),Product-Led Referral
usr_3733,2026-03-17,Startup (1-10),Organic Search
usr_3734,2026-03-17,Startup (1-10),Direct
usr_3735,2026-03-17,SMB (11-50),Organic Search
usr_3736,2026-03-17,Startup (1-10),Organic Search
usr_3737,2026-03-17,Mid-Market (51-200),Organic Search
usr_3738,2026-03-17,Startup (1-10),Paid Ads
usr_3739,2026-03-17,SMB (11-50),Organic Search
usr_3740,2026-03-17,SMB (11-50),Organic Search
usr_3741,2026-03-17,SMB (11-50),Organic Search
usr_3742,2026-03-17,Startup (1-10),Organic Search
usr_3743,2026-03-17,Startup (1-10),Product-Led Referral
usr_3744,2026-03-17,Mid-Market (51-200),Direct
usr_3745,2026-03-17,Startup (1-10),Product-Led Referral
usr_3746,2026-03-17,Mid-Market (51-200),Organic Search
usr_3747,2026-03-17,SMB (11-50),Organic Search
usr_3748,2026-03-18,SMB (11-50),Social
usr_3749,2026-03-18,SMB (11-50),Organic Search
usr_3750,2026-03-18,Startup (1-10),Direct
usr_3751,2026-03-18,SMB (11-50),Organic Search
usr_3752,2026-03-18,Mid-Market (51-200),Direct
usr_3753,2026-03-18,Startup (1-10),Organic Search
usr_3754,2026-03-18,Enterprise (200+),Paid Ads
usr_3755,2026-03-18,Startup (1-10),Product-Led Referral
usr_3756,2026-03-18,Startup (1-10),Paid Ads
usr_3757,2026-03-19,Startup (1-10),Organic Search
usr_3758,2026-03-19,Enterprise (200+),Paid Ads
usr_3759,2026-03-19,Startup (1-10),Product-Led Referral
usr_3760,2026-03-19,Mid-Market (51-200),Organic Search
usr_3761,2026-03-19,Mid-Market (51-200),Organic Search
usr_3762,2026-03-20,Startup (1-10),Paid Ads
usr_3763,2026-03-20,Startup (1-10),Organic Search
usr_3764,2026-03-20,SMB (11-50),Product-Led Referral
usr_3765,2026-03-20,Startup (1-10),Organic Search
usr_3766,2026-03-20,SMB (11-50),Paid Ads
usr_3767,2026-03-20,Startup (1-10),Organic Search
usr_3768,2026-03-20,Startup (1-10),Paid Ads
usr_3769,2026-03-20,SMB (11-50),Organic Search
usr_3770,2026-03-20,Startup (1-10),Organic Search
usr_3771,2026-03-20,Startup (1-10),Organic Search
usr_3772,2026-03-20,Startup (1-10),Social
usr_3773,2026-03-20,Startup (1-10),Organic Search
usr_3774,2026-03-20,SMB (11-50),Product-Led Referral
usr_3775,2026-03-20,Mid-Market (51-200),Organic Search
usr_3776,2026-03-20,Startup (1-10),Organic Search
usr_3777,2026-03-21,SMB (11-50),Paid Ads
usr_3778,2026-03-21,SMB (11-50),Paid Ads
usr_3779,2026-03-21,Startup (1-10),Social
usr_3780,2026-03-21,Startup (1-10),Direct
usr_3781,2026-03-21,Mid-Market (51-200),Product-Led Referral
usr_3782,2026-03-21,SMB (11-50),Product-Led Referral
usr_3783,2026-03-21,SMB (11-50),Paid Ads
usr_3784,2026-03-21,SMB (11-50),Paid Ads
usr_3785,2026-03-21,Startup (1-10),Direct
usr_3786,2026-03-21,SMB (11-50),Product-Led Referral
usr_3787,2026-03-21,SMB (11-50),Paid Ads
usr_3788,2026-03-21,SMB (11-50),Organic Search
usr_3789,2026-03-21,Startup (1-10),Organic Search
usr_3790,2026-03-21,Startup (1-10),Direct
usr_3791,2026-03-21,Startup (1-10),Organic Search
usr_3792,2026-03-21,Enterprise (200+),Paid Ads
usr_3793,2026-03-21,Startup (1-10),Organic Search
usr_3794,2026-03-22,Startup (1-10),Direct
usr_3795,2026-03-22,Startup (1-10),Organic Search
usr_3796,2026-03-22,Startup (1-10),Direct
usr_3797,2026-03-22,SMB (11-50),Organic Search
usr_3798,2026-03-22,SMB (11-50),Direct
usr_3799,2026-03-22,SMB (11-50),Product-Led Referral
usr_3800,2026-03-22,Startup (1-10),Organic Search
usr_3801,2026-03-22,SMB (11-50),Paid Ads
usr_3802,2026-03-22,Startup (1-10),Organic Search
usr_3803,2026-03-22,Startup (1-10),Organic Search
usr_3804,2026-03-22,Startup (1-10),Direct
usr_3805,2026-03-22,Startup (1-10),Paid Ads
usr_3806,2026-03-23,Startup (1-10),Paid Ads
usr_3807,2026-03-23,SMB (11-50),Organic Search
usr_3808,2026-03-23,SMB (11-50),Paid Ads
usr_3809,2026-03-23,Mid-Market (51-200),Direct
usr_3810,2026-03-23,Startup (1-10),Paid Ads
usr_3811,2026-03-23,Startup (1-10),Social
usr_3812,2026-03-23,Startup (1-10),Direct
usr_3813,2026-03-23,Enterprise (200+),Organic Search
usr_3814,2026-03-23,SMB (11-50),Organic Search
usr_3815,2026-03-23,SMB (11-50),Direct
usr_3816,2026-03-23,Startup (1-10),Paid Ads
usr_3817,2026-03-23,SMB (11-50),Organic Search
usr_3818,2026-03-24,Startup (1-10),Organic Search
usr_3819,2026-03-24,SMB (11-50),Paid Ads
usr_3820,2026-03-24,Mid-Market (51-200),Product-Led Referral
usr_3821,2026-03-24,Enterprise (200+),Organic Search
usr_3822,2026-03-24,SMB (11-50),Organic Search
usr_3823,2026-03-24,Startup (1-10),Direct
usr_3824,2026-03-24,Mid-Market (51-200),Product-Led Referral
usr_3825,2026-03-24,SMB (11-50),Paid Ads
usr_3826,2026-03-25,Startup (1-10),Product-Led Referral
usr_3827,2026-03-25,Startup (1-10),Paid Ads
usr_3828,2026-03-25,Startup (1-10),Product-Led Referral
usr_3829,2026-03-25,Startup (1-10),Paid Ads
usr_3830,2026-03-25,Startup (1-10),Organic Search
usr_3831,2026-03-25,SMB (11-50),Product-Led Referral
usr_3832,2026-03-25,Startup (1-10),Paid Ads
usr_3833,2026-03-25,Startup (1-10),Social
usr_3834,2026-03-25,SMB (11-50),Organic Search
usr_3835,2026-03-25,Mid-Market (51-200),Direct
usr_3836,2026-03-25,SMB (11-50),Direct
usr_3837,2026-03-25,Startup (1-10),Organic Search
usr_3838,2026-03-25,Mid-Market (51-200),Product-Led Referral
usr_3839,2026-03-26,Mid-Market (51-200),Paid Ads
usr_3840,2026-03-26,Startup (1-10),Direct
usr_3841,2026-03-26,Startup (1-10),Paid Ads
usr_3842,2026-03-26,SMB (11-50),Product-Led Referral
usr_3843,2026-03-26,Mid-Market (51-200),Paid Ads
usr_3844,2026-03-26,Enterprise (200+),Organic Search
usr_3845,2026-03-26,Mid-Market (51-200),Organic Search
usr_3846,2026-03-26,SMB (11-50),Paid Ads
usr_3847,2026-03-26,SMB (11-50),Product-Led Referral
usr_3848,2026-03-26,Startup (1-10),Product-Led Referral
usr_3849,2026-03-26,Startup (1-10),Product-Led Referral
usr_3850,2026-03-26,Startup (1-10),Organic Search
usr_3851,2026-03-26,SMB (11-50),Paid Ads
usr_3852,2026-03-26,SMB (11-50),Organic Search
usr_3853,2026-03-26,SMB (11-50),Direct
usr_3854,2026-03-27,Startup (1-10),Social
usr_3855,2026-03-27,SMB (11-50),Paid Ads
usr_3856,2026-03-27,Startup (1-10),Organic Search
usr_3857,2026-03-27,Startup (1-10),Organic Search
usr_3858,2026-03-27,SMB (11-50),Product-Led Referral
usr_3859,2026-03-27,SMB (11-50),Product-Led Referral
usr_3860,2026-03-27,Enterprise (200+),Product-Led Referral
usr_3861,2026-03-27,Startup (1-10),Organic Search
usr_3862,2026-03-27,Startup (1-10),Product-Led Referral
usr_3863,2026-03-27,Startup (1-10),Product-Led Referral
usr_3864,2026-03-27,Startup (1-10),Organic Search
usr_3865,2026-03-28,Mid-Market (51-200),Paid Ads
usr_3866,2026-03-28,SMB (11-50),Organic Search
usr_3867,2026-03-28,Mid-Market (51-200),Paid Ads
usr_3868,2026-03-28,Startup (1-10),Direct
usr_3869,2026-03-28,Mid-Market (51-200),Paid Ads
usr_3870,2026-03-28,Startup (1-10),Direct
usr_3871,2026-03-28,Mid-Market (51-200),Paid Ads
usr_3872,2026-03-28,Startup (1-10),Organic Search
usr_3873,2026-03-28,Startup (1-10),Paid Ads
usr_3874,2026-03-28,SMB (11-50),Paid Ads
usr_3875,2026-03-28,Mid-Market (51-200),Paid Ads
usr_3876,2026-03-28,Startup (1-10),Organic Search
usr_3877,2026-03-29,Startup (1-10),Paid Ads
usr_3878,2026-03-29,Mid-Market (51-200),Organic Search
usr_3879,2026-03-29,Startup (1-10),Organic Search
usr_3880,2026-03-29,Startup (1-10),Paid Ads
usr_3881,2026-03-29,Startup (1-10),Organic Search
usr_3882,2026-03-29,Startup (1-10),Direct
usr_3883,2026-03-29,Mid-Market (51-200),Paid Ads
usr_3884,2026-03-29,SMB (11-50),Product-Led Referral
usr_3885,2026-03-29,SMB (11-50),Paid Ads
usr_3886,2026-03-29,Enterprise (200+),Product-Led Referral
usr_3887,2026-03-29,Startup (1-10),Organic Search
usr_3888,2026-03-29,Startup (1-10),Direct
usr_3889,2026-03-30,Startup (1-10),Paid Ads
usr_3890,2026-03-30,Startup (1-10),Direct
usr_3891,2026-03-30,Startup (1-10),Paid Ads
usr_3892,2026-03-30,Mid-Market (51-200),Organic Search
usr_3893,2026-03-30,SMB (11-50),Product-Led Referral
usr_3894,2026-03-30,Startup (1-10),Organic Search
usr_3895,2026-03-30,SMB (11-50),Paid Ads
usr_3896,2026-03-30,SMB (11-50),Organic Search
usr_3897,2026-03-30,Mid-Market (51-200),Product-Led Referral
usr_3898,2026-03-31,Mid-Market (51-200),Social
usr_3899,2026-03-31,SMB (11-50),Paid Ads
usr_3900,2026-03-31,SMB (11-50),Direct
usr_3901,2026-03-31,SMB (11-50),Paid Ads
usr_3902,2026-03-31,SMB (11-50),Paid Ads
usr_3903,2026-03-31,Startup (1-10),Direct
usr_3904,2026-03-31,Startup (1-10),Direct
usr_3905,2026-04-01,SMB (11-50),Product-Led Referral
usr_3906,2026-04-01,Startup (1-10),Organic Search
usr_3907,2026-04-01,Startup (1-10),Paid Ads
usr_3908,2026-04-01,SMB (11-50),Organic Search
usr_3909,2026-04-01,Startup (1-10),Paid Ads
usr_3910,2026-04-01,SMB (11-50),Paid Ads
usr_3911,2026-04-01,SMB (11-50),Direct
usr_3912,2026-04-01,Enterprise (200+),Direct
usr_3913,2026-04-01,Startup (1-10),Paid Ads
usr_3914,2026-04-01,Startup (1-10),Organic Search
usr_3915,2026-04-01,SMB (11-50),Direct
usr_3916,2026-04-01,Mid-Market (51-200),Organic Search
usr_3917,2026-04-01,Enterprise (200+),Product-Led Referral
usr_3918,2026-04-01,Startup (1-10),Organic Search
usr_3919,2026-04-01,Startup (1-10),Paid Ads
usr_3920,2026-04-01,Mid-Market (51-200),Social
usr_3921,2026-04-02,Startup (1-10),Organic Search
usr_3922,2026-04-02,SMB (11-50),Paid Ads
usr_3923,2026-04-02,Startup (1-10),Organic Search
usr_3924,2026-04-02,Startup (1-10),Direct
usr_3925,2026-04-02,Startup (1-10),Direct
usr_3926,2026-04-02,Startup (1-10),Organic Search
usr_3927,2026-04-02,SMB (11-50),Organic Search
usr_3928,2026-04-02,Mid-Market (51-200),Product-Led Referral
usr_3929,2026-04-02,Startup (1-10),Organic Search
usr_3930,2026-04-02,Mid-Market (51-200),Product-Led Referral
usr_3931,2026-04-02,Startup (1-10),Organic Search
usr_3932,2026-04-02,SMB (11-50),Organic Search
usr_3933,2026-04-02,Startup (1-10),Product-Led Referral
usr_3934,2026-04-02,Mid-Market (51-200),Organic Search
usr_3935,2026-04-02,SMB (11-50),Direct
usr_3936,2026-04-02,SMB (11-50),Organic Search
usr_3937,2026-04-02,Mid-Market (51-200),Organic Search
usr_3938,2026-04-02,SMB (11-50),Social
usr_3939,2026-04-02,Enterprise (200+),Paid Ads
usr_3940,2026-04-02,SMB (11-50),Product-Led Referral
usr_3941,2026-04-02,Mid-Market (51-200),Organic Search
usr_3942,2026-04-03,SMB (11-50),Product-Led Referral
usr_3943,2026-04-03,Startup (1-10),Product-Led Referral
usr_3944,2026-04-03,SMB (11-50),Organic Search
usr_3945,2026-04-03,Startup (1-10),Direct
usr_3946,2026-04-03,SMB (11-50),Product-Led Referral
usr_3947,2026-04-03,Startup (1-10),Paid Ads
usr_3948,2026-04-03,SMB (11-50),Paid Ads
usr_3949,2026-04-03,Startup (1-10),Paid Ads
usr_3950,2026-04-03,Startup (1-10),Organic Search
usr_3951,2026-04-03,Startup (1-10),Paid Ads
usr_3952,2026-04-03,Enterprise (200+),Organic Search
usr_3953,2026-04-03,Startup (1-10),Paid Ads
usr_3954,2026-04-03,Startup (1-10),Product-Led Referral
usr_3955,2026-04-03,SMB (11-50),Paid Ads
usr_3956,2026-04-03,SMB (11-50),Direct
usr_3957,2026-04-03,Startup (1-10),Organic Search
usr_3958,2026-04-03,Startup (1-10),Paid Ads
usr_3959,2026-04-03,Startup (1-10),Product-Led Referral
usr_3960,2026-04-03,Enterprise (200+),Paid Ads
usr_3961,2026-04-04,Startup (1-10),Paid Ads
usr_3962,2026-04-04,Startup (1-10),Organic Search
usr_3963,2026-04-04,Startup (1-10),Paid Ads
usr_3964,2026-04-04,Startup (1-10),Organic Search
usr_3965,2026-04-04,SMB (11-50),Social
usr_3966,2026-04-04,Startup (1-10),Organic Search
usr_3967,2026-04-04,Startup (1-10),Direct
usr_3968,2026-04-04,Startup (1-10),Product-Led Referral
usr_3969,2026-04-04,Startup (1-10),Organic Search
usr_3970,2026-04-04,Startup (1-10),Paid Ads
usr_3971,2026-04-04,Mid-Market (51-200),Direct
usr_3972,2026-04-04,SMB (11-50),Direct
usr_3973,2026-04-04,Mid-Market (51-200),Organic Search
usr_3974,2026-04-04,Mid-Market (51-200),Organic Search
usr_3975,2026-04-04,SMB (11-50),Organic Search
usr_3976,2026-04-04,Startup (1-10),Organic Search
usr_3977,2026-04-04,SMB (11-50),Paid Ads
usr_3978,2026-04-05,Mid-Market (51-200),Direct
usr_3979,2026-04-05,SMB (11-50),Paid Ads
usr_3980,2026-04-05,SMB (11-50),Product-Led Referral
usr_3981,2026-04-05,Startup (1-10),Product-Led Referral
usr_3982,2026-04-05,Mid-Market (51-200),Paid Ads
usr_3983,2026-04-05,SMB (11-50),Organic Search
usr_3984,2026-04-05,Enterprise (200+),Product-Led Referral
usr_3985,2026-04-05,Startup (1-10),Direct
usr_3986,2026-04-05,Startup (1-10),Product-Led Referral
usr_3987,2026-04-05,Startup (1-10),Organic Search
usr_3988,2026-04-05,SMB (11-50),Organic Search
usr_3989,2026-04-05,Startup (1-10),Organic Search
usr_3990,2026-04-05,Startup (1-10),Paid Ads
usr_3991,2026-04-05,Enterprise (200+),Product-Led Referral
usr_3992,2026-04-05,Startup (1-10),Organic Search
usr_3993,2026-04-06,Mid-Market (51-200),Direct
usr_3994,2026-04-06,Startup (1-10),Paid Ads
usr_3995,2026-04-06,Mid-Market (51-200),Product-Led Referral
usr_3996,2026-04-06,SMB (11-50),Social
usr_3997,2026-04-06,Mid-Market (51-200),Organic Search
usr_3998,2026-04-06,Mid-Market (51-200),Direct
usr_3999,2026-04-06,Startup (1-10),Organic Search
usr_4000,2026-04-06,Startup (1-10),Paid Ads
usr_4001,2026-04-06,Startup (1-10),Direct
usr_4002,2026-04-06,SMB (11-50),Direct
usr_4003,2026-04-06,Mid-Market (51-200),Paid Ads
usr_4004,2026-04-06,Startup (1-10),Paid Ads
usr_4005,2026-04-06,SMB (11-50),Product-Led Referral
usr_4006,2026-04-06,Startup (1-10),Direct
usr_4007,2026-04-06,Mid-Market (51-200),Organic Search
usr_4008,2026-04-06,Enterprise (200+),Direct
usr_4009,2026-04-07,Startup (1-10),Paid Ads
usr_4010,2026-04-07,Startup (1-10),Paid Ads
usr_4011,2026-04-07,Startup (1-10),Paid Ads
usr_4012,2026-04-07,SMB (11-50),Paid Ads
usr_4013,2026-04-07,SMB (11-50),Direct
usr_4014,2026-04-07,Startup (1-10),Paid Ads
usr_4015,2026-04-07,Startup (1-10),Social
usr_4016,2026-04-07,Startup (1-10),Organic Search
usr_4017,2026-04-08,SMB (11-50),Product-Led Referral
usr_4018,2026-04-08,SMB (11-50),Direct
usr_4019,2026-04-08,Startup (1-10),Product-Led Referral
usr_4020,2026-04-08,SMB (11-50),Product-Led Referral
usr_4021,2026-04-08,SMB (11-50),Paid Ads
usr_4022,2026-04-08,Startup (1-10),Direct
usr_4023,2026-04-08,Startup (1-10),Direct
usr_4024,2026-04-08,SMB (11-50),Organic Search
usr_4025,2026-04-08,Enterprise (200+),Direct
usr_4026,2026-04-08,Startup (1-10),Paid Ads
usr_4027,2026-04-08,Startup (1-10),Organic Search
usr_4028,2026-04-08,Startup (1-10),Direct
usr_4029,2026-04-08,SMB (11-50),Paid Ads
usr_4030,2026-04-08,Startup (1-10),Direct
usr_4031,2026-04-08,Startup (1-10),Organic Search
usr_4032,2026-04-08,SMB (11-50),Organic Search
usr_4033,2026-04-09,SMB (11-50),Paid Ads
usr_4034,2026-04-09,Startup (1-10),Organic Search
usr_4035,2026-04-09,Startup (1-10),Product-Led Referral
usr_4036,2026-04-09,SMB (11-50),Organic Search
usr_4037,2026-04-09,Startup (1-10),Paid Ads
usr_4038,2026-04-09,Startup (1-10),Organic Search
usr_4039,2026-04-09,Mid-Market (51-200),Organic Search
usr_4040,2026-04-09,Startup (1-10),Product-Led Referral
usr_4041,2026-04-09,SMB (11-50),Organic Search
usr_4042,2026-04-09,Mid-Market (51-200),Product-Led Referral
usr_4043,2026-04-09,Startup (1-10),Direct
usr_4044,2026-04-10,Startup (1-10),Product-Led Referral
usr_4045,2026-04-10,SMB (11-50),Direct
usr_4046,2026-04-10,Mid-Market (51-200),Organic Search
usr_4047,2026-04-10,Mid-Market (51-200),Organic Search
usr_4048,2026-04-10,SMB (11-50),Direct
usr_4049,2026-04-10,Startup (1-10),Product-Led Referral
usr_4050,2026-04-10,SMB (11-50),Product-Led Referral
usr_4051,2026-04-10,Startup (1-10),Product-Led Referral
usr_4052,2026-04-10,Startup (1-10),Paid Ads
usr_4053,2026-04-10,Startup (1-10),Organic Search
usr_4054,2026-04-10,Startup (1-10),Product-Led Referral
usr_4055,2026-04-10,SMB (11-50),Product-Led Referral
usr_4056,2026-04-10,Startup (1-10),Paid Ads
usr_4057,2026-04-10,Startup (1-10),Direct
usr_4058,2026-04-10,Startup (1-10),Organic Search
usr_4059,2026-04-10,Mid-Market (51-200),Organic Search
usr_4060,2026-04-11,SMB (11-50),Direct
usr_4061,2026-04-11,Startup (1-10),Product-Led Referral
usr_4062,2026-04-11,Startup (1-10),Paid Ads
usr_4063,2026-04-11,Startup (1-10),Organic Search
usr_4064,2026-04-11,Mid-Market (51-200),Organic Search
usr_4065,2026-04-11,SMB (11-50),Product-Led Referral
usr_4066,2026-04-11,SMB (11-50),Paid Ads
usr_4067,2026-04-11,SMB (11-50),Direct
usr_4068,2026-04-11,Startup (1-10),Direct
usr_4069,2026-04-11,Mid-Market (51-200),Direct
usr_4070,2026-04-11,SMB (11-50),Paid Ads
usr_4071,2026-04-11,Startup (1-10),Product-Led Referral
usr_4072,2026-04-11,Startup (1-10),Paid Ads
usr_4073,2026-04-11,SMB (11-50),Organic Search
usr_4074,2026-04-11,Mid-Market (51-200),Organic Search
usr_4075,2026-04-11,Startup (1-10),Paid Ads
usr_4076,2026-04-12,Mid-Market (51-200),Direct
usr_4077,2026-04-12,SMB (11-50),Organic Search
usr_4078,2026-04-12,Startup (1-10),Organic Search
usr_4079,2026-04-12,Startup (1-10),Social
usr_4080,2026-04-12,Startup (1-10),Organic Search
usr_4081,2026-04-12,SMB (11-50),Product-Led Referral
usr_4082,2026-04-12,Startup (1-10),Organic Search
usr_4083,2026-04-12,Startup (1-10),Organic Search
usr_4084,2026-04-12,SMB (11-50),Direct
usr_4085,2026-04-12,SMB (11-50),Organic Search
usr_4086,2026-04-12,Startup (1-10),Paid Ads
usr_4087,2026-04-12,Startup (1-10),Organic Search
usr_4088,2026-04-12,Startup (1-10),Organic Search
usr_4089,2026-04-12,SMB (11-50),Organic Search
usr_4090,2026-04-12,Mid-Market (51-200),Organic Search
usr_4091,2026-04-12,Startup (1-10),Organic Search
usr_4092,2026-04-12,Mid-Market (51-200),Product-Led Referral
usr_4093,2026-04-13,SMB (11-50),Paid Ads
usr_4094,2026-04-13,SMB (11-50),Organic Search
usr_4095,2026-04-13,SMB (11-50),Paid Ads
usr_4096,2026-04-13,Startup (1-10),Direct
usr_4097,2026-04-13,Startup (1-10),Direct
usr_4098,2026-04-13,SMB (11-50),Product-Led Referral
usr_4099,2026-04-13,SMB (11-50),Direct
usr_4100,2026-04-13,SMB (11-50),Organic Search
usr_4101,2026-04-13,Startup (1-10),Paid Ads
usr_4102,2026-04-13,Mid-Market (51-200),Product-Led Referral
usr_4103,2026-04-13,SMB (11-50),Product-Led Referral
usr_4104,2026-04-13,Startup (1-10),Paid Ads
usr_4105,2026-04-14,Startup (1-10),Paid Ads
usr_4106,2026-04-14,SMB (11-50),Social
usr_4107,2026-04-14,SMB (11-50),Direct
usr_4108,2026-04-14,Startup (1-10),Paid Ads
usr_4109,2026-04-14,Mid-Market (51-200),Product-Led Referral
usr_4110,2026-04-14,Startup (1-10),Organic Search
usr_4111,2026-04-14,Startup (1-10),Organic Search
usr_4112,2026-04-14,Mid-Market (51-200),Paid Ads
usr_4113,2026-04-14,Mid-Market (51-200),Paid Ads
usr_4114,2026-04-14,SMB (11-50),Organic Search
usr_4115,2026-04-14,Mid-Market (51-200),Direct
usr_4116,2026-04-14,Startup (1-10),Paid Ads
usr_4117,2026-04-14,Mid-Market (51-200),Paid Ads
usr_4118,2026-04-14,Startup (1-10),Organic Search
usr_4119,2026-04-14,Startup (1-10),Organic Search
usr_4120,2026-04-15,Startup (1-10),Direct
usr_4121,2026-04-15,Startup (1-10),Product-Led Referral
usr_4122,2026-04-15,Startup (1-10),Social
usr_4123,2026-04-15,Startup (1-10),Social
usr_4124,2026-04-15,Startup (1-10),Paid Ads
usr_4125,2026-04-15,Startup (1-10),Organic Search
usr_4126,2026-04-15,SMB (11-50),Direct
usr_4127,2026-04-15,Startup (1-10),Social
usr_4128,2026-04-15,Startup (1-10),Product-Led Referral
usr_4129,2026-04-15,SMB (11-50),Product-Led Referral
usr_4130,2026-04-15,Mid-Market (51-200),Product-Led Referral
usr_4131,2026-04-15,SMB (11-50),Paid Ads
usr_4132,2026-04-15,Startup (1-10),Paid Ads
usr_4133,2026-04-15,SMB (11-50),Direct
usr_4134,2026-04-15,Startup (1-10),Product-Led Referral
usr_4135,2026-04-15,Startup (1-10),Organic Search
usr_4136,2026-04-15,Startup (1-10),Organic Search
usr_4137,2026-04-15,Mid-Market (51-200),Organic Search
usr_4138,2026-04-15,Startup (1-10),Organic Search
usr_4139,2026-04-16,Startup (1-10),Direct
usr_4140,2026-04-16,Startup (1-10),Organic Search
usr_4141,2026-04-16,Mid-Market (51-200),Organic Search
usr_4142,2026-04-16,SMB (11-50),Organic Search
usr_4143,2026-04-16,Startup (1-10),Product-Led Referral
usr_4144,2026-04-16,SMB (11-50),Paid Ads
usr_4145,2026-04-16,SMB (11-50),Organic Search
usr_4146,2026-04-16,SMB (11-50),Organic Search
usr_4147,2026-04-16,Startup (1-10),Organic Search
usr_4148,2026-04-16,Mid-Market (51-200),Paid Ads
usr_4149,2026-04-16,Startup (1-10),Organic Search
usr_4150,2026-04-16,SMB (11-50),Direct
usr_4151,2026-04-16,Startup (1-10),Paid Ads
usr_4152,2026-04-16,Startup (1-10),Organic Search
usr_4153,2026-04-17,Startup (1-10),Product-Led Referral
usr_4154,2026-04-17,SMB (11-50),Organic Search
usr_4155,2026-04-17,Startup (1-10),Product-Led Referral
usr_4156,2026-04-17,SMB (11-50),Organic Search
usr_4157,2026-04-17,Startup (1-10),Paid Ads
usr_4158,2026-04-17,SMB (11-50),Product-Led Referral
usr_4159,2026-04-17,Mid-Market (51-200),Direct
usr_4160,2026-04-17,SMB (11-50),Organic Search
usr_4161,2026-04-17,SMB (11-50),Organic Search
usr_4162,2026-04-17,SMB (11-50),Paid Ads
usr_4163,2026-04-17,Startup (1-10),Direct
usr_4164,2026-04-17,Mid-Market (51-200),Direct
usr_4165,2026-04-17,Startup (1-10),Organic Search
usr_4166,2026-04-17,SMB (11-50),Organic Search
usr_4167,2026-04-18,SMB (11-50),Paid Ads
usr_4168,2026-04-18,Startup (1-10),Organic Search
usr_4169,2026-04-18,Startup (1-10),Organic Search
usr_4170,2026-04-18,Startup (1-10),Organic Search
usr_4171,2026-04-18,Mid-Market (51-200),Product-Led Referral
usr_4172,2026-04-18,Mid-Market (51-200),Direct
usr_4173,2026-04-18,SMB (11-50),Social
usr_4174,2026-04-18,SMB (11-50),Paid Ads
usr_4175,2026-04-18,Mid-Market (51-200),Paid Ads
usr_4176,2026-04-18,Startup (1-10),Direct
usr_4177,2026-04-19,Startup (1-10),Organic Search
usr_4178,2026-04-19,SMB (11-50),Product-Led Referral
usr_4179,2026-04-19,Mid-Market (51-200),Paid Ads
usr_4180,2026-04-19,Mid-Market (51-200),Organic Search
usr_4181,2026-04-19,Startup (1-10),Paid Ads
usr_4182,2026-04-19,Startup (1-10),Organic Search
usr_4183,2026-04-19,Startup (1-10),Product-Led Referral
usr_4184,2026-04-19,Startup (1-10),Organic Search
usr_4185,2026-04-19,Startup (1-10),Organic Search
usr_4186,2026-04-19,SMB (11-50),Organic Search
usr_4187,2026-04-19,Startup (1-10),Direct
usr_4188,2026-04-19,Mid-Market (51-200),Paid Ads
usr_4189,2026-04-19,Startup (1-10),Paid Ads
usr_4190,2026-04-19,SMB (11-50),Paid Ads
usr_4191,2026-04-20,Startup (1-10),Paid Ads
usr_4192,2026-04-20,Startup (1-10),Organic Search
usr_4193,2026-04-20,Startup (1-10),Product-Led Referral
usr_4194,2026-04-20,Enterprise (200+),Organic Search
usr_4195,2026-04-20,Mid-Market (51-200),Organic Search
usr_4196,2026-04-20,Startup (1-10),Product-Led Referral
usr_4197,2026-04-20,Startup (1-10),Organic Search
usr_4198,2026-04-20,Mid-Market (51-200),Organic Search
usr_4199,2026-04-20,Startup (1-10),Paid Ads
usr_4200,2026-04-20,Startup (1-10),Paid Ads
usr_4201,2026-04-20,SMB (11-50),Product-Led Referral
usr_4202,2026-04-21,Mid-Market (51-200),Product-Led Referral
usr_4203,2026-04-21,Startup (1-10),Product-Led Referral
usr_4204,2026-04-21,Startup (1-10),Product-Led Referral
usr_4205,2026-04-21,Mid-Market (51-200),Organic Search
usr_4206,2026-04-21,Startup (1-10),Organic Search
usr_4207,2026-04-21,Startup (1-10),Paid Ads
usr_4208,2026-04-21,SMB (11-50),Organic Search
usr_4209,2026-04-21,Mid-Market (51-200),Social
usr_4210,2026-04-21,Startup (1-10),Direct
usr_4211,2026-04-21,Enterprise (200+),Organic Search
usr_4212,2026-04-21,SMB (11-50),Organic Search
usr_4213,2026-04-21,Startup (1-10),Organic Search
usr_4214,2026-04-21,Enterprise (200+),Organic Search
usr_4215,2026-04-21,Startup (1-10),Organic Search
usr_4216,2026-04-21,Startup (1-10),Paid Ads
usr_4217,2026-04-21,SMB (11-50),Direct
usr_4218,2026-04-21,Startup (1-10),Product-Led Referral
usr_4219,2026-04-21,Startup (1-10),Organic Search
usr_4220,2026-04-21,Startup (1-10),Paid Ads
usr_4221,2026-04-22,Startup (1-10),Paid Ads
usr_4222,2026-04-22,Mid-Market (51-200),Direct
usr_4223,2026-04-22,SMB (11-50),Direct
usr_4224,2026-04-22,Enterprise (200+),Direct
usr_4225,2026-04-22,Startup (1-10),Paid Ads
usr_4226,2026-04-22,Startup (1-10),Product-Led Referral
usr_4227,2026-04-22,Startup (1-10),Organic Search
usr_4228,2026-04-22,Startup (1-10),Paid Ads
usr_4229,2026-04-22,Startup (1-10),Organic Search
usr_4230,2026-04-22,SMB (11-50),Paid Ads
usr_4231,2026-04-23,Mid-Market (51-200),Product-Led Referral
usr_4232,2026-04-23,Enterprise (200+),Organic Search
usr_4233,2026-04-23,Startup (1-10),Organic Search
usr_4234,2026-04-23,Mid-Market (51-200),Organic Search
usr_4235,2026-04-23,Startup (1-10),Organic Search
usr_4236,2026-04-23,Startup (1-10),Organic Search
usr_4237,2026-04-23,Mid-Market (51-200),Organic Search
usr_4238,2026-04-23,SMB (11-50),Organic Search
usr_4239,2026-04-23,Startup (1-10),Organic Search
usr_4240,2026-04-23,Startup (1-10),Social
usr_4241,2026-04-23,Startup (1-10),Organic Search
usr_4242,2026-04-23,SMB (11-50),Organic Search
usr_4243,2026-04-23,Startup (1-10),Paid Ads
usr_4244,2026-04-24,Enterprise (200+),Direct
usr_4245,2026-04-24,Startup (1-10),Product-Led Referral
usr_4246,2026-04-24,Startup (1-10),Organic Search
usr_4247,2026-04-24,Startup (1-10),Paid Ads
usr_4248,2026-04-24,SMB (11-50),Product-Led Referral
usr_4249,2026-04-24,Startup (1-10),Product-Led Referral
usr_4250,2026-04-24,SMB (11-50),Product-Led Referral
usr_4251,2026-04-24,Mid-Market (51-200),Direct
usr_4252,2026-04-24,Mid-Market (51-200),Direct
usr_4253,2026-04-24,Mid-Market (51-200),Paid Ads
usr_4254,2026-04-24,Mid-Market (51-200),Paid Ads
usr_4255,2026-04-24,SMB (11-50),Product-Led Referral
usr_4256,2026-04-25,Mid-Market (51-200),Direct
usr_4257,2026-04-25,Startup (1-10),Organic Search
usr_4258,2026-04-25,Startup (1-10),Social
usr_4259,2026-04-25,Startup (1-10),Organic Search
usr_4260,2026-04-25,Startup (1-10),Paid Ads
usr_4261,2026-04-25,Startup (1-10),Direct
usr_4262,2026-04-25,Enterprise (200+),Organic Search
usr_4263,2026-04-25,Startup (1-10),Paid Ads
usr_4264,2026-04-25,Startup (1-10),Organic Search
usr_4265,2026-04-25,SMB (11-50),Paid Ads
usr_4266,2026-04-25,Startup (1-10),Organic Search
usr_4267,2026-04-25,Startup (1-10),Paid Ads
usr_4268,2026-04-25,Startup (1-10),Paid Ads
usr_4269,2026-04-25,Startup (1-10),Social
usr_4270,2026-04-25,Startup (1-10),Social
usr_4271,2026-04-25,SMB (11-50),Organic Search
usr_4272,2026-04-26,SMB (11-50),Product-Led Referral
usr_4273,2026-04-26,Startup (1-10),Organic Search
usr_4274,2026-04-26,Startup (1-10),Organic Search
usr_4275,2026-04-26,Startup (1-10),Organic Search
usr_4276,2026-04-26,SMB (11-50),Social
usr_4277,2026-04-26,Startup (1-10),Direct
usr_4278,2026-04-26,Startup (1-10),Organic Search
usr_4279,2026-04-26,SMB (11-50),Organic Search
usr_4280,2026-04-27,Startup (1-10),Organic Search
usr_4281,2026-04-27,Startup (1-10),Paid Ads
usr_4282,2026-04-27,Startup (1-10),Paid Ads
usr_4283,2026-04-27,Mid-Market (51-200),Organic Search
usr_4284,2026-04-27,Mid-Market (51-200),Product-Led Referral
usr_4285,2026-04-27,SMB (11-50),Organic Search
usr_4286,2026-04-27,Startup (1-10),Direct
usr_4287,2026-04-27,SMB (11-50),Product-Led Referral
usr_4288,2026-04-27,Enterprise (200+),Paid Ads
usr_4289,2026-04-27,Enterprise (200+),Product-Led Referral
usr_4290,2026-04-27,Startup (1-10),Direct
usr_4291,2026-04-27,Mid-Market (51-200),Organic Search
usr_4292,2026-04-27,Startup (1-10),Organic Search
usr_4293,2026-04-27,Startup (1-10),Direct
usr_4294,2026-04-27,SMB (11-50),Organic Search
usr_4295,2026-04-27,Startup (1-10),Organic Search
usr_4296,2026-04-27,Mid-Market (51-200),Paid Ads
usr_4297,2026-04-27,Startup (1-10),Direct
usr_4298,2026-04-27,SMB (11-50),Product-Led Referral
usr_4299,2026-04-28,Mid-Market (51-200),Direct
usr_4300,2026-04-28,Mid-Market (51-200),Paid Ads
usr_4301,2026-04-28,Startup (1-10),Organic Search
usr_4302,2026-04-28,Startup (1-10),Paid Ads
usr_4303,2026-04-28,SMB (11-50),Product-Led Referral
usr_4304,2026-04-28,Startup (1-10),Organic Search
usr_4305,2026-04-28,Enterprise (200+),Organic Search
usr_4306,2026-04-28,Mid-Market (51-200),Organic Search
usr_4307,2026-04-29,Startup (1-10),Paid Ads
usr_4308,2026-04-29,Startup (1-10),Direct
usr_4309,2026-04-29,Startup (1-10),Product-Led Referral
usr_4310,2026-04-29,Mid-Market (51-200),Social
usr_4311,2026-04-29,Startup (1-10),Organic Search
usr_4312,2026-04-29,Startup (1-10),Direct
usr_4313,2026-04-29,Startup (1-10),Direct
usr_4314,2026-04-29,SMB (11-50),Organic Search
usr_4315,2026-04-29,Startup (1-10),Social
usr_4316,2026-04-29,Startup (1-10),Organic Search
usr_4317,2026-04-29,Mid-Market (51-200),Direct
usr_4318,2026-04-29,Mid-Market (51-200),Direct
usr_4319,2026-04-30,SMB (11-50),Product-Led Referral
usr_4320,2026-04-30,Startup (1-10),Paid Ads
usr_4321,2026-04-30,Startup (1-10),Organic Search
usr_4322,2026-04-30,SMB (11-50),Paid Ads
usr_4323,2026-04-30,Startup (1-10),Paid Ads
usr_4324,2026-04-30,Mid-Market (51-200),Product-Led Referral
usr_4325,2026-04-30,SMB (11-50),Product-Led Referral
usr_4326,2026-04-30,Startup (1-10),Direct
usr_4327,2026-04-30,Mid-Market (51-200),Organic Search
usr_4328,2026-04-30,Enterprise (200+),Direct
usr_4329,2026-04-30,Startup (1-10),Direct
usr_4330,2026-04-30,SMB (11-50),Product-Led Referral
usr_4331,2026-04-30,Startup (1-10),Organic Search
usr_4332,2026-04-30,Startup (1-10),Organic Search
usr_4333,2026-04-30,Startup (1-10),Organic Search
usr_4334,2026-04-30,SMB (11-50),Product-Led Referral
usr_4335,2026-04-30,Enterprise (200+),Product-Led Referral
usr_4336,2026-05-01,SMB (11-50),Social
usr_4337,2026-05-01,Startup (1-10),Paid Ads
usr_4338,2026-05-01,SMB (11-50),Organic Search
usr_4339,2026-05-01,Startup (1-10),Product-Led Referral
usr_4340,2026-05-01,Mid-Market (51-200),Direct
usr_4341,2026-05-01,Startup (1-10),Direct
usr_4342,2026-05-01,Startup (1-10),Direct
usr_4343,2026-05-01,Startup (1-10),Paid Ads
usr_4344,2026-05-01,SMB (11-50),Product-Led Referral
usr_4345,2026-05-01,Startup (1-10),Direct
usr_4346,2026-05-02,SMB (11-50),Paid Ads
usr_4347,2026-05-02,Startup (1-10),Organic Search
usr_4348,2026-05-02,Startup (1-10),Organic Search
usr_4349,2026-05-02,Startup (1-10),Organic Search
usr_4350,2026-05-02,Mid-Market (51-200),Product-Led Referral
usr_4351,2026-05-02,Mid-Market (51-200),Organic Search
usr_4352,2026-05-03,Startup (1-10),Organic Search
usr_4353,2026-05-03,Startup (1-10),Organic Search
usr_4354,2026-05-03,Startup (1-10),Paid Ads
usr_4355,2026-05-03,SMB (11-50),Paid Ads
usr_4356,2026-05-03,Startup (1-10),Product-Led Referral
usr_4357,2026-05-03,Mid-Market (51-200),Organic Search
usr_4358,2026-05-03,Mid-Market (51-200),Organic Search
usr_4359,2026-05-03,Startup (1-10),Paid Ads
usr_4360,2026-05-03,Startup (1-10),Organic Search
usr_4361,2026-05-03,Mid-Market (51-200),Organic Search
usr_4362,2026-05-03,Mid-Market (51-200),Organic Search
usr_4363,2026-05-04,Startup (1-10),Direct
usr_4364,2026-05-04,Startup (1-10),Product-Led Referral
usr_4365,2026-05-04,Startup (1-10),Organic Search
usr_4366,2026-05-04,Startup (1-10),Organic Search
usr_4367,2026-05-04,Startup (1-10),Social
usr_4368,2026-05-04,Startup (1-10),Product-Led Referral
usr_4369,2026-05-04,SMB (11-50),Paid Ads
usr_4370,2026-05-04,Startup (1-10),Product-Led Referral
usr_4371,2026-05-04,Startup (1-10),Product-Led Referral
usr_4372,2026-05-04,Startup (1-10),Product-Led Referral
usr_4373,2026-05-04,Mid-Market (51-200),Paid Ads
usr_4374,2026-05-04,Mid-Market (51-200),Paid Ads
usr_4375,2026-05-04,Startup (1-10),Organic Search
usr_4376,2026-05-05,Startup (1-10),Direct
usr_4377,2026-05-05,Enterprise (200+),Product-Led Referral
usr_4378,2026-05-05,Startup (1-10),Organic Search
usr_4379,2026-05-05,Startup (1-10),Direct
usr_4380,2026-05-05,Startup (1-10),Direct
usr_4381,2026-05-05,Startup (1-10),Social
usr_4382,2026-05-05,Startup (1-10),Direct
usr_4383,2026-05-05,Mid-Market (51-200),Social
usr_4384,2026-05-05,SMB (11-50),Organic Search
usr_4385,2026-05-05,Startup (1-10),Direct
usr_4386,2026-05-05,Mid-Market (51-200),Direct
usr_4387,2026-05-05,Startup (1-10),Organic Search
usr_4388,2026-05-05,Startup (1-10),Organic Search
usr_4389,2026-05-05,SMB (11-50),Social
usr_4390,2026-05-05,SMB (11-50),Organic Search
usr_4391,2026-05-05,Startup (1-10),Direct
usr_4392,2026-05-06,Startup (1-10),Organic Search
usr_4393,2026-05-06,SMB (11-50),Organic Search
usr_4394,2026-05-06,SMB (11-50),Paid Ads
usr_4395,2026-05-06,SMB (11-50),Organic Search
usr_4396,2026-05-06,Startup (1-10),Product-Led Referral
usr_4397,2026-05-06,Startup (1-10),Paid Ads
usr_4398,2026-05-06,Startup (1-10),Organic Search
usr_4399,2026-05-06,Startup (1-10),Organic Search
usr_4400,2026-05-06,Mid-Market (51-200),Paid Ads
usr_4401,2026-05-06,Startup (1-10),Organic Search
usr_4402,2026-05-06,Startup (1-10),Product-Led Referral
usr_4403,2026-05-06,SMB (11-50),Paid Ads
usr_4404,2026-05-07,Startup (1-10),Organic Search
usr_4405,2026-05-07,Startup (1-10),Paid Ads
usr_4406,2026-05-07,Mid-Market (51-200),Organic Search
usr_4407,2026-05-07,Mid-Market (51-200),Organic Search
usr_4408,2026-05-07,SMB (11-50),Organic Search
usr_4409,2026-05-07,Startup (1-10),Direct
usr_4410,2026-05-07,SMB (11-50),Direct
usr_4411,2026-05-07,SMB (11-50),Direct
usr_4412,2026-05-07,Startup (1-10),Organic Search
usr_4413,2026-05-07,Startup (1-10),Organic Search
usr_4414,2026-05-08,Mid-Market (51-200),Paid Ads
usr_4415,2026-05-08,Startup (1-10),Product-Led Referral
usr_4416,2026-05-08,SMB (11-50),Social
usr_4417,2026-05-08,Startup (1-10),Organic Search
usr_4418,2026-05-08,Startup (1-10),Organic Search
usr_4419,2026-05-08,Startup (1-10),Product-Led Referral
usr_4420,2026-05-08,Mid-Market (51-200),Direct
usr_4421,2026-05-08,Startup (1-10),Direct
usr_4422,2026-05-08,SMB (11-50),Product-Led Referral
usr_4423,2026-05-08,SMB (11-50),Social
usr_4424,2026-05-08,SMB (11-50),Paid Ads
usr_4425,2026-05-08,Enterprise (200+),Direct
usr_4426,2026-05-09,SMB (11-50),Social
usr_4427,2026-05-09,Startup (1-10),Direct
usr_4428,2026-05-09,Enterprise (200+),Organic Search
usr_4429,2026-05-09,SMB (11-50),Organic Search
usr_4430,2026-05-09,Startup (1-10),Paid Ads
usr_4431,2026-05-09,Startup (1-10),Paid Ads
usr_4432,2026-05-09,Mid-Market (51-200),Direct
usr_4433,2026-05-09,Startup (1-10),Organic Search
usr_4434,2026-05-09,SMB (11-50),Organic Search
usr_4435,2026-05-09,Startup (1-10),Product-Led Referral
usr_4436,2026-05-09,Startup (1-10),Organic Search
usr_4437,2026-05-09,SMB (11-50),Organic Search
usr_4438,2026-05-09,Startup (1-10),Paid Ads
usr_4439,2026-05-09,Startup (1-10),Product-Led Referral
usr_4440,2026-05-09,SMB (11-50),Organic Search
usr_4441,2026-05-09,Startup (1-10),Direct
usr_4442,2026-05-10,SMB (11-50),Paid Ads
usr_4443,2026-05-10,Mid-Market (51-200),Direct
usr_4444,2026-05-10,SMB (11-50),Paid Ads
usr_4445,2026-05-10,Startup (1-10),Organic Search
usr_4446,2026-05-10,Startup (1-10),Organic Search
usr_4447,2026-05-10,SMB (11-50),Organic Search
usr_4448,2026-05-10,Mid-Market (51-200),Paid Ads
usr_4449,2026-05-10,Mid-Market (51-200),Organic Search
usr_4450,2026-05-10,Mid-Market (51-200),Paid Ads
usr_4451,2026-05-10,Startup (1-10),Paid Ads
usr_4452,2026-05-10,Startup (1-10),Organic Search
usr_4453,2026-05-10,Startup (1-10),Organic Search
usr_4454,2026-05-10,Startup (1-10),Product-Led Referral
usr_4455,2026-05-10,Startup (1-10),Direct
usr_4456,2026-05-10,Mid-Market (51-200),Organic Search
usr_4457,2026-05-11,Startup (1-10),Organic Search
usr_4458,2026-05-11,Startup (1-10),Social
usr_4459,2026-05-11,Startup (1-10),Organic Search
usr_4460,2026-05-11,Mid-Market (51-200),Social
usr_4461,2026-05-11,SMB (11-50),Organic Search
usr_4462,2026-05-11,SMB (11-50),Direct
usr_4463,2026-05-11,Mid-Market (51-200),Organic Search
usr_4464,2026-05-11,Startup (1-10),Direct
usr_4465,2026-05-11,SMB (11-50),Organic Search
usr_4466,2026-05-11,Startup (1-10),Product-Led Referral
usr_4467,2026-05-12,Startup (1-10),Organic Search
usr_4468,2026-05-12,Mid-Market (51-200),Organic Search
usr_4469,2026-05-12,SMB (11-50),Product-Led Referral
usr_4470,2026-05-12,Startup (1-10),Paid Ads
usr_4471,2026-05-12,Startup (1-10),Direct
usr_4472,2026-05-12,SMB (11-50),Paid Ads
usr_4473,2026-05-12,Startup (1-10),Direct
usr_4474,2026-05-12,Startup (1-10),Paid Ads
usr_4475,2026-05-12,Startup (1-10),Social
usr_4476,2026-05-12,Startup (1-10),Social
usr_4477,2026-05-12,Mid-Market (51-200),Organic Search
usr_4478,2026-05-12,Startup (1-10),Direct
usr_4479,2026-05-13,Startup (1-10),Direct
usr_4480,2026-05-13,SMB (11-50),Organic Search
usr_4481,2026-05-13,Mid-Market (51-200),Product-Led Referral
usr_4482,2026-05-13,Startup (1-10),Organic Search
usr_4483,2026-05-13,Startup (1-10),Direct
usr_4484,2026-05-13,Startup (1-10),Organic Search
usr_4485,2026-05-13,SMB (11-50),Organic Search
usr_4486,2026-05-13,SMB (11-50),Paid Ads
usr_4487,2026-05-13,Mid-Market (51-200),Paid Ads
usr_4488,2026-05-13,Enterprise (200+),Direct
usr_4489,2026-05-14,SMB (11-50),Social
usr_4490,2026-05-14,SMB (11-50),Paid Ads
usr_4491,2026-05-14,Startup (1-10),Organic Search
usr_4492,2026-05-14,Startup (1-10),Product-Led Referral
usr_4493,2026-05-14,Enterprise (200+),Paid Ads
usr_4494,2026-05-14,Startup (1-10),Paid Ads
usr_4495,2026-05-14,Startup (1-10),Organic Search
usr_4496,2026-05-14,SMB (11-50),Paid Ads
usr_4497,2026-05-14,Startup (1-10),Organic Search
usr_4498,2026-05-14,SMB (11-50),Product-Led Referral
usr_4499,2026-05-14,SMB (11-50),Paid Ads
usr_4500,2026-05-14,Startup (1-10),Direct
usr_4501,2026-05-14,Mid-Market (51-200),Paid Ads
usr_4502,2026-05-14,Startup (1-10),Organic Search
usr_4503,2026-05-14,Startup (1-10),Direct
usr_4504,2026-05-15,SMB (11-50),Paid Ads
usr_4505,2026-05-15,SMB (11-50),Organic Search
usr_4506,2026-05-15,SMB (11-50),Product-Led Referral
usr_4507,2026-05-15,Startup (1-10),Paid Ads
usr_4508,2026-05-15,SMB (11-50),Direct
usr_4509,2026-05-15,Startup (1-10),Paid Ads
usr_4510,2026-05-15,Mid-Market (51-200),Product-Led Referral
usr_4511,2026-05-15,Startup (1-10),Organic Search
usr_4512,2026-05-15,SMB (11-50),Paid Ads
usr_4513,2026-05-15,Startup (1-10),Social
usr_4514,2026-05-15,Startup (1-10),Direct
usr_4515,2026-05-15,Startup (1-10),Organic Search
usr_4516,2026-05-16,Mid-Market (51-200),Organic Search
usr_4517,2026-05-16,SMB (11-50),Organic Search
usr_4518,2026-05-16,Mid-Market (51-200),Product-Led Referral
usr_4519,2026-05-16,Startup (1-10),Product-Led Referral
usr_4520,2026-05-16,Startup (1-10),Product-Led Referral
usr_4521,2026-05-16,Startup (1-10),Paid Ads
usr_4522,2026-05-16,Mid-Market (51-200),Direct
usr_4523,2026-05-16,Startup (1-10),Paid Ads
usr_4524,2026-05-16,Mid-Market (51-200),Organic Search
usr_4525,2026-05-16,Mid-Market (51-200),Paid Ads
usr_4526,2026-05-16,Mid-Market (51-200),Social
usr_4527,2026-05-16,SMB (11-50),Product-Led Referral
usr_4528,2026-05-16,SMB (11-50),Paid Ads
usr_4529,2026-05-16,SMB (11-50),Product-Led Referral
usr_4530,2026-05-17,Startup (1-10),Direct
usr_4531,2026-05-17,SMB (11-50),Paid Ads
usr_4532,2026-05-17,Startup (1-10),Organic Search
usr_4533,2026-05-17,Startup (1-10),Social
usr_4534,2026-05-17,Startup (1-10),Direct
usr_4535,2026-05-17,Startup (1-10),Organic Search
usr_4536,2026-05-17,Startup (1-10),Paid Ads
usr_4537,2026-05-17,Startup (1-10),Paid Ads
usr_4538,2026-05-17,SMB (11-50),Organic Search
usr_4539,2026-05-17,Startup (1-10),Social
usr_4540,2026-05-17,SMB (11-50),Paid Ads
usr_4541,2026-05-17,Startup (1-10),Direct
usr_4542,2026-05-18,SMB (11-50),Organic Search
usr_4543,2026-05-18,SMB (11-50),Paid Ads
usr_4544,2026-05-18,SMB (11-50),Organic Search
usr_4545,2026-05-18,SMB (11-50),Product-Led Referral
usr_4546,2026-05-18,Startup (1-10),Paid Ads
usr_4547,2026-05-18,SMB (11-50),Product-Led Referral
usr_4548,2026-05-18,Startup (1-10),Organic Search
usr_4549,2026-05-18,Startup (1-10),Organic Search
usr_4550,2026-05-18,SMB (11-50),Organic Search
usr_4551,2026-05-18,Startup (1-10),Organic Search
usr_4552,2026-05-18,SMB (11-50),Product-Led Referral
usr_4553,2026-05-18,SMB (11-50),Paid Ads
usr_4554,2026-05-18,Startup (1-10),Product-Led Referral
usr_4555,2026-05-18,Startup (1-10),Paid Ads
usr_4556,2026-05-18,Startup (1-10),Organic Search
usr_4557,2026-05-18,Mid-Market (51-200),Organic Search
usr_4558,2026-05-18,SMB (11-50),Organic Search
usr_4559,2026-05-18,Startup (1-10),Direct
usr_4560,2026-05-19,Startup (1-10),Product-Led Referral
usr_4561,2026-05-19,SMB (11-50),Organic Search
usr_4562,2026-05-19,Mid-Market (51-200),Organic Search
usr_4563,2026-05-19,Startup (1-10),Direct
usr_4564,2026-05-19,Startup (1-10),Product-Led Referral
usr_4565,2026-05-19,Mid-Market (51-200),Product-Led Referral
usr_4566,2026-05-19,Startup (1-10),Paid Ads
usr_4567,2026-05-19,Startup (1-10),Organic Search
usr_4568,2026-05-19,Enterprise (200+),Social
usr_4569,2026-05-19,SMB (11-50),Product-Led Referral
usr_4570,2026-05-19,Startup (1-10),Organic Search
usr_4571,2026-05-19,Startup (1-10),Direct
usr_4572,2026-05-20,Startup (1-10),Product-Led Referral
usr_4573,2026-05-20,Startup (1-10),Organic Search
usr_4574,2026-05-20,Mid-Market (51-200),Paid Ads
usr_4575,2026-05-20,Startup (1-10),Organic Search
usr_4576,2026-05-20,SMB (11-50),Organic Search
usr_4577,2026-05-20,Mid-Market (51-200),Product-Led Referral
usr_4578,2026-05-20,Startup (1-10),Organic Search
usr_4579,2026-05-20,Startup (1-10),Direct
usr_4580,2026-05-20,SMB (11-50),Social
usr_4581,2026-05-20,Mid-Market (51-200),Organic Search
usr_4582,2026-05-20,Mid-Market (51-200),Paid Ads
usr_4583,2026-05-20,Startup (1-10),Direct
usr_4584,2026-05-20,SMB (11-50),Product-Led Referral
usr_4585,2026-05-20,SMB (11-50),Product-Led Referral
usr_4586,2026-05-21,Mid-Market (51-200),Organic Search
usr_4587,2026-05-21,Startup (1-10),Paid Ads
usr_4588,2026-05-21,SMB (11-50),Paid Ads
usr_4589,2026-05-21,Mid-Market (51-200),Social
usr_4590,2026-05-21,Startup (1-10),Organic Search
usr_4591,2026-05-21,Startup (1-10),Direct
usr_4592,2026-05-21,Startup (1-10),Organic Search
usr_4593,2026-05-21,Startup (1-10),Social
usr_4594,2026-05-22,Startup (1-10),Product-Led Referral
usr_4595,2026-05-22,Mid-Market (51-200),Paid Ads
usr_4596,2026-05-22,Startup (1-10),Product-Led Referral
usr_4597,2026-05-22,Startup (1-10),Organic Search
usr_4598,2026-05-22,SMB (11-50),Organic Search
usr_4599,2026-05-22,Startup (1-10),Organic Search
usr_4600,2026-05-22,Startup (1-10),Organic Search
usr_4601,2026-05-22,SMB (11-50),Organic Search
usr_4602,2026-05-22,Mid-Market (51-200),Product-Led Referral
usr_4603,2026-05-22,SMB (11-50),Product-Led Referral
usr_4604,2026-05-22,SMB (11-50),Organic Search
usr_4605,2026-05-22,Startup (1-10),Direct
usr_4606,2026-05-22,Mid-Market (51-200),Product-Led Referral
usr_4607,2026-05-22,Startup (1-10),Social
usr_4608,2026-05-22,SMB (11-50),Product-Led Referral
usr_4609,2026-05-22,Startup (1-10),Organic Search
usr_4610,2026-05-22,Mid-Market (51-200),Paid Ads
usr_4611,2026-05-22,SMB (11-50),Product-Led Referral
usr_4612,2026-05-22,SMB (11-50),Organic Search
usr_4613,2026-05-22,Startup (1-10),Organic Search
usr_4614,2026-05-22,Startup (1-10),Organic Search
usr_4615,2026-05-22,SMB (11-50),Organic Search
usr_4616,2026-05-22,SMB (11-50),Paid Ads
usr_4617,2026-05-22,Startup (1-10),Paid Ads
usr_4618,2026-05-23,Enterprise (200+),Organic Search
usr_4619,2026-05-23,Mid-Market (51-200),Product-Led Referral
usr_4620,2026-05-23,Startup (1-10),Paid Ads
usr_4621,2026-05-23,Mid-Market (51-200),Organic Search
usr_4622,2026-05-23,SMB (11-50),Organic Search
usr_4623,2026-05-23,Startup (1-10),Organic Search
usr_4624,2026-05-23,Startup (1-10),Paid Ads
usr_4625,2026-05-23,SMB (11-50),Organic Search
usr_4626,2026-05-23,SMB (11-50),Paid Ads
usr_4627,2026-05-23,Startup (1-10),Product-Led Referral
usr_4628,2026-05-24,SMB (11-50),Paid Ads
usr_4629,2026-05-24,SMB (11-50),Organic Search
usr_4630,2026-05-24,SMB (11-50),Organic Search
usr_4631,2026-05-24,Startup (1-10),Product-Led Referral
usr_4632,2026-05-24,Mid-Market (51-200),Direct
usr_4633,2026-05-24,Startup (1-10),Product-Led Referral
usr_4634,2026-05-24,Startup (1-10),Paid Ads
usr_4635,2026-05-24,Startup (1-10),Paid Ads
usr_4636,2026-05-24,Startup (1-10),Paid Ads
usr_4637,2026-05-24,Mid-Market (51-200),Direct
usr_4638,2026-05-24,Startup (1-10),Organic Search
usr_4639,2026-05-24,SMB (11-50),Social
usr_4640,2026-05-25,Startup (1-10),Product-Led Referral
usr_4641,2026-05-25,Startup (1-10),Product-Led Referral
usr_4642,2026-05-25,Enterprise (200+),Organic Search
usr_4643,2026-05-25,SMB (11-50),Product-Led Referral
usr_4644,2026-05-25,Startup (1-10),Paid Ads
usr_4645,2026-05-25,SMB (11-50),Organic Search
usr_4646,2026-05-25,Startup (1-10),Organic Search
usr_4647,2026-05-25,Startup (1-10),Direct
usr_4648,2026-05-25,SMB (11-50),Paid Ads
usr_4649,2026-05-25,SMB (11-50),Paid Ads
usr_4650,2026-05-25,Startup (1-10),Organic Search
usr_4651,2026-05-25,Mid-Market (51-200),Product-Led Referral
usr_4652,2026-05-25,SMB (11-50),Product-Led Referral
usr_4653,2026-05-25,Startup (1-10),Product-Led Referral
usr_4654,2026-05-25,SMB (11-50),Paid Ads
usr_4655,2026-05-26,SMB (11-50),Paid Ads
usr_4656,2026-05-26,SMB (11-50),Paid Ads
usr_4657,2026-05-26,Startup (1-10),Organic Search
usr_4658,2026-05-26,SMB (11-50),Direct
usr_4659,2026-05-26,Startup (1-10),Paid Ads
usr_4660,2026-05-26,Mid-Market (51-200),Organic Search
usr_4661,2026-05-26,SMB (11-50),Paid Ads
usr_4662,2026-05-26,Startup (1-10),Direct
usr_4663,2026-05-26,SMB (11-50),Organic Search
usr_4664,2026-05-26,Mid-Market (51-200),Organic Search
usr_4665,2026-05-26,Mid-Market (51-200),Product-Led Referral
usr_4666,2026-05-26,Startup (1-10),Organic Search
usr_4667,2026-05-26,Startup (1-10),Product-Led Referral
usr_4668,2026-05-26,SMB (11-50),Organic Search
usr_4669,2026-05-26,Startup (1-10),Product-Led Referral
usr_4670,2026-05-26,Mid-Market (51-200),Organic Search
usr_4671,2026-05-26,Startup (1-10),Organic Search
usr_4672,2026-05-26,Startup (1-10),Direct
usr_4673,2026-05-26,Startup (1-10),Paid Ads
usr_4674,2026-05-27,Startup (1-10),Paid Ads
usr_4675,2026-05-27,SMB (11-50),Organic Search
usr_4676,2026-05-27,Startup (1-10),Product-Led Referral
usr_4677,2026-05-27,Startup (1-10),Paid Ads
usr_4678,2026-05-27,Startup (1-10),Social
usr_4679,2026-05-27,SMB (11-50),Social
usr_4680,2026-05-27,Startup (1-10),Product-Led Referral
usr_4681,2026-05-27,SMB (11-50),Paid Ads
usr_4682,2026-05-27,SMB (11-50),Paid Ads
usr_4683,2026-05-27,SMB (11-50),Product-Led Referral
usr_4684,2026-05-27,Mid-Market (51-200),Organic Search
usr_4685,2026-05-27,Mid-Market (51-200),Organic Search
usr_4686,2026-05-27,Mid-Market (51-200),Organic Search
usr_4687,2026-05-27,Startup (1-10),Organic Search
usr_4688,2026-05-28,Startup (1-10),Organic Search
usr_4689,2026-05-28,Startup (1-10),Paid Ads
usr_4690,2026-05-28,Mid-Market (51-200),Product-Led Referral
usr_4691,2026-05-28,Enterprise (200+),Paid Ads
usr_4692,2026-05-28,Mid-Market (51-200),Organic Search
usr_4693,2026-05-28,Startup (1-10),Organic Search
usr_4694,2026-05-28,Mid-Market (51-200),Paid Ads
usr_4695,2026-05-28,Startup (1-10),Organic Search
usr_4696,2026-05-28,Startup (1-10),Product-Led Referral
usr_4697,2026-05-28,Startup (1-10),Social
usr_4698,2026-05-29,Startup (1-10),Organic Search
usr_4699,2026-05-29,SMB (11-50),Organic Search
usr_4700,2026-05-29,Startup (1-10),Paid Ads
usr_4701,2026-05-29,Startup (1-10),Social
usr_4702,2026-05-29,SMB (11-50),Product-Led Referral
usr_4703,2026-05-29,Mid-Market (51-200),Direct
usr_4704,2026-05-29,SMB (11-50),Organic Search
usr_4705,2026-05-29,Startup (1-10),Social
usr_4706,2026-05-29,Mid-Market (51-200),Organic Search
usr_4707,2026-05-29,Mid-Market (51-200),Organic Search
usr_4708,2026-05-29,Startup (1-10),Direct
usr_4709,2026-05-29,SMB (11-50),Direct
usr_4710,2026-05-29,Startup (1-10),Organic Search
usr_4711,2026-05-29,Startup (1-10),Organic Search
usr_4712,2026-05-29,SMB (11-50),Organic Search
usr_4713,2026-05-29,Mid-Market (51-200),Organic Search
usr_4714,2026-05-29,Startup (1-10),Organic Search
usr_4715,2026-05-30,Mid-Market (51-200),Social
usr_4716,2026-05-30,Mid-Market (51-200),Product-Led Referral
usr_4717,2026-05-30,Mid-Market (51-200),Product-Led Referral
usr_4718,2026-05-30,Startup (1-10),Product-Led Referral
usr_4719,2026-05-30,Mid-Market (51-200),Paid Ads
usr_4720,2026-05-30,Startup (1-10),Product-Led Referral
usr_4721,2026-05-30,SMB (11-50),Paid Ads
usr_4722,2026-05-30,Startup (1-10),Organic Search
usr_4723,2026-05-30,Startup (1-10),Paid Ads
usr_4724,2026-05-31,SMB (11-50),Paid Ads
usr_4725,2026-05-31,Startup (1-10),Direct
usr_4726,2026-05-31,Startup (1-10),Social
usr_4727,2026-05-31,Startup (1-10),Paid Ads
usr_4728,2026-05-31,SMB (11-50),Product-Led Referral
usr_4729,2026-05-31,Startup (1-10),Organic Search
usr_4730,2026-05-31,Mid-Market (51-200),Product-Led Referral
usr_4731,2026-05-31,Startup (1-10),Paid Ads
usr_4732,2026-05-31,Startup (1-10),Organic Search
usr_4733,2026-05-31,Startup (1-10),Paid Ads
usr_4734,2026-05-31,Startup (1-10),Product-Led Referral
usr_4735,2026-05-31,Startup (1-10),Organic Search
usr_4736,2026-05-31,Startup (1-10),Direct
usr_4737,2026-05-31,Enterprise (200+),Organic Search
usr_4738,2026-05-31,SMB (11-50),Direct
usr_4739,2026-05-31,Startup (1-10),Product-Led Referral
usr_4740,2026-05-31,Startup (1-10),Organic Search
usr_4741,2026-06-01,Mid-Market (51-200),Paid Ads
usr_4742,2026-06-01,Startup (1-10),Product-Led Referral
usr_4743,2026-06-01,Startup (1-10),Product-Led Referral
usr_4744,2026-06-01,SMB (11-50),Product-Led Referral
usr_4745,2026-06-01,SMB (11-50),Paid Ads
usr_4746,2026-06-01,SMB (11-50),Paid Ads
usr_4747,2026-06-01,Startup (1-10),Social
usr_4748,2026-06-01,Startup (1-10),Organic Search
usr_4749,2026-06-01,SMB (11-50),Paid Ads
usr_4750,2026-06-01,Startup (1-10),Organic Search
usr_4751,2026-06-02,SMB (11-50),Product-Led Referral
usr_4752,2026-06-02,SMB (11-50),Product-Led Referral
usr_4753,2026-06-02,Startup (1-10),Organic Search
usr_4754,2026-06-02,Mid-Market (51-200),Organic Search
usr_4755,2026-06-02,Mid-Market (51-200),Organic Search
usr_4756,2026-06-02,SMB (11-50),Paid Ads
usr_4757,2026-06-02,Startup (1-10),Paid Ads
usr_4758,2026-06-02,Startup (1-10),Social
usr_4759,2026-06-02,Startup (1-10),Paid Ads
usr_4760,2026-06-02,Startup (1-10),Organic Search
usr_4761,2026-06-02,Enterprise (200+),Direct
usr_4762,2026-06-02,Startup (1-10),Paid Ads
usr_4763,2026-06-03,Startup (1-10),Paid Ads
usr_4764,2026-06-03,Startup (1-10),Organic Search
usr_4765,2026-06-03,SMB (11-50),Paid Ads
usr_4766,2026-06-03,Startup (1-10),Direct
usr_4767,2026-06-03,Startup (1-10),Paid Ads
usr_4768,2026-06-03,Startup (1-10),Organic Search
usr_4769,2026-06-03,Mid-Market (51-200),Product-Led Referral
usr_4770,2026-06-03,Startup (1-10),Direct
usr_4771,2026-06-03,Mid-Market (51-200),Organic Search
usr_4772,2026-06-04,Mid-Market (51-200),Paid Ads
usr_4773,2026-06-04,Startup (1-10),Social
usr_4774,2026-06-04,SMB (11-50),Organic Search
usr_4775,2026-06-04,Startup (1-10),Product-Led Referral
usr_4776,2026-06-04,Enterprise (200+),Product-Led Referral
usr_4777,2026-06-04,SMB (11-50),Product-Led Referral
usr_4778,2026-06-04,Startup (1-10),Paid Ads
usr_4779,2026-06-04,Startup (1-10),Organic Search
usr_4780,2026-06-04,Startup (1-10),Product-Led Referral
usr_4781,2026-06-04,Enterprise (200+),Organic Search
usr_4782,2026-06-04,Startup (1-10),Paid Ads
usr_4783,2026-06-04,SMB (11-50),Organic Search
usr_4784,2026-06-04,Startup (1-10),Organic Search
usr_4785,2026-06-04,Mid-Market (51-200),Social
usr_4786,2026-06-04,Startup (1-10),Paid Ads
usr_4787,2026-06-04,SMB (11-50),Social
usr_4788,2026-06-04,Startup (1-10),Organic Search
usr_4789,2026-06-04,SMB (11-50),Paid Ads
usr_4790,2026-06-04,Startup (1-10),Organic Search
usr_4791,2026-06-04,Startup (1-10),Product-Led Referral
usr_4792,2026-06-05,Startup (1-10),Product-Led Referral
usr_4793,2026-06-05,SMB (11-50),Organic Search
usr_4794,2026-06-05,Startup (1-10),Direct
usr_4795,2026-06-05,SMB (11-50),Organic Search
usr_4796,2026-06-05,Startup (1-10),Product-Led Referral
usr_4797,2026-06-05,Mid-Market (51-200),Social
usr_4798,2026-06-05,Mid-Market (51-200),Direct
usr_4799,2026-06-05,SMB (11-50),Social
usr_4800,2026-06-05,Startup (1-10),Organic Search
usr_4801,2026-06-05,Startup (1-10),Organic Search
usr_4802,2026-06-05,Startup (1-10),Organic Search
usr_4803,2026-06-06,Startup (1-10),Paid Ads
usr_4804,2026-06-06,SMB (11-50),Product-Led Referral
usr_4805,2026-06-06,SMB (11-50),Organic Search
usr_4806,2026-06-06,Mid-Market (51-200),Product-Led Referral
usr_4807,2026-06-06,Startup (1-10),Organic Search
usr_4808,2026-06-06,SMB (11-50),Organic Search
usr_4809,2026-06-06,Startup (1-10),Product-Led Referral
usr_4810,2026-06-06,SMB (11-50),Paid Ads
usr_4811,2026-06-06,Startup (1-10),Direct
usr_4812,2026-06-06,Startup (1-10),Organic Search
usr_4813,2026-06-06,Startup (1-10),Product-Led Referral
usr_4814,2026-06-07,SMB (11-50),Organic Search
usr_4815,2026-06-07,Mid-Market (51-200),Organic Search
usr_4816,2026-06-07,Startup (1-10),Product-Led Referral
usr_4817,2026-06-07,Startup (1-10),Direct
usr_4818,2026-06-07,Startup (1-10),Organic Search
usr_4819,2026-06-07,SMB (11-50),Organic Search
usr_4820,2026-06-07,Startup (1-10),Paid Ads
usr_4821,2026-06-07,SMB (11-50),Organic Search
usr_4822,2026-06-07,Enterprise (200+),Direct
usr_4823,2026-06-07,Mid-Market (51-200),Product-Led Referral
usr_4824,2026-06-07,Startup (1-10),Organic Search
usr_4825,2026-06-07,Mid-Market (51-200),Paid Ads
usr_4826,2026-06-07,SMB (11-50),Product-Led Referral
usr_4827,2026-06-07,Startup (1-10),Organic Search
usr_4828,2026-06-08,SMB (11-50),Product-Led Referral
usr_4829,2026-06-08,Mid-Market (51-200),Organic Search
usr_4830,2026-06-08,Startup (1-10),Product-Led Referral
usr_4831,2026-06-08,Startup (1-10),Organic Search
usr_4832,2026-06-08,Startup (1-10),Direct
usr_4833,2026-06-08,SMB (11-50),Paid Ads
usr_4834,2026-06-08,Startup (1-10),Organic Search
usr_4835,2026-06-08,Mid-Market (51-200),Direct
usr_4836,2026-06-08,SMB (11-50),Organic Search
usr_4837,2026-06-08,SMB (11-50),Paid Ads
usr_4838,2026-06-08,Startup (1-10),Paid Ads
usr_4839,2026-06-09,SMB (11-50),Organic Search
usr_4840,2026-06-09,Startup (1-10),Direct
usr_4841,2026-06-09,Startup (1-10),Product-Led Referral
usr_4842,2026-06-09,SMB (11-50),Organic Search
usr_4843,2026-06-09,Startup (1-10),Product-Led Referral
usr_4844,2026-06-09,SMB (11-50),Paid Ads
usr_4845,2026-06-09,Startup (1-10),Direct
usr_4846,2026-06-09,Startup (1-10),Organic Search
usr_4847,2026-06-09,Startup (1-10),Paid Ads
usr_4848,2026-06-09,Enterprise (200+),Paid Ads
usr_4849,2026-06-09,SMB (11-50),Paid Ads
usr_4850,2026-06-09,SMB (11-50),Paid Ads
usr_4851,2026-06-09,Startup (1-10),Organic Search
usr_4852,2026-06-09,Startup (1-10),Product-Led Referral
usr_4853,2026-06-09,Enterprise (200+),Paid Ads
usr_4854,2026-06-09,Startup (1-10),Social
usr_4855,2026-06-10,Startup (1-10),Organic Search
usr_4856,2026-06-10,SMB (11-50),Product-Led Referral
usr_4857,2026-06-10,Startup (1-10),Direct
usr_4858,2026-06-10,Mid-Market (51-200),Product-Led Referral
usr_4859,2026-06-10,SMB (11-50),Direct
usr_4860,2026-06-10,Startup (1-10),Direct
usr_4861,2026-06-10,Startup (1-10),Paid Ads
usr_4862,2026-06-10,Startup (1-10),Product-Led Referral
usr_4863,2026-06-10,Mid-Market (51-200),Organic Search
usr_4864,2026-06-10,SMB (11-50),Paid Ads
usr_4865,2026-06-10,Startup (1-10),Organic Search
usr_4866,2026-06-10,Startup (1-10),Product-Led Referral
usr_4867,2026-06-10,SMB (11-50),Paid Ads
usr_4868,2026-06-10,SMB (11-50),Paid Ads
usr_4869,2026-06-10,Startup (1-10),Organic Search
usr_4870,2026-06-10,Startup (1-10),Social
usr_4871,2026-06-10,Startup (1-10),Organic Search
usr_4872,2026-06-11,SMB (11-50),Organic Search
usr_4873,2026-06-11,Enterprise (200+),Organic Search
usr_4874,2026-06-11,Startup (1-10),Social
usr_4875,2026-06-11,SMB (11-50),Social
usr_4876,2026-06-11,Startup (1-10),Product-Led Referral
usr_4877,2026-06-11,Startup (1-10),Direct
usr_4878,2026-06-11,Startup (1-10),Organic Search
usr_4879,2026-06-11,Mid-Market (51-200),Social
usr_4880,2026-06-11,Startup (1-10),Organic Search
usr_4881,2026-06-11,SMB (11-50),Organic Search
usr_4882,2026-06-11,Startup (1-10),Organic Search
usr_4883,2026-06-11,Startup (1-10),Paid Ads
usr_4884,2026-06-11,Startup (1-10),Product-Led Referral
usr_4885,2026-06-12,SMB (11-50),Paid Ads
usr_4886,2026-06-12,Startup (1-10),Social
usr_4887,2026-06-12,SMB (11-50),Paid Ads
usr_4888,2026-06-12,Startup (1-10),Organic Search
usr_4889,2026-06-12,Startup (1-10),Paid Ads
usr_4890,2026-06-12,Startup (1-10),Product-Led Referral
usr_4891,2026-06-12,Startup (1-10),Direct
usr_4892,2026-06-12,Startup (1-10),Paid Ads
usr_4893,2026-06-12,Startup (1-10),Paid Ads
usr_4894,2026-06-12,SMB (11-50),Organic Search
usr_4895,2026-06-12,SMB (11-50),Product-Led Referral
usr_4896,2026-06-12,Startup (1-10),Social
usr_4897,2026-06-12,Startup (1-10),Organic Search
usr_4898,2026-06-12,Startup (1-10),Direct
usr_4899,2026-06-12,Startup (1-10),Paid Ads
usr_4900,2026-06-12,Startup (1-10),Organic Search
usr_4901,2026-06-13,Mid-Market (51-200),Social
usr_4902,2026-06-13,Startup (1-10),Paid Ads
usr_4903,2026-06-13,Startup (1-10),Organic Search
usr_4904,2026-06-13,Startup (1-10),Organic Search
usr_4905,2026-06-13,Startup (1-10),Organic Search
usr_4906,2026-06-13,SMB (11-50),Direct
usr_4907,2026-06-13,Startup (1-10),Product-Led Referral
usr_4908,2026-06-13,Startup (1-10),Direct
usr_4909,2026-06-13,SMB (11-50),Organic Search
usr_4910,2026-06-13,Startup (1-10),Organic Search
usr_4911,2026-06-13,SMB (11-50),Organic Search
usr_4912,2026-06-13,SMB (11-50),Paid Ads
usr_4913,2026-06-14,Startup (1-10),Social
usr_4914,2026-06-14,SMB (11-50),Product-Led Referral
usr_4915,2026-06-14,Startup (1-10),Organic Search
usr_4916,2026-06-14,SMB (11-50),Direct
usr_4917,2026-06-14,Startup (1-10),Product-Led Referral
usr_4918,2026-06-14,Startup (1-10),Organic Search
usr_4919,2026-06-14,SMB (11-50),Direct
usr_4920,2026-06-14,Mid-Market (51-200),Organic Search
usr_4921,2026-06-14,Enterprise (200+),Organic Search
usr_4922,2026-06-15,SMB (11-50),Organic Search
usr_4923,2026-06-15,Startup (1-10),Paid Ads
usr_4924,2026-06-15,Startup (1-10),Paid Ads
usr_4925,2026-06-15,Startup (1-10),Organic Search
usr_4926,2026-06-15,Startup (1-10),Organic Search
usr_4927,2026-06-15,Startup (1-10),Product-Led Referral
usr_4928,2026-06-15,Mid-Market (51-200),Social
usr_4929,2026-06-15,Startup (1-10),Product-Led Referral
usr_4930,2026-06-15,Startup (1-10),Organic Search
usr_4931,2026-06-15,Startup (1-10),Organic Search
usr_4932,2026-06-15,Mid-Market (51-200),Organic Search
usr_4933,2026-06-15,SMB (11-50),Organic Search
usr_4934,2026-06-15,SMB (11-50),Paid Ads
usr_4935,2026-06-15,Startup (1-10),Product-Led Referral
usr_4936,2026-06-15,Mid-Market (51-200),Product-Led Referral
usr_4937,2026-06-15,Startup (1-10),Product-Led Referral
usr_4938,2026-06-15,Mid-Market (51-200),Organic Search
usr_4939,2026-06-15,SMB (11-50),Organic Search
usr_4940,2026-06-15,Startup (1-10),Product-Led Referral
usr_4941,2026-06-15,Startup (1-10),Organic Search
usr_4942,2026-06-16,SMB (11-50),Organic Search
usr_4943,2026-06-16,Startup (1-10),Paid Ads
usr_4944,2026-06-16,Mid-Market (51-200),Organic Search
usr_4945,2026-06-16,Startup (1-10),Organic Search
usr_4946,2026-06-16,Startup (1-10),Direct
usr_4947,2026-06-16,Startup (1-10),Direct
usr_4948,2026-06-16,Startup (1-10),Organic Search
usr_4949,2026-06-16,Startup (1-10),Organic Search
usr_4950,2026-06-16,Startup (1-10),Product-Led Referral
usr_4951,2026-06-16,SMB (11-50),Organic Search
usr_4952,2026-06-16,Startup (1-10),Paid Ads
usr_4953,2026-06-16,Enterprise (200+),Organic Search
usr_4954,2026-06-16,SMB (11-50),Organic Search
usr_4955,2026-06-16,Mid-Market (51-200),Product-Led Referral
usr_4956,2026-06-16,Startup (1-10),Direct
usr_4957,2026-06-16,Startup (1-10),Organic Search
usr_4958,2026-06-16,Startup (1-10),Organic Search
usr_4959,2026-06-16,SMB (11-50),Organic Search
usr_4960,2026-06-16,Mid-Market (51-200),Organic Search
usr_4961,2026-06-17,Startup (1-10),Social
usr_4962,2026-06-17,Startup (1-10),Product-Led Referral
usr_4963,2026-06-17,Mid-Market (51-200),Paid Ads
usr_4964,2026-06-17,Startup (1-10),Product-Led Referral
usr_4965,2026-06-17,SMB (11-50),Direct
usr_4966,2026-06-17,SMB (11-50),Direct
usr_4967,2026-06-17,Mid-Market (51-200),Organic Search
usr_4968,2026-06-17,Startup (1-10),Organic Search
usr_4969,2026-06-17,Startup (1-10),Product-Led Referral
usr_4970,2026-06-17,SMB (11-50),Paid Ads
usr_4971,2026-06-17,Mid-Market (51-200),Social
usr_4972,2026-06-17,Startup (1-10),Product-Led Referral
usr_4973,2026-06-17,Startup (1-10),Social
usr_4974,2026-06-17,SMB (11-50),Organic Search
usr_4975,2026-06-18,Mid-Market (51-200),Direct
usr_4976,2026-06-18,Mid-Market (51-200),Organic Search
usr_4977,2026-06-18,Enterprise (200+),Social
usr_4978,2026-06-18,Startup (1-10),Organic Search
usr_4979,2026-06-18,Startup (1-10),Paid Ads
usr_4980,2026-06-18,SMB (11-50),Product-Led Referral
usr_4981,2026-06-18,Mid-Market (51-200),Paid Ads
usr_4982,2026-06-18,Startup (1-10),Paid Ads
usr_4983,2026-06-18,Startup (1-10),Social
usr_4984,2026-06-18,SMB (11-50),Paid Ads
usr_4985,2026-06-18,Startup (1-10),Product-Led Referral
usr_4986,2026-06-18,Startup (1-10),Organic Search
usr_4987,2026-06-18,SMB (11-50),Direct
usr_4988,2026-06-18,SMB (11-50),Product-Led Referral
usr_4989,2026-06-19,SMB (11-50),Paid Ads
usr_4990,2026-06-19,Startup (1-10),Organic Search
usr_4991,2026-06-19,SMB (11-50),Paid Ads
usr_4992,2026-06-19,SMB (11-50),Organic Search
usr_4993,2026-06-19,SMB (11-50),Organic Search
usr_4994,2026-06-19,SMB (11-50),Product-Led Referral
usr_4995,2026-06-19,Startup (1-10),Organic Search
usr_4996,2026-06-19,Startup (1-10),Organic Search
usr_4997,2026-06-19,Startup (1-10),Product-Led Referral
usr_4998,2026-06-19,Startup (1-10),Organic Search
usr_4999,2026-06-19,SMB (11-50),Organic Search
usr_5000,2026-06-19,Mid-Market (51-200),Organic Search
usr_5001,2026-06-19,SMB (11-50),Paid Ads
usr_5002,2026-06-20,SMB (11-50),Product-Led Referral
usr_5003,2026-06-20,Startup (1-10),Product-Led Referral
usr_5004,2026-06-20,Startup (1-10),Organic Search
usr_5005,2026-06-20,Startup (1-10),Organic Search
usr_5006,2026-06-20,Startup (1-10),Organic Search
usr_5007,2026-06-20,Startup (1-10),Paid Ads
usr_5008,2026-06-20,SMB (11-50),Direct
usr_5009,2026-06-20,Enterprise (200+),Organic Search
usr_5010,2026-06-20,Startup (1-10),Organic Search
usr_5011,2026-06-20,Startup (1-10),Organic Search
usr_5012,2026-06-20,SMB (11-50),Product-Led Referral
usr_5013,2026-06-20,Startup (1-10),Product-Led Referral
usr_5014,2026-06-20,Mid-Market (51-200),Product-Led Referral
usr_5015,2026-06-20,SMB (11-50),Direct
usr_5016,2026-06-20,Mid-Market (51-200),Paid Ads
usr_5017,2026-06-20,Startup (1-10),Organic Search
usr_5018,2026-06-20,SMB (11-50),Organic Search
usr_5019,2026-06-20,Startup (1-10),Product-Led Referral
usr_5020,2026-06-20,SMB (11-50),Product-Led Referral
usr_5021,2026-06-21,Startup (1-10),Paid Ads
usr_5022,2026-06-21,Startup (1-10),Product-Led Referral
usr_5023,2026-06-21,SMB (11-50),Product-Led Referral
usr_5024,2026-06-21,SMB (11-50),Direct
usr_5025,2026-06-21,Mid-Market (51-200),Paid Ads
usr_5026,2026-06-21,SMB (11-50),Product-Led Referral
usr_5027,2026-06-21,SMB (11-50),Organic Search
usr_5028,2026-06-21,Startup (1-10),Product-Led Referral
usr_5029,2026-06-21,SMB (11-50),Direct
usr_5030,2026-06-21,SMB (11-50),Paid Ads
usr_5031,2026-06-21,Mid-Market (51-200),Product-Led Referral
usr_5032,2026-06-21,Mid-Market (51-200),Product-Led Referral
usr_5033,2026-06-21,Startup (1-10),Organic Search
usr_5034,2026-06-21,Mid-Market (51-200),Paid Ads
usr_5035,2026-06-21,Startup (1-10),Organic Search
usr_5036,2026-06-22,Startup (1-10),Social
usr_5037,2026-06-22,SMB (11-50),Direct
usr_5038,2026-06-22,Startup (1-10),Organic Search
usr_5039,2026-06-22,SMB (11-50),Organic Search
usr_5040,2026-06-22,Startup (1-10),Paid Ads
usr_5041,2026-06-22,Startup (1-10),Organic Search
usr_5042,2026-06-22,SMB (11-50),Organic Search
usr_5043,2026-06-22,SMB (11-50),Paid Ads
usr_5044,2026-06-22,Mid-Market (51-200),Paid Ads
usr_5045,2026-06-22,SMB (11-50),Organic Search
usr_5046,2026-06-22,SMB (11-50),Direct
usr_5047,2026-06-22,Startup (1-10),Direct
usr_5048,2026-06-22,Startup (1-10),Product-Led Referral
usr_5049,2026-06-22,Startup (1-10),Direct
usr_5050,2026-06-22,SMB (11-50),Organic Search
usr_5051,2026-06-22,SMB (11-50),Organic Search
usr_5052,2026-06-23,Startup (1-10),Organic Search
usr_5053,2026-06-23,SMB (11-50),Product-Led Referral
usr_5054,2026-06-23,SMB (11-50),Direct
usr_5055,2026-06-23,Startup (1-10),Product-Led Referral
usr_5056,2026-06-23,Startup (1-10),Direct
usr_5057,2026-06-23,Mid-Market (51-200),Product-Led Referral
usr_5058,2026-06-23,SMB (11-50),Paid Ads
usr_5059,2026-06-23,Mid-Market (51-200),Paid Ads
usr_5060,2026-06-23,Startup (1-10),Organic Search
usr_5061,2026-06-23,Enterprise (200+),Organic Search
usr_5062,2026-06-23,Startup (1-10),Product-Led Referral
usr_5063,2026-06-23,Startup (1-10),Paid Ads
usr_5064,2026-06-24,Enterprise (200+),Paid Ads
usr_5065,2026-06-24,Startup (1-10),Paid Ads
usr_5066,2026-06-24,SMB (11-50),Organic Search
usr_5067,2026-06-24,Startup (1-10),Paid Ads
usr_5068,2026-06-25,SMB (11-50),Paid Ads
usr_5069,2026-06-25,Mid-Market (51-200),Paid Ads
usr_5070,2026-06-25,Startup (1-10),Direct
usr_5071,2026-06-25,SMB (11-50),Paid Ads
usr_5072,2026-06-25,Startup (1-10),Product-Led Referral
usr_5073,2026-06-25,SMB (11-50),Direct
usr_5074,2026-06-26,Startup (1-10),Direct
usr_5075,2026-06-26,Startup (1-10),Direct
usr_5076,2026-06-26,Startup (1-10),Organic Search
usr_5077,2026-06-26,Startup (1-10),Organic Search
usr_5078,2026-06-26,Mid-Market (51-200),Organic Search
usr_5079,2026-06-26,Startup (1-10),Organic Search
usr_5080,2026-06-26,Startup (1-10),Direct
usr_5081,2026-06-27,Startup (1-10),Product-Led Referral
usr_5082,2026-06-27,Startup (1-10),Organic Search
usr_5083,2026-06-27,SMB (11-50),Organic Search
usr_5084,2026-06-27,Enterprise (200+),Organic Search
usr_5085,2026-06-27,Startup (1-10),Product-Led Referral
usr_5086,2026-06-27,Mid-Market (51-200),Product-Led Referral
usr_5087,2026-06-27,SMB (11-50),Direct
usr_5088,2026-06-27,Startup (1-10),Direct
usr_5089,2026-06-28,SMB (11-50),Organic Search
usr_5090,2026-06-28,SMB (11-50),Organic Search
usr_5091,2026-06-28,SMB (11-50),Organic Search
usr_5092,2026-06-28,Mid-Market (51-200),Paid Ads
usr_5093,2026-06-28,Startup (1-10),Direct
usr_5094,2026-06-28,Mid-Market (51-200),Paid Ads
usr_5095,2026-06-28,SMB (11-50),Product-Led Referral
usr_5096,2026-06-28,Startup (1-10),Paid Ads
usr_5097,2026-06-28,SMB (11-50),Organic Search
usr_5098,2026-06-28,Startup (1-10),Organic Search
usr_5099,2026-06-28,Enterprise (200+),Paid Ads
usr_5100,2026-06-28,SMB (11-50),Product-Led Referral
usr_5101,2026-06-28,Startup (1-10),Organic Search
usr_5102,2026-06-28,Startup (1-10),Product-Led Referral
usr_5103,2026-06-28,SMB (11-50),Direct
usr_5104,2026-06-28,Startup (1-10),Paid Ads
usr_5105,2026-06-29,Startup (1-10),Product-Led Referral
usr_5106,2026-06-29,Startup (1-10),Paid Ads
usr_5107,2026-06-29,Startup (1-10),Product-Led Referral
usr_5108,2026-06-29,Startup (1-10),Product-Led Referral
usr_5109,2026-06-29,Startup (1-10),Social
usr_5110,2026-06-29,Startup (1-10),Organic Search
usr_5111,2026-06-29,SMB (11-50),Paid Ads
usr_5112,2026-06-29,SMB (11-50),Organic Search
usr_5113,2026-06-29,Startup (1-10),Organic Search
usr_5114,2026-06-29,Startup (1-10),Product-Led Referral
usr_5115,2026-06-29,SMB (11-50),Direct
usr_5116,2026-06-29,Startup (1-10),Paid Ads
usr_5117,2026-06-29,Startup (1-10),Organic Search
usr_5118,2026-06-29,Startup (1-10),Organic Search
usr_5119,2026-06-29,Mid-Market (51-200),Paid Ads
usr_5120,2026-06-29,SMB (11-50),Organic Search
usr_5121,2026-06-29,SMB (11-50),Organic Search
usr_5122,2026-06-29,SMB (11-50),Product-Led Referral
usr_5123,2026-06-29,SMB (11-50),Organic Search
usr_5124,2026-06-30,Startup (1-10),Paid Ads
usr_5125,2026-06-30,SMB (11-50),Product-Led Referral
usr_5126,2026-06-30,Startup (1-10),Organic Search
usr_5127,2026-06-30,SMB (11-50),Product-Led Referral
usr_5128,2026-06-30,SMB (11-50),Product-Led Referral
usr_5129,2026-06-30,SMB (11-50),Product-Led Referral
usr_5130,2026-06-30,Startup (1-10),Paid Ads
usr_5131,2026-06-30,Startup (1-10),Organic Search
usr_5132,2026-06-30,SMB (11-50),Direct
usr_5133,2026-06-30,SMB (11-50),Product-Led Referral
usr_5134,2026-06-30,Mid-Market (51-200),Organic Search
usr_5135,2026-06-30,Startup (1-10),Organic Search
usr_5136,2026-06-30,SMB (11-50),Organic Search
usr_5137,2026-06-30,SMB (11-50),Organic Search
usr_5138,2026-06-30,Mid-Market (51-200),Paid Ads
usr_5139,2026-06-30,SMB (11-50),Organic Search
usr_5140,2026-06-30,SMB (11-50),Organic Search
usr_5141,2026-06-30,SMB (11-50),Product-Led Referral
usr_5142,2026-06-30,SMB (11-50),Organic Search
usr_5143,2026-06-30,Enterprise (200+),Product-Led Referral
usr_5144,2026-06-30,Startup (1-10),Product-Led Referral
usr_5145,2026-07-01,Startup (1-10),Organic Search
usr_5146,2026-07-01,Mid-Market (51-200),Product-Led Referral
usr_5147,2026-07-01,SMB (11-50),Product-Led Referral
usr_5148,2026-07-01,SMB (11-50),Paid Ads
usr_5149,2026-07-01,Startup (1-10),Organic Search
usr_5150,2026-07-01,Startup (1-10),Paid Ads
usr_5151,2026-07-01,SMB (11-50),Direct
usr_5152,2026-07-01,SMB (11-50),Product-Led Referral
usr_5153,2026-07-01,Startup (1-10),Organic Search
usr_5154,2026-07-01,Startup (1-10),Product-Led Referral
usr_5155,2026-07-01,Mid-Market (51-200),Paid Ads
usr_5156,2026-07-01,Startup (1-10),Paid Ads
usr_5157,2026-07-01,Mid-Market (51-200),Product-Led Referral
usr_5158,2026-07-01,Startup (1-10),Paid Ads
usr_5159,2026-07-02,SMB (11-50),Direct
usr_5160,2026-07-02,Mid-Market (51-200),Product-Led Referral
usr_5161,2026-07-02,SMB (11-50),Product-Led Referral
usr_5162,2026-07-02,Startup (1-10),Organic Search
usr_5163,2026-07-02,SMB (11-50),Direct
usr_5164,2026-07-02,Startup (1-10),Direct
usr_5165,2026-07-02,Startup (1-10),Organic Search
usr_5166,2026-07-02,Enterprise (200+),Paid Ads
usr_5167,2026-07-02,SMB (11-50),Organic Search
usr_5168,2026-07-02,SMB (11-50),Product-Led Referral
usr_5169,2026-07-02,Startup (1-10),Product-Led Referral
usr_5170,2026-07-02,Startup (1-10),Organic Search
usr_5171,2026-07-02,Startup (1-10),Direct
usr_5172,2026-07-02,SMB (11-50),Organic Search
usr_5173,2026-07-02,SMB (11-50),Product-Led Referral
usr_5174,2026-07-02,SMB (11-50),Paid Ads
usr_5175,2026-07-02,Mid-Market (51-200),Organic Search
usr_5176,2026-07-02,Startup (1-10),Organic Search
usr_5177,2026-07-03,Startup (1-10),Organic Search
usr_5178,2026-07-03,Startup (1-10),Product-Led Referral
usr_5179,2026-07-03,Startup (1-10),Paid Ads
usr_5180,2026-07-03,Startup (1-10),Organic Search
usr_5181,2026-07-03,Enterprise (200+),Organic Search
usr_5182,2026-07-03,Startup (1-10),Organic Search
usr_5183,2026-07-03,Mid-Market (51-200),Product-Led Referral
usr_5184,2026-07-03,Startup (1-10),Product-Led Referral
usr_5185,2026-07-04,Enterprise (200+),Organic Search
usr_5186,2026-07-04,SMB (11-50),Paid Ads
usr_5187,2026-07-04,Mid-Market (51-200),Organic Search
usr_5188,2026-07-04,Startup (1-10),Direct
usr_5189,2026-07-04,SMB (11-50),Direct
usr_5190,2026-07-04,Mid-Market (51-200),Product-Led Referral
usr_5191,2026-07-04,Startup (1-10),Direct
usr_5192,2026-07-04,Startup (1-10),Direct
usr_5193,2026-07-04,Startup (1-10),Direct
usr_5194,2026-07-04,Mid-Market (51-200),Paid Ads
usr_5195,2026-07-04,SMB (11-50),Organic Search
usr_5196,2026-07-05,SMB (11-50),Organic Search
usr_5197,2026-07-05,Startup (1-10),Organic Search
usr_5198,2026-07-05,Startup (1-10),Product-Led Referral
usr_5199,2026-07-05,Mid-Market (51-200),Organic Search
usr_5200,2026-07-05,Startup (1-10),Organic Search
usr_5201,2026-07-05,SMB (11-50),Paid Ads
usr_5202,2026-07-05,Mid-Market (51-200),Organic Search
usr_5203,2026-07-05,Startup (1-10),Paid Ads
usr_5204,2026-07-05,SMB (11-50),Direct
usr_5205,2026-07-05,Startup (1-10),Product-Led Referral
usr_5206,2026-07-05,SMB (11-50),Product-Led Referral
usr_5207,2026-07-05,Startup (1-10),Paid Ads
usr_5208,2026-07-06,SMB (11-50),Paid Ads
usr_5209,2026-07-06,Startup (1-10),Organic Search
usr_5210,2026-07-06,Startup (1-10),Direct
usr_5211,2026-07-06,SMB (11-50),Organic Search
usr_5212,2026-07-06,Startup (1-10),Organic Search
usr_5213,2026-07-06,SMB (11-50),Product-Led Referral
usr_5214,2026-07-06,Startup (1-10),Organic Search
usr_5215,2026-07-06,SMB (11-50),Paid Ads
usr_5216,2026-07-06,Startup (1-10),Organic Search
usr_5217,2026-07-06,SMB (11-50),Organic Search
usr_5218,2026-07-06,Startup (1-10),Organic Search
usr_5219,2026-07-06,Startup (1-10),Organic Search
usr_5220,2026-07-07,Startup (1-10),Product-Led Referral
usr_5221,2026-07-07,SMB (11-50),Direct
usr_5222,2026-07-07,Startup (1-10),Paid Ads
usr_5223,2026-07-07,Mid-Market (51-200),Direct
usr_5224,2026-07-07,Mid-Market (51-200),Organic Search
usr_5225,2026-07-07,Startup (1-10),Organic Search
usr_5226,2026-07-07,SMB (11-50),Organic Search
usr_5227,2026-07-07,Startup (1-10),Product-Led Referral
usr_5228,2026-07-07,Startup (1-10),Paid Ads
usr_5229,2026-07-07,SMB (11-50),Product-Led Referral
usr_5230,2026-07-07,SMB (11-50),Product-Led Referral
usr_5231,2026-07-07,SMB (11-50),Paid Ads
usr_5232,2026-07-07,Startup (1-10),Product-Led Referral
usr_5233,2026-07-07,Startup (1-10),Direct
usr_5234,2026-07-07,Startup (1-10),Organic Search
usr_5235,2026-07-07,SMB (11-50),Paid Ads
usr_5236,2026-07-07,SMB (11-50),Product-Led Referral
usr_5237,2026-07-07,SMB (11-50),Product-Led Referral
usr_5238,2026-07-07,Startup (1-10),Organic Search
usr_5239,2026-07-08,Startup (1-10),Paid Ads
usr_5240,2026-07-08,Startup (1-10),Paid Ads
usr_5241,2026-07-08,Startup (1-10),Paid Ads
usr_5242,2026-07-08,Startup (1-10),Organic Search
usr_5243,2026-07-08,Mid-Market (51-200),Direct
usr_5244,2026-07-08,Mid-Market (51-200),Product-Led Referral
usr_5245,2026-07-08,SMB (11-50),Paid Ads
usr_5246,2026-07-08,Startup (1-10),Product-Led Referral
usr_5247,2026-07-08,Startup (1-10),Direct
usr_5248,2026-07-08,Mid-Market (51-200),Organic Search
usr_5249,2026-07-08,Startup (1-10),Organic Search
usr_5250,2026-07-08,Mid-Market (51-200),Paid Ads
usr_5251,2026-07-08,Startup (1-10),Product-Led Referral
usr_5252,2026-07-08,Startup (1-10),Organic Search
usr_5253,2026-07-09,Mid-Market (51-200),Social
usr_5254,2026-07-09,Startup (1-10),Paid Ads
usr_5255,2026-07-09,SMB (11-50),Paid Ads
usr_5256,2026-07-09,SMB (11-50),Organic Search
usr_5257,2026-07-09,Startup (1-10),Organic Search
usr_5258,2026-07-09,Startup (1-10),Product-Led Referral
usr_5259,2026-07-09,SMB (11-50),Social
usr_5260,2026-07-09,SMB (11-50),Paid Ads
usr_5261,2026-07-09,Startup (1-10),Social
usr_5262,2026-07-09,Mid-Market (51-200),Direct
usr_5263,2026-07-09,Startup (1-10),Paid Ads
usr_5264,2026-07-09,Startup (1-10),Product-Led Referral
usr_5265,2026-07-09,Startup (1-10),Paid Ads
usr_5266,2026-07-10,Startup (1-10),Paid Ads
usr_5267,2026-07-10,Startup (1-10),Organic Search
usr_5268,2026-07-10,Enterprise (200+),Product-Led Referral
usr_5269,2026-07-10,Startup (1-10),Organic Search
usr_5270,2026-07-10,Startup (1-10),Direct
usr_5271,2026-07-10,Startup (1-10),Direct
usr_5272,2026-07-10,SMB (11-50),Organic Search
usr_5273,2026-07-10,Mid-Market (51-200),Organic Search
usr_5274,2026-07-10,Startup (1-10),Paid Ads
usr_5275,2026-07-10,Startup (1-10),Paid Ads
usr_5276,2026-07-10,Startup (1-10),Organic Search
usr_5277,2026-07-10,Startup (1-10),Paid Ads
usr_5278,2026-07-10,Startup (1-10),Organic Search
usr_5279,2026-07-10,Startup (1-10),Organic Search
usr_5280,2026-07-10,Startup (1-10),Organic Search
usr_5281,2026-07-10,SMB (11-50),Organic Search
usr_5282,2026-07-10,Startup (1-10),Product-Led Referral
usr_5283,2026-07-10,Mid-Market (51-200),Social
usr_5284,2026-07-10,Mid-Market (51-200),Paid Ads
usr_5285,2026-07-10,SMB (11-50),Paid Ads
usr_5286,2026-07-10,Startup (1-10),Organic Search
usr_5287,2026-07-10,Startup (1-10),Paid Ads
usr_5288,2026-07-10,Startup (1-10),Organic Search
usr_5289,2026-07-10,SMB (11-50),Product-Led Referral
usr_5290,2026-07-11,Startup (1-10),Direct
usr_5291,2026-07-11,Mid-Market (51-200),Organic Search
usr_5292,2026-07-11,Mid-Market (51-200),Product-Led Referral
usr_5293,2026-07-11,Startup (1-10),Organic Search
usr_5294,2026-07-11,SMB (11-50),Paid Ads
usr_5295,2026-07-11,Startup (1-10),Organic Search
usr_5296,2026-07-11,Startup (1-10),Paid Ads
usr_5297,2026-07-11,Startup (1-10),Organic Search
usr_5298,2026-07-11,Startup (1-10),Paid Ads
usr_5299,2026-07-11,Mid-Market (51-200),Paid Ads
usr_5300,2026-07-11,Startup (1-10),Organic Search
usr_5301,2026-07-11,Startup (1-10),Product-Led Referral
usr_5302,2026-07-11,SMB (11-50),Direct
usr_5303,2026-07-11,SMB (11-50),Paid Ads
usr_5304,2026-07-11,Startup (1-10),Organic Search
usr_5305,2026-07-11,Mid-Market (51-200),Organic Search
usr_5306,2026-07-11,SMB (11-50),Direct
usr_5307,2026-07-11,Startup (1-10),Paid Ads
usr_5308,2026-07-11,Startup (1-10),Paid Ads
usr_5309,2026-07-12,Startup (1-10),Organic Search
usr_5310,2026-07-12,Mid-Market (51-200),Paid Ads
usr_5311,2026-07-12,SMB (11-50),Organic Search
usr_5312,2026-07-12,Mid-Market (51-200),Direct
usr_5313,2026-07-12,Startup (1-10),Direct
usr_5314,2026-07-12,Startup (1-10),Organic Search
usr_5315,2026-07-12,Startup (1-10),Paid Ads
usr_5316,2026-07-12,Startup (1-10),Organic Search
usr_5317,2026-07-12,SMB (11-50),Paid Ads
usr_5318,2026-07-12,SMB (11-50),Direct
usr_5319,2026-07-13,Startup (1-10),Paid Ads
usr_5320,2026-07-13,Startup (1-10),Organic Search
usr_5321,2026-07-13,Startup (1-10),Organic Search
usr_5322,2026-07-13,Startup (1-10),Direct
usr_5323,2026-07-13,Startup (1-10),Product-Led Referral
usr_5324,2026-07-13,Startup (1-10),Paid Ads
usr_5325,2026-07-13,Startup (1-10),Organic Search
usr_5326,2026-07-13,Startup (1-10),Organic Search
usr_5327,2026-07-13,Startup (1-10),Social
usr_5328,2026-07-13,Startup (1-10),Paid Ads
usr_5329,2026-07-13,SMB (11-50),Paid Ads
usr_5330,2026-07-13,Startup (1-10),Paid Ads
usr_5331,2026-07-13,Enterprise (200+),Product-Led Referral
usr_5332,2026-07-13,Startup (1-10),Organic Search
usr_5333,2026-07-13,Startup (1-10),Organic Search
usr_5334,2026-07-13,Startup (1-10),Paid Ads
usr_5335,2026-07-14,Startup (1-10),Product-Led Referral
usr_5336,2026-07-14,Mid-Market (51-200),Product-Led Referral
usr_5337,2026-07-14,Startup (1-10),Direct
usr_5338,2026-07-14,Mid-Market (51-200),Paid Ads
usr_5339,2026-07-14,Mid-Market (51-200),Organic Search
usr_5340,2026-07-14,SMB (11-50),Social
usr_5341,2026-07-14,SMB (11-50),Paid Ads
usr_5342,2026-07-14,SMB (11-50),Product-Led Referral
usr_5343,2026-07-14,Startup (1-10),Product-Led Referral
usr_5344,2026-07-14,SMB (11-50),Paid Ads
usr_5345,2026-07-15,Startup (1-10),Organic Search
usr_5346,2026-07-15,Startup (1-10),Product-Led Referral
usr_5347,2026-07-15,Startup (1-10),Direct
usr_5348,2026-07-15,SMB (11-50),Paid Ads
usr_5349,2026-07-15,Mid-Market (51-200),Paid Ads
usr_5350,2026-07-15,Startup (1-10),Organic Search
usr_5351,2026-07-15,Mid-Market (51-200),Organic Search
usr_5352,2026-07-15,Startup (1-10),Organic Search
usr_5353,2026-07-15,Startup (1-10),Organic Search
usr_5354,2026-07-15,Startup (1-10),Social
usr_5355,2026-07-15,Startup (1-10),Product-Led Referral
usr_5356,2026-07-15,Startup (1-10),Product-Led Referral
usr_5357,2026-07-15,SMB (11-50),Paid Ads
usr_5358,2026-07-15,Mid-Market (51-200),Organic Search
usr_5359,2026-07-15,Startup (1-10),Social
usr_5360,2026-07-15,Startup (1-10),Paid Ads
usr_5361,2026-07-15,Mid-Market (51-200),Organic Search
usr_5362,2026-07-15,SMB (11-50),Paid Ads
usr_5363,2026-07-15,Startup (1-10),Direct
usr_5364,2026-07-15,Startup (1-10),Direct
usr_5365,2026-07-16,Mid-Market (51-200),Organic Search
usr_5366,2026-07-16,SMB (11-50),Direct
usr_5367,2026-07-16,Startup (1-10),Organic Search
usr_5368,2026-07-16,Startup (1-10),Organic Search
usr_5369,2026-07-16,Mid-Market (51-200),Direct
usr_5370,2026-07-16,Startup (1-10),Direct
usr_5371,2026-07-16,Enterprise (200+),Paid Ads
usr_5372,2026-07-16,Startup (1-10),Paid Ads
usr_5373,2026-07-16,SMB (11-50),Direct
usr_5374,2026-07-16,Startup (1-10),Product-Led Referral
usr_5375,2026-07-16,Startup (1-10),Direct
usr_5376,2026-07-16,Mid-Market (51-200),Paid Ads
usr_5377,2026-07-16,Startup (1-10),Social
usr_5378,2026-07-16,SMB (11-50),Social
usr_5379,2026-07-17,Startup (1-10),Organic Search
usr_5380,2026-07-17,Startup (1-10),Direct
usr_5381,2026-07-17,Startup (1-10),Paid Ads
usr_5382,2026-07-17,SMB (11-50),Paid Ads
usr_5383,2026-07-17,Startup (1-10),Product-Led Referral
usr_5384,2026-07-17,Startup (1-10),Organic Search
usr_5385,2026-07-17,Startup (1-10),Paid Ads
usr_5386,2026-07-17,SMB (11-50),Direct
usr_5387,2026-07-17,SMB (11-50),Organic Search
usr_5388,2026-07-17,Startup (1-10),Paid Ads
usr_5389,2026-07-17,Startup (1-10),Direct
usr_5390,2026-07-17,Mid-Market (51-200),Paid Ads
usr_5391,2026-07-17,Startup (1-10),Paid Ads
usr_5392,2026-07-17,Mid-Market (51-200),Paid Ads
usr_5393,2026-07-17,Mid-Market (51-200),Paid Ads
usr_5394,2026-07-17,SMB (11-50),Product-Led Referral
usr_5395,2026-07-17,Startup (1-10),Direct
usr_5396,2026-07-17,Mid-Market (51-200),Paid Ads
usr_5397,2026-07-18,SMB (11-50),Direct
usr_5398,2026-07-18,SMB (11-50),Paid Ads
usr_5399,2026-07-18,Startup (1-10),Organic Search
usr_5400,2026-07-18,Startup (1-10),Product-Led Referral
usr_5401,2026-07-18,Startup (1-10),Product-Led Referral
usr_5402,2026-07-18,SMB (11-50),Paid Ads
usr_5403,2026-07-18,SMB (11-50),Organic Search
usr_5404,2026-07-18,Startup (1-10),Organic Search
usr_5405,2026-07-18,Startup (1-10),Organic Search
usr_5406,2026-07-18,Startup (1-10),Organic Search
usr_5407,2026-07-18,SMB (11-50),Product-Led Referral
usr_5408,2026-07-18,Mid-Market (51-200),Organic Search
usr_5409,2026-07-18,Startup (1-10),Product-Led Referral
usr_5410,2026-07-18,Startup (1-10),Organic Search
usr_5411,2026-07-18,Startup (1-10),Organic Search
usr_5412,2026-07-18,SMB (11-50),Paid Ads
usr_5413,2026-07-18,SMB (11-50),Organic Search
usr_5414,2026-07-19,Mid-Market (51-200),Direct
usr_5415,2026-07-19,Startup (1-10),Organic Search
usr_5416,2026-07-19,Enterprise (200+),Paid Ads
usr_5417,2026-07-19,Startup (1-10),Direct
usr_5418,2026-07-19,SMB (11-50),Product-Led Referral
usr_5419,2026-07-19,Startup (1-10),Organic Search
usr_5420,2026-07-19,Mid-Market (51-200),Paid Ads
usr_5421,2026-07-19,SMB (11-50),Product-Led Referral
usr_5422,2026-07-19,SMB (11-50),Social
usr_5423,2026-07-19,Mid-Market (51-200),Direct
usr_5424,2026-07-20,Startup (1-10),Organic Search
usr_5425,2026-07-20,Startup (1-10),Social
usr_5426,2026-07-20,Mid-Market (51-200),Organic Search
usr_5427,2026-07-20,Startup (1-10),Organic Search
usr_5428,2026-07-20,Startup (1-10),Direct
usr_5429,2026-07-20,Startup (1-10),Organic Search
usr_5430,2026-07-20,SMB (11-50),Organic Search
usr_5431,2026-07-20,Startup (1-10),Organic Search
usr_5432,2026-07-20,Startup (1-10),Paid Ads
usr_5433,2026-07-20,Startup (1-10),Product-Led Referral
usr_5434,2026-07-20,Startup (1-10),Product-Led Referral
usr_5435,2026-07-20,Mid-Market (51-200),Organic Search
usr_5436,2026-07-20,Enterprise (200+),Paid Ads
usr_5437,2026-07-20,SMB (11-50),Direct
usr_5438,2026-07-21,Startup (1-10),Direct
usr_5439,2026-07-21,Mid-Market (51-200),Organic Search
usr_5440,2026-07-21,SMB (11-50),Social
usr_5441,2026-07-21,Startup (1-10),Product-Led Referral
usr_5442,2026-07-21,Mid-Market (51-200),Organic Search
usr_5443,2026-07-21,SMB (11-50),Organic Search
usr_5444,2026-07-21,SMB (11-50),Organic Search
usr_5445,2026-07-21,SMB (11-50),Product-Led Referral
usr_5446,2026-07-21,Startup (1-10),Organic Search
usr_5447,2026-07-21,Startup (1-10),Paid Ads
usr_5448,2026-07-21,SMB (11-50),Organic Search
usr_5449,2026-07-21,Startup (1-10),Direct
usr_5450,2026-07-21,Startup (1-10),Organic Search
usr_5451,2026-07-21,SMB (11-50),Direct
usr_5452,2026-07-21,SMB (11-50),Direct
usr_5453,2026-07-21,Startup (1-10),Organic Search
usr_5454,2026-07-22,SMB (11-50),Paid Ads
usr_5455,2026-07-22,Mid-Market (51-200),Organic Search
usr_5456,2026-07-22,SMB (11-50),Direct
usr_5457,2026-07-22,Startup (1-10),Paid Ads
usr_5458,2026-07-22,Startup (1-10),Organic Search
usr_5459,2026-07-22,Startup (1-10),Organic Search
usr_5460,2026-07-22,Startup (1-10),Paid Ads
usr_5461,2026-07-22,Startup (1-10),Direct
usr_5462,2026-07-22,Startup (1-10),Product-Led Referral
usr_5463,2026-07-22,Startup (1-10),Direct
usr_5464,2026-07-22,Mid-Market (51-200),Paid Ads
usr_5465,2026-07-22,Startup (1-10),Organic Search
usr_5466,2026-07-22,SMB (11-50),Social
usr_5467,2026-07-22,SMB (11-50),Organic Search
usr_5468,2026-07-22,Startup (1-10),Direct
usr_5469,2026-07-23,Mid-Market (51-200),Paid Ads
usr_5470,2026-07-23,SMB (11-50),Organic Search
usr_5471,2026-07-23,Startup (1-10),Product-Led Referral
usr_5472,2026-07-23,SMB (11-50),Social
usr_5473,2026-07-23,Startup (1-10),Social
usr_5474,2026-07-23,SMB (11-50),Organic Search
usr_5475,2026-07-23,Startup (1-10),Organic Search
usr_5476,2026-07-23,Mid-Market (51-200),Paid Ads
usr_5477,2026-07-23,Startup (1-10),Product-Led Referral
usr_5478,2026-07-23,SMB (11-50),Product-Led Referral
usr_5479,2026-07-23,Startup (1-10),Organic Search
usr_5480,2026-07-23,SMB (11-50),Social
usr_5481,2026-07-23,SMB (11-50),Product-Led Referral
usr_5482,2026-07-23,Startup (1-10),Direct
usr_5483,2026-07-24,SMB (11-50),Paid Ads
usr_5484,2026-07-24,Startup (1-10),Paid Ads
usr_5485,2026-07-24,Mid-Market (51-200),Social
usr_5486,2026-07-24,Startup (1-10),Paid Ads
usr_5487,2026-07-24,Mid-Market (51-200),Direct
usr_5488,2026-07-24,Mid-Market (51-200),Social
usr_5489,2026-07-24,Startup (1-10),Product-Led Referral
usr_5490,2026-07-24,Startup (1-10),Paid Ads
usr_5491,2026-07-24,Startup (1-10),Organic Search
usr_5492,2026-07-24,Mid-Market (51-200),Organic Search
usr_5493,2026-07-25,Startup (1-10),Organic Search
usr_5494,2026-07-25,SMB (11-50),Organic Search
usr_5495,2026-07-25,Mid-Market (51-200),Organic Search
usr_5496,2026-07-25,Startup (1-10),Organic Search
usr_5497,2026-07-25,SMB (11-50),Paid Ads
usr_5498,2026-07-25,Startup (1-10),Paid Ads
usr_5499,2026-07-25,Startup (1-10),Organic Search
usr_5500,2026-07-25,SMB (11-50),Organic Search
usr_5501,2026-07-25,Startup (1-10),Product-Led Referral
usr_5502,2026-07-25,Startup (1-10),Paid Ads
usr_5503,2026-07-25,Mid-Market (51-200),Paid Ads
usr_5504,2026-07-25,Startup (1-10),Product-Led Referral
usr_5505,2026-07-25,Enterprise (200+),Direct
usr_5506,2026-07-25,Enterprise (200+),Paid Ads
usr_5507,2026-07-25,Startup (1-10),Product-Led Referral
usr_5508,2026-07-26,Startup (1-10),Social
usr_5509,2026-07-26,SMB (11-50),Direct
usr_5510,2026-07-26,Startup (1-10),Paid Ads
usr_5511,2026-07-26,Startup (1-10),Product-Led Referral
usr_5512,2026-07-26,SMB (11-50),Organic Search
usr_5513,2026-07-26,Startup (1-10),Paid Ads
usr_5514,2026-07-26,Mid-Market (51-200),Social
usr_5515,2026-07-26,Startup (1-10),Paid Ads
usr_5516,2026-07-27,Startup (1-10),Direct
usr_5517,2026-07-27,Startup (1-10),Paid Ads
usr_5518,2026-07-27,Enterprise (200+),Social
usr_5519,2026-07-27,SMB (11-50),Paid Ads
usr_5520,2026-07-27,Mid-Market (51-200),Organic Search
usr_5521,2026-07-27,Startup (1-10),Paid Ads
usr_5522,2026-07-27,Startup (1-10),Organic Search
usr_5523,2026-07-27,Startup (1-10),Organic Search
usr_5524,2026-07-27,Startup (1-10),Direct
usr_5525,2026-07-27,SMB (11-50),Organic Search
usr_5526,2026-07-27,SMB (11-50),Product-Led Referral
usr_5527,2026-07-27,Startup (1-10),Organic Search
usr_5528,2026-07-27,Mid-Market (51-200),Organic Search
usr_5529,2026-07-28,Startup (1-10),Social
usr_5530,2026-07-28,Enterprise (200+),Paid Ads
usr_5531,2026-07-28,Startup (1-10),Product-Led Referral
usr_5532,2026-07-28,Startup (1-10),Product-Led Referral
usr_5533,2026-07-28,Startup (1-10),Paid Ads
usr_5534,2026-07-28,Startup (1-10),Direct
usr_5535,2026-07-28,SMB (11-50),Product-Led Referral
usr_5536,2026-07-28,Startup (1-10),Paid Ads
usr_5537,2026-07-28,Startup (1-10),Direct
usr_5538,2026-07-28,SMB (11-50),Organic Search
usr_5539,2026-07-28,SMB (11-50),Paid Ads
usr_5540,2026-07-28,Mid-Market (51-200),Social
usr_5541,2026-07-28,Startup (1-10),Product-Led Referral
usr_5542,2026-07-28,SMB (11-50),Direct
usr_5543,2026-07-29,SMB (11-50),Product-Led Referral
usr_5544,2026-07-29,Startup (1-10),Direct
usr_5545,2026-07-29,Startup (1-10),Direct
usr_5546,2026-07-29,Startup (1-10),Organic Search
usr_5547,2026-07-29,Startup (1-10),Organic Search
usr_5548,2026-07-29,Startup (1-10),Paid Ads
usr_5549,2026-07-29,Startup (1-10),Product-Led Referral
usr_5550,2026-07-29,SMB (11-50),Organic Search
usr_5551,2026-07-29,SMB (11-50),Organic Search
usr_5552,2026-07-29,Enterprise (200+),Organic Search
usr_5553,2026-07-30,SMB (11-50),Social
usr_5554,2026-07-30,Startup (1-10),Product-Led Referral
usr_5555,2026-07-30,Mid-Market (51-200),Paid Ads
usr_5556,2026-07-30,Mid-Market (51-200),Organic Search
usr_5557,2026-07-30,Startup (1-10),Paid Ads
usr_5558,2026-07-30,SMB (11-50),Organic Search
usr_5559,2026-07-30,Enterprise (200+),Organic Search
usr_5560,2026-07-30,SMB (11-50),Direct
usr_5561,2026-07-31,Mid-Market (51-200),Social
usr_5562,2026-07-31,Startup (1-10),Organic Search
usr_5563,2026-07-31,Startup (1-10),Organic Search
usr_5564,2026-07-31,Startup (1-10),Organic Search
usr_5565,2026-07-31,SMB (11-50),Paid Ads
usr_5566,2026-07-31,Mid-Market (51-200),Organic Search
usr_5567,2026-07-31,Enterprise (200+),Organic Search
usr_5568,2026-07-31,Startup (1-10),Organic Search
usr_5569,2026-07-31,Startup (1-10),Product-Led Referral
usr_5570,2026-08-01,Mid-Market (51-200),Product-Led Referral
usr_5571,2026-08-01,SMB (11-50),Product-Led Referral
usr_5572,2026-08-01,Startup (1-10),Paid Ads
usr_5573,2026-08-01,Startup (1-10),Direct
usr_5574,2026-08-01,SMB (11-50),Social
usr_5575,2026-08-01,SMB (11-50),Organic Search
usr_5576,2026-08-01,Startup (1-10),Organic Search
usr_5577,2026-08-01,Startup (1-10),Paid Ads
usr_5578,2026-08-01,Enterprise (200+),Organic Search
usr_5579,2026-08-01,SMB (11-50),Paid Ads
usr_5580,2026-08-01,Startup (1-10),Paid Ads
usr_5581,2026-08-01,Startup (1-10),Paid Ads
usr_5582,2026-08-02,SMB (11-50),Organic Search
usr_5583,2026-08-02,Startup (1-10),Paid Ads
usr_5584,2026-08-02,Startup (1-10),Social
usr_5585,2026-08-02,SMB (11-50),Organic Search
usr_5586,2026-08-02,Startup (1-10),Product-Led Referral
usr_5587,2026-08-02,SMB (11-50),Organic Search
usr_5588,2026-08-02,Startup (1-10),Organic Search
usr_5589,2026-08-02,SMB (11-50),Paid Ads
usr_5590,2026-08-02,Startup (1-10),Organic Search
usr_5591,2026-08-02,Startup (1-10),Organic Search
usr_5592,2026-08-02,Startup (1-10),Organic Search
usr_5593,2026-08-02,Mid-Market (51-200),Paid Ads
usr_5594,2026-08-02,Mid-Market (51-200),Product-Led Referral
usr_5595,2026-08-02,Startup (1-10),Organic Search
usr_5596,2026-08-02,SMB (11-50),Product-Led Referral
usr_5597,2026-08-03,SMB (11-50),Organic Search
usr_5598,2026-08-03,Enterprise (200+),Product-Led Referral
usr_5599,2026-08-03,Startup (1-10),Paid Ads
usr_5600,2026-08-03,SMB (11-50),Product-Led Referral
usr_5601,2026-08-03,Startup (1-10),Social
usr_5602,2026-08-03,Startup (1-10),Direct
usr_5603,2026-08-03,Enterprise (200+),Organic Search
usr_5604,2026-08-03,SMB (11-50),Direct
usr_5605,2026-08-03,Startup (1-10),Organic Search
usr_5606,2026-08-03,Startup (1-10),Social
usr_5607,2026-08-03,SMB (11-50),Organic Search
usr_5608,2026-08-03,SMB (11-50),Paid Ads
usr_5609,2026-08-03,Startup (1-10),Organic Search
usr_5610,2026-08-04,Enterprise (200+),Organic Search
usr_5611,2026-08-04,Startup (1-10),Product-Led Referral
usr_5612,2026-08-04,Startup (1-10),Direct
usr_5613,2026-08-04,Mid-Market (51-200),Product-Led Referral
usr_5614,2026-08-04,Startup (1-10),Product-Led Referral
usr_5615,2026-08-04,Startup (1-10),Product-Led Referral
usr_5616,2026-08-04,SMB (11-50),Organic Search
usr_5617,2026-08-04,Mid-Market (51-200),Organic Search
usr_5618,2026-08-04,Startup (1-10),Organic Search
usr_5619,2026-08-04,Mid-Market (51-200),Paid Ads
usr_5620,2026-08-04,SMB (11-50),Organic Search
usr_5621,2026-08-04,Startup (1-10),Organic Search
usr_5622,2026-08-04,SMB (11-50),Organic Search
usr_5623,2026-08-04,Startup (1-10),Organic Search
usr_5624,2026-08-04,Startup (1-10),Direct
usr_5625,2026-08-04,SMB (11-50),Organic Search
usr_5626,2026-08-04,Enterprise (200+),Paid Ads
usr_5627,2026-08-05,Startup (1-10),Paid Ads
usr_5628,2026-08-05,Startup (1-10),Paid Ads
usr_5629,2026-08-05,Startup (1-10),Organic Search
usr_5630,2026-08-05,Startup (1-10),Organic Search
usr_5631,2026-08-05,Startup (1-10),Organic Search
usr_5632,2026-08-05,Startup (1-10),Paid Ads
usr_5633,2026-08-05,SMB (11-50),Organic Search
usr_5634,2026-08-05,Startup (1-10),Paid Ads
usr_5635,2026-08-05,Startup (1-10),Product-Led Referral
usr_5636,2026-08-05,Mid-Market (51-200),Paid Ads
usr_5637,2026-08-05,Mid-Market (51-200),Paid Ads
usr_5638,2026-08-05,Startup (1-10),Paid Ads
usr_5639,2026-08-05,Startup (1-10),Direct
usr_5640,2026-08-06,SMB (11-50),Organic Search
usr_5641,2026-08-06,Startup (1-10),Product-Led Referral
usr_5642,2026-08-06,Startup (1-10),Product-Led Referral
usr_5643,2026-08-06,SMB (11-50),Paid Ads
usr_5644,2026-08-06,Startup (1-10),Organic Search
usr_5645,2026-08-06,Startup (1-10),Paid Ads
usr_5646,2026-08-06,Startup (1-10),Organic Search
usr_5647,2026-08-06,Startup (1-10),Organic Search
usr_5648,2026-08-06,Startup (1-10),Organic Search
usr_5649,2026-08-06,Enterprise (200+),Organic Search
usr_5650,2026-08-06,Startup (1-10),Paid Ads
usr_5651,2026-08-06,Startup (1-10),Direct
usr_5652,2026-08-06,Startup (1-10),Organic Search
usr_5653,2026-08-06,Mid-Market (51-200),Direct
usr_5654,2026-08-06,SMB (11-50),Social
usr_5655,2026-08-06,Startup (1-10),Social
usr_5656,2026-08-07,Mid-Market (51-200),Direct
usr_5657,2026-08-07,Startup (1-10),Paid Ads
usr_5658,2026-08-07,Startup (1-10),Organic Search
usr_5659,2026-08-07,Startup (1-10),Paid Ads
usr_5660,2026-08-07,Startup (1-10),Paid Ads
usr_5661,2026-08-07,Startup (1-10),Direct
usr_5662,2026-08-07,SMB (11-50),Social
usr_5663,2026-08-07,Startup (1-10),Paid Ads
usr_5664,2026-08-07,SMB (11-50),Organic Search
usr_5665,2026-08-07,Startup (1-10),Organic Search
usr_5666,2026-08-07,Startup (1-10),Organic Search
usr_5667,2026-08-07,Startup (1-10),Paid Ads
usr_5668,2026-08-07,Mid-Market (51-200),Paid Ads
usr_5669,2026-08-07,Startup (1-10),Direct
usr_5670,2026-08-07,SMB (11-50),Paid Ads
usr_5671,2026-08-08,Startup (1-10),Direct
usr_5672,2026-08-08,Startup (1-10),Product-Led Referral
usr_5673,2026-08-08,Startup (1-10),Direct
usr_5674,2026-08-08,Startup (1-10),Organic Search
usr_5675,2026-08-08,Startup (1-10),Direct
usr_5676,2026-08-08,Startup (1-10),Product-Led Referral
usr_5677,2026-08-08,SMB (11-50),Organic Search
usr_5678,2026-08-08,Startup (1-10),Organic Search
usr_5679,2026-08-08,SMB (11-50),Direct
usr_5680,2026-08-08,Startup (1-10),Organic Search
usr_5681,2026-08-08,SMB (11-50),Paid Ads
usr_5682,2026-08-08,SMB (11-50),Organic Search
usr_5683,2026-08-08,Startup (1-10),Product-Led Referral
usr_5684,2026-08-08,Startup (1-10),Direct
usr_5685,2026-08-08,SMB (11-50),Paid Ads
usr_5686,2026-08-08,Mid-Market (51-200),Paid Ads
usr_5687,2026-08-09,Startup (1-10),Social
usr_5688,2026-08-09,Startup (1-10),Product-Led Referral
usr_5689,2026-08-09,Mid-Market (51-200),Direct
usr_5690,2026-08-09,Startup (1-10),Paid Ads
usr_5691,2026-08-09,SMB (11-50),Organic Search
usr_5692,2026-08-09,Startup (1-10),Paid Ads
usr_5693,2026-08-09,Startup (1-10),Product-Led Referral
usr_5694,2026-08-09,SMB (11-50),Organic Search
usr_5695,2026-08-09,SMB (11-50),Organic Search
usr_5696,2026-08-09,Startup (1-10),Organic Search
usr_5697,2026-08-09,Startup (1-10),Paid Ads
usr_5698,2026-08-09,SMB (11-50),Direct
usr_5699,2026-08-09,SMB (11-50),Organic Search
usr_5700,2026-08-10,Startup (1-10),Product-Led Referral
usr_5701,2026-08-10,SMB (11-50),Direct
usr_5702,2026-08-10,SMB (11-50),Organic Search
usr_5703,2026-08-10,SMB (11-50),Product-Led Referral
usr_5704,2026-08-10,SMB (11-50),Social
usr_5705,2026-08-10,Startup (1-10),Social
usr_5706,2026-08-10,SMB (11-50),Organic Search
usr_5707,2026-08-10,SMB (11-50),Organic Search
usr_5708,2026-08-10,Startup (1-10),Organic Search
usr_5709,2026-08-10,Startup (1-10),Product-Led Referral
usr_5710,2026-08-10,Startup (1-10),Product-Led Referral
usr_5711,2026-08-10,SMB (11-50),Product-Led Referral
usr_5712,2026-08-10,Startup (1-10),Organic Search
usr_5713,2026-08-10,SMB (11-50),Organic Search
usr_5714,2026-08-10,Mid-Market (51-200),Paid Ads
usr_5715,2026-08-10,SMB (11-50),Paid Ads
usr_5716,2026-08-11,Mid-Market (51-200),Product-Led Referral
usr_5717,2026-08-11,Enterprise (200+),Paid Ads
usr_5718,2026-08-11,Startup (1-10),Organic Search
usr_5719,2026-08-11,SMB (11-50),Organic Search
usr_5720,2026-08-11,Startup (1-10),Organic Search
usr_5721,2026-08-11,Mid-Market (51-200),Organic Search
usr_5722,2026-08-11,Startup (1-10),Organic Search
usr_5723,2026-08-11,Enterprise (200+),Organic Search
usr_5724,2026-08-11,SMB (11-50),Organic Search
usr_5725,2026-08-11,SMB (11-50),Organic Search
usr_5726,2026-08-11,Startup (1-10),Product-Led Referral
usr_5727,2026-08-11,Startup (1-10),Organic Search
usr_5728,2026-08-11,SMB (11-50),Product-Led Referral
usr_5729,2026-08-12,Startup (1-10),Product-Led Referral
usr_5730,2026-08-12,Mid-Market (51-200),Paid Ads
usr_5731,2026-08-12,Startup (1-10),Social
usr_5732,2026-08-12,SMB (11-50),Organic Search
usr_5733,2026-08-12,Startup (1-10),Product-Led Referral
usr_5734,2026-08-12,SMB (11-50),Social
usr_5735,2026-08-12,SMB (11-50),Direct
usr_5736,2026-08-12,Startup (1-10),Organic Search
usr_5737,2026-08-12,Startup (1-10),Organic Search
usr_5738,2026-08-12,Startup (1-10),Organic Search
usr_5739,2026-08-12,SMB (11-50),Product-Led Referral
usr_5740,2026-08-12,SMB (11-50),Product-Led Referral
usr_5741,2026-08-12,SMB (11-50),Organic Search
usr_5742,2026-08-13,SMB (11-50),Paid Ads
usr_5743,2026-08-13,Startup (1-10),Product-Led Referral
usr_5744,2026-08-13,Startup (1-10),Paid Ads
usr_5745,2026-08-13,Startup (1-10),Direct
usr_5746,2026-08-13,Startup (1-10),Product-Led Referral
usr_5747,2026-08-13,Enterprise (200+),Organic Search
usr_5748,2026-08-13,Mid-Market (51-200),Product-Led Referral
usr_5749,2026-08-13,Startup (1-10),Organic Search
usr_5750,2026-08-13,SMB (11-50),Paid Ads
usr_5751,2026-08-13,Mid-Market (51-200),Social
usr_5752,2026-08-13,Startup (1-10),Direct
usr_5753,2026-08-14,Startup (1-10),Paid Ads
usr_5754,2026-08-14,Startup (1-10),Organic Search
usr_5755,2026-08-14,SMB (11-50),Organic Search
usr_5756,2026-08-14,Enterprise (200+),Paid Ads
usr_5757,2026-08-14,SMB (11-50),Organic Search
usr_5758,2026-08-14,Startup (1-10),Paid Ads
usr_5759,2026-08-14,Startup (1-10),Organic Search
usr_5760,2026-08-14,SMB (11-50),Organic Search
usr_5761,2026-08-14,Mid-Market (51-200),Organic Search
usr_5762,2026-08-14,SMB (11-50),Social
usr_5763,2026-08-14,SMB (11-50),Product-Led Referral
usr_5764,2026-08-15,Startup (1-10),Organic Search
usr_5765,2026-08-15,Mid-Market (51-200),Organic Search
usr_5766,2026-08-15,SMB (11-50),Paid Ads
usr_5767,2026-08-15,Startup (1-10),Organic Search
usr_5768,2026-08-15,SMB (11-50),Paid Ads
usr_5769,2026-08-15,Startup (1-10),Direct
usr_5770,2026-08-15,Startup (1-10),Product-Led Referral
usr_5771,2026-08-15,Startup (1-10),Product-Led Referral
usr_5772,2026-08-15,Startup (1-10),Paid Ads
usr_5773,2026-08-15,Startup (1-10),Direct
usr_5774,2026-08-15,Startup (1-10),Direct
usr_5775,2026-08-15,SMB (11-50),Paid Ads
usr_5776,2026-08-15,Startup (1-10),Organic Search
usr_5777,2026-08-15,Startup (1-10),Paid Ads
usr_5778,2026-08-15,Startup (1-10),Organic Search
usr_5779,2026-08-15,SMB (11-50),Product-Led Referral
usr_5780,2026-08-15,Startup (1-10),Paid Ads
usr_5781,2026-08-16,Startup (1-10),Organic Search
usr_5782,2026-08-16,Mid-Market (51-200),Organic Search
usr_5783,2026-08-16,SMB (11-50),Paid Ads
usr_5784,2026-08-16,Mid-Market (51-200),Direct
usr_5785,2026-08-16,Startup (1-10),Paid Ads
usr_5786,2026-08-16,Startup (1-10),Product-Led Referral
usr_5787,2026-08-16,SMB (11-50),Organic Search
usr_5788,2026-08-16,Startup (1-10),Paid Ads
usr_5789,2026-08-16,Startup (1-10),Paid Ads
usr_5790,2026-08-16,Startup (1-10),Product-Led Referral
usr_5791,2026-08-16,Mid-Market (51-200),Organic Search
usr_5792,2026-08-16,Startup (1-10),Paid Ads
usr_5793,2026-08-16,Mid-Market (51-200),Organic Search
usr_5794,2026-08-17,Mid-Market (51-200),Organic Search
usr_5795,2026-08-17,Startup (1-10),Social
usr_5796,2026-08-17,SMB (11-50),Organic Search
usr_5797,2026-08-17,SMB (11-50),Organic Search
usr_5798,2026-08-17,Mid-Market (51-200),Paid Ads
usr_5799,2026-08-17,Startup (1-10),Direct
usr_5800,2026-08-17,SMB (11-50),Paid Ads
usr_5801,2026-08-17,Startup (1-10),Product-Led Referral
usr_5802,2026-08-18,Mid-Market (51-200),Direct
usr_5803,2026-08-18,Startup (1-10),Organic Search
usr_5804,2026-08-18,Startup (1-10),Paid Ads
usr_5805,2026-08-18,SMB (11-50),Paid Ads
usr_5806,2026-08-18,Mid-Market (51-200),Direct
usr_5807,2026-08-18,SMB (11-50),Organic Search
usr_5808,2026-08-18,Startup (1-10),Organic Search
usr_5809,2026-08-18,Startup (1-10),Product-Led Referral
usr_5810,2026-08-18,Enterprise (200+),Paid Ads
usr_5811,2026-08-18,SMB (11-50),Paid Ads
usr_5812,2026-08-18,Mid-Market (51-200),Paid Ads
usr_5813,2026-08-18,Startup (1-10),Organic Search
usr_5814,2026-08-18,Startup (1-10),Paid Ads
usr_5815,2026-08-19,SMB (11-50),Paid Ads
usr_5816,2026-08-19,Mid-Market (51-200),Direct
usr_5817,2026-08-19,Startup (1-10),Organic Search
usr_5818,2026-08-19,Mid-Market (51-200),Direct
usr_5819,2026-08-19,SMB (11-50),Product-Led Referral
usr_5820,2026-08-19,Startup (1-10),Organic Search
usr_5821,2026-08-19,Startup (1-10),Product-Led Referral
usr_5822,2026-08-19,Startup (1-10),Organic Search
usr_5823,2026-08-19,SMB (11-50),Social
usr_5824,2026-08-19,Startup (1-10),Direct
usr_5825,2026-08-19,Startup (1-10),Organic Search
usr_5826,2026-08-20,Mid-Market (51-200),Organic Search
usr_5827,2026-08-20,Startup (1-10),Paid Ads
usr_5828,2026-08-20,Startup (1-10),Paid Ads
usr_5829,2026-08-20,Startup (1-10),Paid Ads
usr_5830,2026-08-20,SMB (11-50),Organic Search
usr_5831,2026-08-20,SMB (11-50),Product-Led Referral
usr_5832,2026-08-20,Startup (1-10),Organic Search
usr_5833,2026-08-20,SMB (11-50),Direct
usr_5834,2026-08-20,SMB (11-50),Direct
usr_5835,2026-08-20,Startup (1-10),Paid Ads
usr_5836,2026-08-20,Startup (1-10),Direct
usr_5837,2026-08-20,Startup (1-10),Organic Search
usr_5838,2026-08-20,Startup (1-10),Organic Search
usr_5839,2026-08-20,SMB (11-50),Product-Led Referral
usr_5840,2026-08-20,SMB (11-50),Paid Ads
usr_5841,2026-08-20,Startup (1-10),Paid Ads
usr_5842,2026-08-20,Startup (1-10),Direct
usr_5843,2026-08-20,Startup (1-10),Social
usr_5844,2026-08-21,SMB (11-50),Product-Led Referral
usr_5845,2026-08-21,Startup (1-10),Product-Led Referral
usr_5846,2026-08-21,SMB (11-50),Organic Search
usr_5847,2026-08-21,Startup (1-10),Organic Search
usr_5848,2026-08-21,SMB (11-50),Product-Led Referral
usr_5849,2026-08-21,Mid-Market (51-200),Paid Ads
usr_5850,2026-08-21,Startup (1-10),Paid Ads
usr_5851,2026-08-21,Startup (1-10),Organic Search
usr_5852,2026-08-21,Enterprise (200+),Product-Led Referral
usr_5853,2026-08-21,Startup (1-10),Organic Search
usr_5854,2026-08-21,SMB (11-50),Product-Led Referral
usr_5855,2026-08-21,Startup (1-10),Organic Search
usr_5856,2026-08-21,SMB (11-50),Organic Search
usr_5857,2026-08-21,Startup (1-10),Organic Search
usr_5858,2026-08-22,Enterprise (200+),Organic Search
usr_5859,2026-08-22,SMB (11-50),Direct
usr_5860,2026-08-22,SMB (11-50),Organic Search
usr_5861,2026-08-22,SMB (11-50),Organic Search
usr_5862,2026-08-22,SMB (11-50),Paid Ads
usr_5863,2026-08-22,Startup (1-10),Paid Ads
usr_5864,2026-08-22,Mid-Market (51-200),Organic Search
usr_5865,2026-08-22,Enterprise (200+),Organic Search
usr_5866,2026-08-22,Startup (1-10),Social
usr_5867,2026-08-22,Mid-Market (51-200),Product-Led Referral
usr_5868,2026-08-22,SMB (11-50),Paid Ads
usr_5869,2026-08-22,SMB (11-50),Paid Ads
usr_5870,2026-08-22,Startup (1-10),Organic Search
usr_5871,2026-08-23,Startup (1-10),Organic Search
usr_5872,2026-08-23,Startup (1-10),Product-Led Referral
usr_5873,2026-08-23,Startup (1-10),Direct
usr_5874,2026-08-23,SMB (11-50),Organic Search
usr_5875,2026-08-23,Startup (1-10),Direct
usr_5876,2026-08-23,Startup (1-10),Organic Search
usr_5877,2026-08-23,Enterprise (200+),Organic Search
usr_5878,2026-08-23,Startup (1-10),Organic Search
usr_5879,2026-08-23,Startup (1-10),Organic Search
usr_5880,2026-08-23,Startup (1-10),Direct
usr_5881,2026-08-23,Startup (1-10),Paid Ads
usr_5882,2026-08-23,SMB (11-50),Organic Search
usr_5883,2026-08-23,SMB (11-50),Social
usr_5884,2026-08-23,SMB (11-50),Direct
usr_5885,2026-08-24,Startup (1-10),Product-Led Referral
usr_5886,2026-08-24,SMB (11-50),Direct
usr_5887,2026-08-24,Startup (1-10),Organic Search
usr_5888,2026-08-24,Startup (1-10),Direct
usr_5889,2026-08-24,Startup (1-10),Product-Led Referral
usr_5890,2026-08-24,Startup (1-10),Direct
usr_5891,2026-08-24,Startup (1-10),Product-Led Referral
usr_5892,2026-08-24,Startup (1-10),Organic Search
usr_5893,2026-08-24,Enterprise (200+),Product-Led Referral
usr_5894,2026-08-25,Startup (1-10),Organic Search
usr_5895,2026-08-25,Startup (1-10),Organic Search
usr_5896,2026-08-25,Startup (1-10),Organic Search
usr_5897,2026-08-25,SMB (11-50),Direct
usr_5898,2026-08-25,Startup (1-10),Organic Search
usr_5899,2026-08-25,Mid-Market (51-200),Paid Ads
usr_5900,2026-08-25,Enterprise (200+),Paid Ads
usr_5901,2026-08-25,Startup (1-10),Social
usr_5902,2026-08-25,Startup (1-10),Organic Search
usr_5903,2026-08-25,Startup (1-10),Product-Led Referral
usr_5904,2026-08-25,SMB (11-50),Direct
usr_5905,2026-08-25,Startup (1-10),Paid Ads
usr_5906,2026-08-25,Startup (1-10),Paid Ads
usr_5907,2026-08-26,Startup (1-10),Product-Led Referral
usr_5908,2026-08-26,SMB (11-50),Direct
usr_5909,2026-08-26,Startup (1-10),Product-Led Referral
usr_5910,2026-08-26,Startup (1-10),Organic Search
usr_5911,2026-08-26,SMB (11-50),Direct
usr_5912,2026-08-26,SMB (11-50),Paid Ads
usr_5913,2026-08-26,Mid-Market (51-200),Paid Ads
usr_5914,2026-08-26,Startup (1-10),Direct
usr_5915,2026-08-26,SMB (11-50),Organic Search
usr_5916,2026-08-26,SMB (11-50),Product-Led Referral
usr_5917,2026-08-26,Startup (1-10),Paid Ads
usr_5918,2026-08-26,SMB (11-50),Direct
usr_5919,2026-08-26,Startup (1-10),Organic Search
usr_5920,2026-08-26,Mid-Market (51-200),Paid Ads
usr_5921,2026-08-26,Startup (1-10),Direct
usr_5922,2026-08-26,SMB (11-50),Organic Search
usr_5923,2026-08-26,Startup (1-10),Organic Search
usr_5924,2026-08-26,Enterprise (200+),Social
usr_5925,2026-08-27,Startup (1-10),Organic Search
usr_5926,2026-08-27,Enterprise (200+),Social
usr_5927,2026-08-27,Mid-Market (51-200),Organic Search
usr_5928,2026-08-27,Startup (1-10),Paid Ads
usr_5929,2026-08-27,Mid-Market (51-200),Product-Led Referral
usr_5930,2026-08-27,Enterprise (200+),Product-Led Referral
usr_5931,2026-08-27,Startup (1-10),Paid Ads
usr_5932,2026-08-27,Startup (1-10),Paid Ads
usr_5933,2026-08-27,SMB (11-50),Direct
usr_5934,2026-08-27,Startup (1-10),Organic Search
usr_5935,2026-08-27,Startup (1-10),Paid Ads
usr_5936,2026-08-27,Startup (1-10),Organic Search
usr_5937,2026-08-27,Startup (1-10),Paid Ads
usr_5938,2026-08-27,Startup (1-10),Organic Search
usr_5939,2026-08-27,Startup (1-10),Organic Search
usr_5940,2026-08-28,Mid-Market (51-200),Paid Ads
usr_5941,2026-08-28,SMB (11-50),Organic Search
usr_5942,2026-08-28,Startup (1-10),Organic Search
usr_5943,2026-08-28,SMB (11-50),Product-Led Referral
usr_5944,2026-08-28,SMB (11-50),Paid Ads
usr_5945,2026-08-28,Enterprise (200+),Direct
usr_5946,2026-08-28,Startup (1-10),Product-Led Referral
usr_5947,2026-08-28,Startup (1-10),Organic Search
usr_5948,2026-08-28,Mid-Market (51-200),Product-Led Referral
usr_5949,2026-08-28,Mid-Market (51-200),Organic Search
usr_5950,2026-08-29,SMB (11-50),Product-Led Referral
usr_5951,2026-08-29,SMB (11-50),Social
usr_5952,2026-08-29,Startup (1-10),Paid Ads
usr_5953,2026-08-29,SMB (11-50),Product-Led Referral
usr_5954,2026-08-29,Startup (1-10),Organic Search
usr_5955,2026-08-29,Startup (1-10),Paid Ads
usr_5956,2026-08-29,Mid-Market (51-200),Direct
usr_5957,2026-08-29,Startup (1-10),Organic Search
usr_5958,2026-08-29,Startup (1-10),Organic Search
usr_5959,2026-08-29,Mid-Market (51-200),Paid Ads
usr_5960,2026-08-29,Startup (1-10),Product-Led Referral
usr_5961,2026-08-29,Enterprise (200+),Paid Ads
usr_5962,2026-08-30,Enterprise (200+),Direct
usr_5963,2026-08-30,SMB (11-50),Organic Search
usr_5964,2026-08-30,Startup (1-10),Paid Ads
usr_5965,2026-08-30,Startup (1-10),Product-Led Referral
usr_5966,2026-08-30,Startup (1-10),Organic Search
usr_5967,2026-08-30,Startup (1-10),Product-Led Referral
usr_5968,2026-08-30,Startup (1-10),Organic Search
usr_5969,2026-08-30,Enterprise (200+),Organic Search
usr_5970,2026-08-30,Startup (1-10),Organic Search
usr_5971,2026-08-30,SMB (11-50),Direct
usr_5972,2026-08-30,Startup (1-10),Paid Ads
usr_5973,2026-08-30,SMB (11-50),Product-Led Referral
usr_5974,2026-08-30,Mid-Market (51-200),Organic Search
usr_5975,2026-08-30,Startup (1-10),Paid Ads
usr_5976,2026-08-30,Startup (1-10),Paid Ads
usr_5977,2026-08-30,SMB (11-50),Direct
usr_5978,2026-08-30,SMB (11-50),Product-Led Referral
usr_5979,2026-08-30,SMB (11-50),Product-Led Referral
usr_5980,2026-08-30,Startup (1-10),Organic Search
usr_5981,2026-08-31,Startup (1-10),Paid Ads
usr_5982,2026-08-31,Enterprise (200+),Paid Ads
usr_5983,2026-08-31,Mid-Market (51-200),Direct
usr_5984,2026-08-31,Startup (1-10),Organic Search
usr_5985,2026-08-31,Mid-Market (51-200),Organic Search
usr_5986,2026-08-31,Startup (1-10),Paid Ads
usr_5987,2026-08-31,Startup (1-10),Organic Search
usr_5988,2026-08-31,Startup (1-10),Organic Search
usr_5989,2026-08-31,Startup (1-10),Direct
usr_5990,2026-08-31,SMB (11-50),Paid Ads
usr_5991,2026-08-31,Startup (1-10),Direct
usr_5992,2026-08-31,Startup (1-10),Direct
usr_5993,2026-08-31,SMB (11-50),Organic Search
usr_5994,2026-08-31,SMB (11-50),Paid Ads
usr_5995,2026-08-31,SMB (11-50),Organic Search
usr_5996,2026-08-31,Mid-Market (51-200),Direct
usr_5997,2026-08-31,Startup (1-10),Paid Ads
usr_5998,2026-08-31,SMB (11-50),Paid Ads
usr_5999,2026-08-31,SMB (11-50),Organic Search
