user_id,upgrade_ts,upgraded,viewed_dashboard,created_project,invited_team_member,exported_report,viewed_dashboard_ever,created_project_ever,invited_team_member_ever,exported_report_ever
usr_1000,,0,0,1,0,0,0,1,0,0
usr_1001,,0,6,5,3,0,1,1,1,0
usr_1002,,0,4,7,1,1,1,1,1,1
usr_1003,2025-09-05 17:26:48.467429,1,4,5,2,1,1,1,1,1
usr_1004,2025-09-12 22:06:06.599246,1,9,0,3,0,1,0,1,0
usr_1005,2025-09-06 08:39:39.992677,1,6,1,0,1,1,1,0,1
usr_1006,,0,3,2,2,0,1,1,1,0
usr_1007,2025-09-01 03:55:45.931754,1,10,7,2,0,1,1,1,0
usr_1008,2025-09-16 14:47:02.969927,1,9,4,3,6,1,1,1,1
usr_1009,2025-09-05 16:34:36.969098,1,10,4,2,2,1,1,1,1
usr_1010,2025-09-08 07:01:17.089263,1,15,6,7,1,1,1,1,1
usr_1011,2025-09-01 21:58:43.282499,1,10,9,4,1,1,1,1,1
usr_1012,2025-09-01 17:47:05.753654,1,13,6,7,7,1,1,1,1
usr_1013,2025-09-08 19:46:13.078754,1,14,4,1,4,1,1,1,1
usr_1014,2025-09-09 23:21:48.651405,1,12,4,5,2,1,1,1,1
usr_1015,2025-09-10 22:11:15.288240,1,11,6,6,5,1,1,1,1
usr_1016,,0,1,0,0,0,1,0,0,0
usr_1017,2025-09-04 06:14:48.249159,1,40,26,18,10,1,1,1,1
usr_1018,,0,8,3,1,1,1,1,1,1
usr_1019,2025-09-04 01:43:17.274494,1,12,3,4,1,1,1,1,1
usr_1020,2025-09-04 15:11:13.282984,1,4,3,1,1,1,1,1,1
usr_1021,2025-09-06 08:12:31.841495,1,22,16,4,3,1,1,1,1
usr_1022,2025-09-02 05:52:45.738147,1,18,7,8,5,1,1,1,1
usr_1023,,0,9,5,3,4,1,1,1,1
usr_1024,,0,5,3,3,3,1,1,1,1
usr_1025,2025-09-02 02:11:15.306282,1,18,5,8,2,1,1,1,1
usr_1026,,0,4,0,0,0,1,0,0,0
usr_1027,2025-09-07 20:16:49.344843,1,9,4,4,0,1,1,1,0
usr_1028,2025-09-11 17:59:22.452864,1,2,3,0,1,1,1,0,1
usr_1029,2025-09-10 01:00:41.386549,1,7,0,0,1,1,0,0,1
usr_1030,,0,0,1,0,0,0,1,0,0
usr_1031,,0,5,6,2,3,1,1,1,1
usr_1032,2025-10-04 22:02:43.044683,1,19,11,4,4,1,1,1,1
usr_1033,2025-09-04 05:40:46.691043,1,4,3,0,1,1,1,0,1
usr_1034,,0,9,4,3,3,1,1,1,1
usr_1035,,0,10,3,3,3,1,1,1,1
usr_1036,2025-09-03 09:59:23.020735,1,11,12,6,4,1,1,1,1
usr_1037,2025-09-08 18:32:47.468533,1,4,1,1,0,1,1,1,0
usr_1038,2025-10-03 13:49:02.137551,1,6,7,1,2,1,1,1,1
usr_1039,2025-09-06 14:12:01.215129,1,4,3,4,3,1,1,1,1
usr_1040,2025-09-17 13:39:30.144624,1,28,9,3,3,1,1,1,1
usr_1041,2025-09-03 15:38:53.582679,1,2,3,1,1,1,1,1,1
usr_1042,2025-09-04 02:07:16.391319,1,15,14,8,3,1,1,1,1
usr_1043,2025-09-13 04:17:42.487092,1,6,5,1,2,1,1,1,1
usr_1044,2025-09-04 16:58:48.222944,1,4,5,3,1,1,1,1,1
usr_1045,2025-09-09 05:02:54.651673,1,9,6,6,2,1,1,1,1
usr_1046,2025-10-09 11:52:20.989425,1,1,2,0,1,1,1,0,1
usr_1047,,0,2,4,5,0,1,1,1,0
usr_1048,,0,0,2,0,2,0,1,0,1
usr_1049,2025-09-04 14:37:27.299951,1,5,2,1,2,1,1,1,1
usr_1050,2025-09-12 02:15:42.643677,1,11,7,2,2,1,1,1,1
usr_1051,2025-09-04 12:59:57.699369,1,14,7,4,8,1,1,1,1
usr_1052,2025-09-08 19:46:41.477278,1,10,3,3,2,1,1,1,1
usr_1053,2025-09-20 02:04:03.614309,1,9,4,2,1,1,1,1,1
usr_1054,2025-09-11 08:49:23.786249,1,15,13,6,2,1,1,1,1
usr_1055,,0,0,0,1,0,0,0,1,0
usr_1056,,0,6,2,2,1,1,1,1,1
usr_1057,2025-09-14 03:41:28.256311,1,15,4,11,3,1,1,1,1
usr_1058,2025-09-09 21:42:53.041410,1,7,6,0,1,1,1,0,1
usr_1059,2025-09-05 06:29:19.342197,1,4,6,1,3,1,1,1,1
usr_1060,,0,2,5,1,1,1,1,1,1
usr_1061,2025-09-16 14:50:05.452263,1,12,8,5,2,1,1,1,1
usr_1062,2025-09-10 23:29:39.766702,1,4,6,5,2,1,1,1,1
usr_1063,,0,1,1,0,1,1,1,0,1
usr_1064,2025-09-12 13:29:30.256227,1,14,6,7,0,1,1,1,0
usr_1065,2025-09-05 03:14:07.113943,1,11,4,3,2,1,1,1,1
usr_1066,2025-09-05 15:24:22.110057,1,3,2,1,0,1,1,1,0
usr_1067,,0,4,1,1,1,1,1,1,1
usr_1068,,0,4,2,2,4,1,1,1,1
usr_1069,2025-09-13 18:54:46.785555,1,8,4,4,1,1,1,1,1
usr_1070,2025-09-05 12:08:45.757041,1,17,11,7,8,1,1,1,1
usr_1071,2025-09-13 02:36:57.582627,1,17,9,8,3,1,1,1,1
usr_1072,2025-09-05 16:05:47.777831,1,3,2,3,1,1,1,1,1
usr_1073,,0,8,1,1,1,1,1,1,1
usr_1074,2025-09-08 12:38:54.818010,1,5,6,2,2,1,1,1,1
usr_1075,2025-09-08 08:08:12.659417,1,7,5,3,3,1,1,1,1
usr_1076,2025-09-13 01:52:43.834924,1,5,1,3,0,1,1,1,0
usr_1077,,0,0,1,1,1,0,1,1,1
usr_1078,2025-09-11 23:54:39.032497,1,18,19,7,7,1,1,1,1
usr_1079,2025-09-22 20:11:35.164303,1,12,6,5,3,1,1,1,1
usr_1080,2025-09-08 10:49:42.378531,1,8,3,5,4,1,1,1,1
usr_1081,,0,4,3,1,1,1,1,1,1
usr_1082,2025-09-15 00:23:18.674872,1,8,6,5,4,1,1,1,1
usr_1083,2025-09-07 01:28:22.005346,1,19,2,6,5,1,1,1,1
usr_1084,,0,6,3,3,2,1,1,1,1
usr_1085,,0,2,0,0,0,1,0,0,0
usr_1086,2025-09-10 23:14:09.115921,1,8,3,3,2,1,1,1,1
usr_1087,2025-09-27 02:36:23.008093,1,7,8,3,4,1,1,1,1
usr_1088,2025-09-14 05:21:50.914162,1,6,3,2,0,1,1,1,0
usr_1089,2025-11-05 10:21:40.233695,1,5,0,1,0,1,0,1,0
usr_1090,2025-09-22 20:10:01.477775,1,4,4,0,1,1,1,0,1
usr_1091,2025-09-20 04:38:44.662971,1,2,0,2,3,1,0,1,1
usr_1092,2025-09-08 10:41:25.615621,1,25,6,3,2,1,1,1,1
usr_1093,2025-09-10 00:03:50.680524,1,6,4,3,5,1,1,1,1
usr_1094,2025-09-16 04:56:36.769400,1,7,2,4,0,1,1,1,0
usr_1095,,0,5,3,0,1,1,1,0,1
usr_1096,2025-09-07 06:18:06.189358,1,3,1,0,2,1,1,0,1
usr_1097,2025-09-20 12:21:31.903438,1,10,7,3,0,1,1,1,0
usr_1098,2025-09-25 13:29:51.377798,1,1,3,0,0,1,1,0,0
usr_1099,,0,5,1,1,1,1,1,1,1
usr_1100,,0,1,1,1,0,1,1,1,0
usr_1101,2025-09-18 13:29:27.643420,1,30,15,10,8,1,1,1,1
usr_1102,2025-09-27 01:55:54.306743,1,4,3,3,2,1,1,1,1
usr_1103,,0,3,2,2,0,1,1,1,0
usr_1104,2025-09-24 15:53:41.941864,1,5,5,1,0,1,1,1,0
usr_1105,,0,2,5,1,1,1,1,1,1
usr_1106,2025-09-30 07:55:58.711138,1,6,1,2,0,1,1,1,0
usr_1107,,0,5,2,6,1,1,1,1,1
usr_1108,2025-09-20 14:26:16.446224,1,4,2,1,2,1,1,1,1
usr_1109,2025-10-26 20:56:32.416735,1,7,4,5,2,1,1,1,1
usr_1110,2025-09-13 11:25:40.294258,1,8,2,3,1,1,1,1,1
usr_1111,2025-09-08 22:01:31.577474,1,14,5,4,4,1,1,1,1
usr_1112,2025-09-25 23:01:17.727417,1,4,4,2,0,1,1,1,0
usr_1113,2025-09-09 20:49:46.792859,1,2,0,0,0,1,0,0,0
usr_1114,2025-09-12 20:51:16.463523,1,24,15,7,3,1,1,1,1
usr_1115,2025-09-11 16:41:07.267890,1,8,3,4,2,1,1,1,1
usr_1116,,0,3,2,0,2,1,1,0,1
usr_1117,2025-10-04 21:18:37.033089,1,3,1,3,2,1,1,1,1
usr_1118,,0,2,1,0,2,1,1,0,1
usr_1119,2025-09-09 14:00:29.007942,1,7,4,0,1,1,1,0,1
usr_1120,,0,3,5,4,4,1,1,1,1
usr_1121,2025-09-19 06:39:26.813922,1,18,12,4,3,1,1,1,1
usr_1122,2025-09-10 01:17:37.710984,1,10,6,3,2,1,1,1,1
usr_1123,,0,9,2,2,1,1,1,1,1
usr_1124,,0,8,5,4,1,1,1,1,1
usr_1125,2025-09-15 05:14:15.299377,1,14,8,7,4,1,1,1,1
usr_1126,,0,16,15,11,8,1,1,1,1
usr_1127,2025-09-13 11:05:35.952971,1,14,6,2,3,1,1,1,1
usr_1128,2025-09-10 03:21:03.063003,1,5,3,3,1,1,1,1,1
usr_1129,2025-09-14 20:22:50.145841,1,6,7,1,1,1,1,1,1
usr_1130,2025-09-20 06:57:07.932288,1,6,6,1,0,1,1,1,0
usr_1131,2025-09-16 07:23:32.651834,1,7,3,1,0,1,1,1,0
usr_1132,2025-10-01 20:58:02.353214,1,1,8,2,1,1,1,1,1
usr_1133,,0,1,0,0,0,1,0,0,0
usr_1134,2025-09-10 20:28:57.583014,1,4,3,4,1,1,1,1,1
usr_1135,2025-09-26 19:41:01.014858,1,6,5,3,3,1,1,1,1
usr_1136,2025-09-18 01:41:01.708993,1,12,9,10,4,1,1,1,1
usr_1137,2025-09-13 16:56:28.508042,1,14,6,4,2,1,1,1,1
usr_1138,,0,4,3,1,0,1,1,1,0
usr_1139,2025-09-15 22:41:53.580089,1,6,1,4,1,1,1,1,1
usr_1140,2025-09-11 12:04:33.560843,1,9,9,2,5,1,1,1,1
usr_1141,,0,4,3,0,1,1,1,0,1
usr_1142,,0,2,0,0,0,1,0,0,0
usr_1143,2025-09-25 19:56:16.866434,1,2,3,3,2,1,1,1,1
usr_1144,2025-11-02 00:20:40.142966,1,3,1,0,0,1,1,0,0
usr_1145,2025-09-14 16:19:39.603205,1,10,7,9,2,1,1,1,1
usr_1146,,0,2,3,0,0,1,1,0,0
usr_1147,,0,6,5,0,1,1,1,0,1
usr_1148,,0,4,1,1,1,1,1,1,1
usr_1149,2025-09-25 05:08:44.072220,1,18,2,1,1,1,1,1,1
usr_1150,2025-09-13 10:46:33.183912,1,22,13,10,1,1,1,1,1
usr_1151,,0,9,3,5,2,1,1,1,1
usr_1152,2025-09-15 00:04:44.811261,1,13,11,4,3,1,1,1,1
usr_1153,,0,9,4,2,4,1,1,1,1
usr_1154,2025-09-17 10:52:32.680086,1,28,14,5,7,1,1,1,1
usr_1155,2025-10-08 22:32:57.936507,1,7,5,3,0,1,1,1,0
usr_1156,2025-09-19 21:25:28.522041,1,6,4,5,1,1,1,1,1
usr_1157,2025-09-12 00:42:00.421394,1,6,3,0,2,1,1,0,1
usr_1158,2025-09-18 12:56:45.830008,1,6,6,1,1,1,1,1,1
usr_1159,2025-09-28 23:37:30.697472,1,7,8,1,2,1,1,1,1
usr_1160,2025-09-12 14:34:16.251872,1,6,4,2,2,1,1,1,1
usr_1161,2025-09-14 04:49:43.789949,1,4,2,1,1,1,1,1,1
usr_1162,2025-09-16 07:45:20.158888,1,17,6,4,2,1,1,1,1
usr_1163,2025-09-20 20:32:44.722849,1,11,4,4,4,1,1,1,1
usr_1164,2025-10-01 03:26:29.843946,1,6,2,0,0,1,1,0,0
usr_1165,2025-10-04 09:04:45.157431,1,9,1,2,0,1,1,1,0
usr_1166,2025-10-17 02:26:42.035204,1,10,2,1,2,1,1,1,1
usr_1167,2025-09-15 06:13:56.928018,1,13,2,2,1,1,1,1,1
usr_1168,2025-09-13 08:11:29.616674,1,14,11,4,3,1,1,1,1
usr_1169,,0,1,3,0,1,1,1,0,1
usr_1170,2025-09-13 05:43:07.549630,1,16,9,3,2,1,1,1,1
usr_1171,,0,5,2,0,0,1,1,0,0
usr_1172,2025-10-22 00:38:13.087256,1,3,2,3,0,1,1,1,0
usr_1173,2025-12-06 03:36:48.093993,1,14,4,2,2,1,1,1,1
usr_1174,2025-10-10 23:21:26.497005,1,10,4,2,3,1,1,1,1
usr_1175,2025-09-18 20:25:12.269176,1,21,11,8,8,1,1,1,1
usr_1176,2025-09-23 07:22:54.366437,1,12,13,7,2,1,1,1,1
usr_1177,2025-10-07 22:31:40.310973,1,9,2,1,2,1,1,1,1
usr_1178,2025-09-13 02:51:22.142233,1,28,33,10,8,1,1,1,1
usr_1179,2025-09-21 17:50:00.594042,1,15,8,3,7,1,1,1,1
usr_1180,,0,13,6,7,2,1,1,1,1
usr_1181,,0,1,1,1,1,1,1,1,1
usr_1182,,0,6,3,1,0,1,1,1,0
usr_1183,2025-09-13 19:14:40.780844,1,3,2,2,1,1,1,1,1
usr_1184,2025-09-20 14:33:54.122998,1,2,2,1,1,1,1,1,1
usr_1185,,0,6,2,0,0,1,1,0,0
usr_1186,2025-09-15 20:54:44.649395,1,10,3,5,3,1,1,1,1
usr_1187,2025-09-26 22:05:31.957068,1,16,9,5,2,1,1,1,1
usr_1188,2025-09-18 22:20:33.731557,1,6,5,5,1,1,1,1,1
usr_1189,2025-09-17 07:28:32.424366,1,19,6,5,6,1,1,1,1
usr_1190,2025-09-14 07:53:06.115583,1,6,8,6,4,1,1,1,1
usr_1191,,0,5,2,2,2,1,1,1,1
usr_1192,2025-09-24 19:50:47.668463,1,3,2,0,0,1,1,0,0
usr_1193,2025-09-16 23:36:01.469523,1,10,3,3,3,1,1,1,1
usr_1194,,0,0,0,0,0,0,0,0,0
usr_1195,,0,10,7,2,3,1,1,1,1
usr_1196,2025-09-22 02:25:03.201640,1,4,3,1,0,1,1,1,0
usr_1197,,0,9,1,3,0,1,1,1,0
usr_1198,2025-09-14 21:09:27.679616,1,13,9,10,3,1,1,1,1
usr_1199,2025-09-18 12:21:57.591697,1,24,13,7,5,1,1,1,1
usr_1200,2025-09-14 01:26:22.276137,1,12,5,3,3,1,1,1,1
usr_1201,2025-09-28 12:34:48.806104,1,20,18,6,4,1,1,1,1
usr_1202,2025-10-01 02:11:26.041245,1,11,2,1,0,1,1,1,0
usr_1203,2025-09-22 09:24:48.688563,1,6,7,5,1,1,1,1,1
usr_1204,2025-09-16 14:54:31.896551,1,2,2,3,0,1,1,1,0
usr_1205,2025-10-14 00:16:01.924661,1,1,2,0,0,1,1,0,0
usr_1206,2025-09-16 18:41:31.685421,1,2,0,5,3,1,0,1,1
usr_1207,,0,11,6,3,1,1,1,1,1
usr_1208,2025-09-18 19:12:12.308556,1,10,4,2,1,1,1,1,1
usr_1209,2025-09-15 09:14:33.831540,1,6,2,2,3,1,1,1,1
usr_1210,2025-09-27 18:54:32.466706,1,18,13,8,3,1,1,1,1
usr_1211,,0,2,1,2,2,1,1,1,1
usr_1212,2025-09-23 18:41:28.523820,1,19,12,7,7,1,1,1,1
usr_1213,,0,7,2,1,1,1,1,1,1
usr_1214,2025-09-26 06:10:35.403465,1,13,8,7,2,1,1,1,1
usr_1215,2025-09-18 00:29:52.997646,1,7,4,1,3,1,1,1,1
usr_1216,2025-09-17 21:52:11.895287,1,13,9,6,1,1,1,1,1
usr_1217,2025-09-24 07:08:19.384524,1,24,5,3,1,1,1,1,1
usr_1218,,0,9,5,5,0,1,1,1,0
usr_1219,,0,5,1,4,2,1,1,1,1
usr_1220,2025-09-23 08:51:53.064090,1,18,10,5,1,1,1,1,1
usr_1221,2025-09-21 06:32:27.152684,1,9,5,7,4,1,1,1,1
usr_1222,2025-10-11 19:27:52.980897,1,11,6,4,1,1,1,1,1
usr_1223,2025-09-16 09:24:34.699940,1,7,1,1,0,1,1,1,0
usr_1224,2025-09-17 09:09:31.787552,1,19,10,4,2,1,1,1,1
usr_1225,,0,5,1,0,0,1,1,0,0
usr_1226,2025-09-17 22:23:33.532419,1,9,6,6,1,1,1,1,1
usr_1227,2025-09-19 09:50:36.011289,1,4,4,0,1,1,1,0,1
usr_1228,2025-09-22 04:04:54.413357,1,7,2,0,1,1,1,0,1
usr_1229,,0,1,3,1,0,1,1,1,0
usr_1230,2025-09-22 06:43:29.149661,1,19,11,4,3,1,1,1,1
usr_1231,2025-09-28 01:45:05.797765,1,11,6,9,1,1,1,1,1
usr_1232,,0,0,3,4,0,0,1,1,0
usr_1233,2025-09-24 06:41:48.129440,1,9,2,1,0,1,1,1,0
usr_1234,2025-09-22 00:04:07.473000,1,10,6,4,1,1,1,1,1
usr_1235,,0,3,0,1,0,1,0,1,0
usr_1236,2025-10-18 04:45:58.681137,1,7,3,2,0,1,1,1,0
usr_1237,2025-09-22 05:49:18.529191,1,34,21,11,4,1,1,1,1
usr_1238,,0,6,2,1,1,1,1,1,1
usr_1239,,0,2,2,1,1,1,1,1,1
usr_1240,2025-11-10 15:40:46.124193,1,21,6,2,3,1,1,1,1
usr_1241,2025-09-29 09:28:39.464023,1,5,0,0,0,1,0,0,0
usr_1242,,0,14,6,3,2,1,1,1,1
usr_1243,2025-09-18 20:37:27.640793,1,20,16,5,7,1,1,1,1
usr_1244,,0,3,2,0,0,1,1,0,0
usr_1245,2025-09-19 20:52:34.822739,1,17,10,8,1,1,1,1,1
usr_1246,2025-09-29 04:10:42.544281,1,14,12,7,7,1,1,1,1
usr_1247,2025-09-22 02:50:26.180928,1,52,14,12,9,1,1,1,1
usr_1248,,0,9,8,6,2,1,1,1,1
usr_1249,2025-09-30 22:11:54.311492,1,7,3,0,0,1,1,0,0
usr_1250,,0,2,2,1,0,1,1,1,0
usr_1251,2025-09-25 04:59:31.738104,1,30,12,12,7,1,1,1,1
usr_1252,2025-09-24 16:05:13.525917,1,18,10,8,4,1,1,1,1
usr_1253,2025-09-24 06:29:03.622264,1,22,9,8,5,1,1,1,1
usr_1254,2025-09-20 05:36:04.326785,1,7,6,5,0,1,1,1,0
usr_1255,2025-09-21 15:20:25.537791,1,3,2,2,0,1,1,1,0
usr_1256,2025-09-23 05:53:37.860033,1,7,6,9,4,1,1,1,1
usr_1257,2025-09-28 12:13:47.966136,1,6,2,1,2,1,1,1,1
usr_1258,2025-09-27 13:17:07.310550,1,8,5,4,0,1,1,1,0
usr_1259,2025-09-22 01:08:23.584365,1,4,0,0,2,1,0,0,1
usr_1260,2025-09-21 21:35:47.714800,1,11,8,2,3,1,1,1,1
usr_1261,2025-09-22 08:41:45.507711,1,0,0,0,2,0,0,0,1
usr_1262,2025-09-23 18:56:48.809250,1,25,17,7,5,1,1,1,1
usr_1263,2025-09-25 05:48:33.650547,1,12,4,2,1,1,1,1,1
usr_1264,2025-09-20 04:03:48.202903,1,5,1,3,1,1,1,1,1
usr_1265,2025-09-28 02:43:33.146853,1,11,4,1,5,1,1,1,1
usr_1266,2025-09-23 01:26:18.426116,1,8,7,2,0,1,1,1,0
usr_1267,2025-09-22 01:13:04.545928,1,12,8,0,2,1,1,0,1
usr_1268,2025-09-30 00:36:00.057903,1,5,0,3,2,1,0,1,1
usr_1269,2025-09-22 15:18:18.338249,1,12,3,2,0,1,1,1,0
usr_1270,2025-09-30 23:38:05.162575,1,6,0,1,3,1,0,1,1
usr_1271,2025-10-03 18:13:40.877598,1,3,3,4,1,1,1,1,1
usr_1272,2025-09-28 07:11:27.309878,1,19,4,2,2,1,1,1,1
usr_1273,,0,6,3,1,2,1,1,1,1
usr_1274,2025-10-07 03:22:59.137720,1,2,1,1,0,1,1,1,0
usr_1275,2025-09-22 08:03:02.250554,1,15,11,4,1,1,1,1,1
usr_1276,2025-09-20 09:12:11.096532,1,16,13,2,2,1,1,1,1
usr_1277,2025-09-20 18:05:48.197375,1,7,5,4,0,1,1,1,0
usr_1278,,0,5,6,4,4,1,1,1,1
usr_1279,,0,4,4,1,2,1,1,1,1
usr_1280,2025-10-12 08:21:10.490244,1,5,5,0,0,1,1,0,0
usr_1281,,0,7,0,3,2,1,0,1,1
usr_1282,2025-09-21 15:02:11.615510,1,10,9,3,1,1,1,1,1
usr_1283,,0,3,2,2,0,1,1,1,0
usr_1284,2025-10-01 15:28:09.231347,1,2,2,0,1,1,1,0,1
usr_1285,,0,2,3,1,0,1,1,1,0
usr_1286,2025-09-21 10:02:42.418530,1,10,9,2,1,1,1,1,1
usr_1287,,0,2,1,0,0,1,1,0,0
usr_1288,2025-09-29 07:26:09.568996,1,15,16,6,5,1,1,1,1
usr_1289,,0,3,1,0,0,1,1,0,0
usr_1290,2025-09-26 08:42:20.623890,1,7,3,2,1,1,1,1,1
usr_1291,2025-09-28 21:24:42.101762,1,14,13,4,5,1,1,1,1
usr_1292,2025-09-29 09:55:04.497327,1,12,5,1,2,1,1,1,1
usr_1293,,0,4,0,1,1,1,0,1,1
usr_1294,,0,3,3,0,2,1,1,0,1
usr_1295,2025-09-24 07:09:27.505822,1,17,9,7,2,1,1,1,1
usr_1296,2025-10-02 01:54:00.793360,1,6,8,1,2,1,1,1,1
usr_1297,,0,8,1,2,0,1,1,1,0
usr_1298,2025-09-23 03:37:45.892609,1,3,3,4,3,1,1,1,1
usr_1299,2025-10-09 06:08:56.164470,1,16,3,3,3,1,1,1,1
usr_1300,,0,4,1,0,1,1,1,0,1
usr_1301,2025-09-25 13:41:40.540884,1,14,14,6,3,1,1,1,1
usr_1302,2025-09-22 22:01:14.785887,1,26,21,8,8,1,1,1,1
usr_1303,,0,11,3,3,0,1,1,1,0
usr_1304,2025-10-09 10:37:42.036871,1,10,3,0,3,1,1,0,1
usr_1305,2025-10-01 07:19:06.896679,1,10,1,7,3,1,1,1,1
usr_1306,,0,0,0,0,0,0,0,0,0
usr_1307,,0,2,3,0,1,1,1,0,1
usr_1308,,0,1,4,2,2,1,1,1,1
usr_1309,2025-09-29 13:30:27.988491,1,14,7,3,2,1,1,1,1
usr_1310,2025-10-25 08:12:39.132781,1,4,1,0,2,1,1,0,1
usr_1311,2025-09-27 17:11:27.220408,1,12,6,5,1,1,1,1,1
usr_1312,,0,16,16,4,5,1,1,1,1
usr_1313,,0,7,4,0,1,1,1,0,1
usr_1314,2025-11-08 13:58:50.046514,1,6,6,1,1,1,1,1,1
usr_1315,2025-09-29 21:09:06.646759,1,4,2,2,2,1,1,1,1
usr_1316,2025-09-23 12:21:26.928796,1,12,9,3,2,1,1,1,1
usr_1317,,0,11,9,6,0,1,1,1,0
usr_1318,,0,3,5,1,2,1,1,1,1
usr_1319,2025-10-06 16:08:49.825975,1,11,6,2,3,1,1,1,1
usr_1320,2025-10-21 23:58:36.152114,1,10,4,4,1,1,1,1,1
usr_1321,2025-10-03 10:08:44.641009,1,3,6,2,0,1,1,1,0
usr_1322,2025-10-21 18:55:28.255870,1,9,2,1,0,1,1,1,0
usr_1323,2025-09-30 04:23:27.200450,1,5,5,1,0,1,1,1,0
usr_1324,,0,2,0,0,0,1,0,0,0
usr_1325,,0,21,4,5,5,1,1,1,1
usr_1326,2025-10-03 07:54:08.015215,1,11,5,3,2,1,1,1,1
usr_1327,2025-10-20 10:02:06.588102,1,14,8,4,2,1,1,1,1
usr_1328,2025-10-03 04:25:50.657505,1,8,4,0,1,1,1,0,1
usr_1329,,0,7,3,4,2,1,1,1,1
usr_1330,2025-09-26 03:06:59.505168,1,10,5,4,2,1,1,1,1
usr_1331,,0,8,2,6,1,1,1,1,1
usr_1332,2025-10-03 15:40:57.671331,1,12,5,3,2,1,1,1,1
usr_1333,,0,7,7,1,1,1,1,1,1
usr_1334,,0,1,2,0,0,1,1,0,0
usr_1335,2025-09-26 21:01:33.753516,1,17,8,7,2,1,1,1,1
usr_1336,2025-09-30 11:01:10.510975,1,13,10,5,5,1,1,1,1
usr_1337,2025-09-25 05:11:38.170081,1,7,2,2,2,1,1,1,1
usr_1338,2025-09-27 07:29:21.853473,1,23,15,7,6,1,1,1,1
usr_1339,2025-09-26 15:09:59.567023,1,34,17,10,10,1,1,1,1
usr_1340,2025-09-27 05:04:02.239327,1,5,5,2,0,1,1,1,0
usr_1341,,0,9,6,4,1,1,1,1,1
usr_1342,,0,4,3,0,0,1,1,0,0
usr_1343,2025-09-28 13:53:36.095237,1,7,3,4,0,1,1,1,0
usr_1344,2025-09-25 20:20:56.032869,1,8,3,5,4,1,1,1,1
usr_1345,,0,8,2,0,0,1,1,0,0
usr_1346,2025-10-23 11:59:50.286407,1,11,3,3,0,1,1,1,0
usr_1347,2025-09-28 22:26:58.748357,1,16,5,4,2,1,1,1,1
usr_1348,2025-10-27 11:48:48.022900,1,8,5,1,0,1,1,1,0
usr_1349,2025-09-29 04:05:30.577714,1,1,1,0,1,1,1,0,1
usr_1350,2025-09-26 04:03:18.928472,1,12,7,4,4,1,1,1,1
usr_1351,2025-09-30 23:59:39.186772,1,4,4,3,0,1,1,1,0
usr_1352,,0,2,1,2,1,1,1,1,1
usr_1353,,0,10,2,3,4,1,1,1,1
usr_1354,2025-10-02 02:25:43.785846,1,5,5,3,3,1,1,1,1
usr_1355,2025-09-27 13:34:14.015484,1,9,1,1,1,1,1,1,1
usr_1356,2025-10-01 05:54:57.169957,1,10,6,7,3,1,1,1,1
usr_1357,,0,11,3,5,2,1,1,1,1
usr_1358,2025-09-26 08:02:26.785050,1,22,20,5,2,1,1,1,1
usr_1359,2025-09-26 11:55:09.614999,1,16,11,4,5,1,1,1,1
usr_1360,2025-10-01 23:05:38.101950,1,13,6,3,5,1,1,1,1
usr_1361,2025-10-01 18:00:49.497685,1,2,2,1,0,1,1,1,0
usr_1362,2025-09-28 12:34:31.703569,1,3,4,0,0,1,1,0,0
usr_1363,2025-09-27 16:46:44.748243,1,15,10,1,4,1,1,1,1
usr_1364,,0,6,4,3,1,1,1,1,1
usr_1365,,0,17,7,4,2,1,1,1,1
usr_1366,,0,2,3,0,0,1,1,0,0
usr_1367,2025-12-01 21:33:29.868088,1,9,2,6,3,1,1,1,1
usr_1368,2025-10-02 11:53:46.434459,1,14,6,2,2,1,1,1,1
usr_1369,2025-10-02 14:58:30.355275,1,10,4,5,5,1,1,1,1
usr_1370,2025-09-28 00:11:59.633353,1,15,8,4,1,1,1,1,1
usr_1371,,0,3,3,1,1,1,1,1,1
usr_1372,,0,5,3,1,2,1,1,1,1
usr_1373,2025-10-07 02:37:09.051812,1,8,7,3,2,1,1,1,1
usr_1374,2025-10-05 01:41:57.908153,1,11,7,1,0,1,1,1,0
usr_1375,2025-10-09 03:01:31.376109,1,21,16,11,7,1,1,1,1
usr_1376,,0,13,11,3,6,1,1,1,1
usr_1377,2025-10-09 22:46:26.813650,1,6,3,0,1,1,1,0,1
usr_1378,2025-09-29 06:39:50.679978,1,19,11,8,10,1,1,1,1
usr_1379,2025-10-13 14:57:02.964814,1,6,3,4,0,1,1,1,0
usr_1380,2025-10-01 14:23:57.013783,1,9,10,4,3,1,1,1,1
usr_1381,2025-10-03 12:30:01.873771,1,7,7,2,0,1,1,1,0
usr_1382,2025-11-19 11:39:37.983276,1,6,1,0,0,1,1,0,0
usr_1383,2025-09-29 03:37:48.472434,1,9,2,2,0,1,1,1,0
usr_1384,2025-10-03 21:25:24.682113,1,5,4,2,0,1,1,1,0
usr_1385,2025-09-28 01:18:45.501015,1,16,5,1,1,1,1,1,1
usr_1386,2025-10-01 09:44:26.514639,1,6,7,4,3,1,1,1,1
usr_1387,2025-09-29 20:42:04.104510,1,12,6,5,4,1,1,1,1
usr_1388,2025-10-04 15:33:48.043117,1,12,7,3,1,1,1,1,1
usr_1389,2025-10-05 07:06:32.412966,1,4,3,0,2,1,1,0,1
usr_1390,2025-10-06 17:11:00.479261,1,15,6,2,1,1,1,1,1
usr_1391,2025-09-29 09:43:00.361774,1,2,1,0,3,1,1,0,1
usr_1392,2025-09-30 13:37:37.131419,1,7,3,1,3,1,1,1,1
usr_1393,2025-11-07 16:50:57.039776,1,2,3,1,1,1,1,1,1
usr_1394,2025-09-30 15:44:40.438525,1,16,11,6,1,1,1,1,1
usr_1395,2025-09-30 14:21:48.880682,1,12,5,3,5,1,1,1,1
usr_1396,2025-10-01 21:29:23.733059,1,7,4,1,3,1,1,1,1
usr_1397,2025-10-12 19:53:00.601151,1,12,10,3,3,1,1,1,1
usr_1398,2025-09-30 10:53:21.547658,1,12,8,4,2,1,1,1,1
usr_1399,,0,4,1,1,1,1,1,1,1
usr_1400,2025-10-19 14:12:41.329227,1,3,3,1,0,1,1,1,0
usr_1401,2025-10-01 05:24:07.335626,1,1,2,1,1,1,1,1,1
usr_1402,2025-10-08 23:21:10.423048,1,5,4,2,2,1,1,1,1
usr_1403,2025-11-19 17:51:11.937147,1,23,12,5,1,1,1,1,1
usr_1404,,0,3,0,0,2,1,0,0,1
usr_1405,2025-10-01 06:29:18.200318,1,10,3,1,1,1,1,1,1
usr_1406,2025-10-03 15:57:20.614907,1,12,6,2,1,1,1,1,1
usr_1407,2025-10-24 15:40:39.481686,1,0,1,0,1,0,1,0,1
usr_1408,,0,3,2,2,1,1,1,1,1
usr_1409,2025-10-04 23:56:20.625460,1,10,4,3,2,1,1,1,1
usr_1410,,0,4,0,0,1,1,0,0,1
usr_1411,2025-09-30 16:18:26.316381,1,2,1,0,3,1,1,0,1
usr_1412,2025-10-01 18:32:56.492850,1,5,2,1,0,1,1,1,0
usr_1413,2025-10-14 13:14:40.303674,1,6,2,2,2,1,1,1,1
usr_1414,2025-10-10 03:11:59.403960,1,8,3,4,3,1,1,1,1
usr_1415,2025-10-02 13:43:44.786814,1,5,5,0,1,1,1,0,1
usr_1416,,0,0,0,0,1,0,0,0,1
usr_1417,2025-10-05 18:19:24.335827,1,7,4,1,1,1,1,1,1
usr_1418,,0,7,4,4,3,1,1,1,1
usr_1419,,0,5,3,1,0,1,1,1,0
usr_1420,2025-10-03 06:39:35.848825,1,11,9,3,1,1,1,1,1
usr_1421,2025-10-03 16:42:11.635283,1,13,7,3,4,1,1,1,1
usr_1422,2025-10-10 05:34:05.963686,1,9,12,4,5,1,1,1,1
usr_1423,,0,7,6,1,1,1,1,1,1
usr_1424,2025-10-02 03:47:10.554731,1,13,10,3,4,1,1,1,1
usr_1425,2025-10-06 03:13:00.071386,1,24,11,9,4,1,1,1,1
usr_1426,,0,5,4,1,2,1,1,1,1
usr_1427,2025-10-27 21:33:20.418269,1,9,8,6,5,1,1,1,1
usr_1428,,0,5,2,1,2,1,1,1,1
usr_1429,2025-10-05 20:34:53.263749,1,10,10,7,3,1,1,1,1
usr_1430,2025-10-03 17:22:40.843672,1,20,8,10,1,1,1,1,1
usr_1431,,0,5,1,2,2,1,1,1,1
usr_1432,2025-10-13 08:28:49.240977,1,2,2,0,0,1,1,0,0
usr_1433,2025-10-05 17:28:58.865430,1,15,10,4,2,1,1,1,1
usr_1434,2025-10-11 22:52:37.672480,1,15,5,2,3,1,1,1,1
usr_1435,2025-10-23 18:02:13.099722,1,5,1,1,0,1,1,1,0
usr_1436,,0,5,1,0,0,1,1,0,0
usr_1437,2025-10-06 07:03:19.517869,1,6,3,1,2,1,1,1,1
usr_1438,2025-10-05 14:38:43.184275,1,16,18,5,9,1,1,1,1
usr_1439,,0,8,6,0,2,1,1,0,1
usr_1440,,0,1,3,0,0,1,1,0,0
usr_1441,2025-10-09 17:39:41.172216,1,1,1,0,0,1,1,0,0
usr_1442,2025-10-06 22:46:02.506444,1,1,0,2,0,1,0,1,0
usr_1443,2025-10-06 06:26:52.511922,1,33,16,13,6,1,1,1,1
usr_1444,2025-10-18 05:27:28.652756,1,16,5,2,3,1,1,1,1
usr_1445,,0,6,3,2,3,1,1,1,1
usr_1446,,0,8,4,2,2,1,1,1,1
usr_1447,2025-10-08 08:59:13.557547,1,16,5,4,5,1,1,1,1
usr_1448,,0,5,1,1,0,1,1,1,0
usr_1449,,0,2,1,1,0,1,1,1,0
usr_1450,,0,8,7,2,1,1,1,1,1
usr_1451,,0,3,5,3,3,1,1,1,1
usr_1452,2025-10-07 13:48:27.727646,1,15,7,4,8,1,1,1,1
usr_1453,2025-10-11 17:28:16.453094,1,7,0,4,0,1,0,1,0
usr_1454,,0,4,1,0,1,1,1,0,1
usr_1455,,0,5,0,0,0,1,0,0,0
usr_1456,2025-10-20 13:23:59.241807,1,8,6,3,1,1,1,1,1
usr_1457,2025-10-09 02:17:35.914411,1,5,3,3,0,1,1,1,0
usr_1458,2025-10-05 18:56:00.178677,1,16,11,6,1,1,1,1,1
usr_1459,2025-10-05 07:14:59.808186,1,19,8,2,1,1,1,1,1
usr_1460,2025-10-14 15:39:34.521660,1,6,4,0,2,1,1,0,1
usr_1461,2025-10-16 00:32:23.616459,1,24,9,3,3,1,1,1,1
usr_1462,2025-10-10 21:29:56.867302,1,13,6,6,4,1,1,1,1
usr_1463,,0,4,3,0,3,1,1,0,1
usr_1464,2025-10-24 11:51:26.091503,1,11,3,3,3,1,1,1,1
usr_1465,,0,8,7,1,3,1,1,1,1
usr_1466,2025-10-07 17:27:14.167674,1,4,6,5,2,1,1,1,1
usr_1467,,0,2,3,0,1,1,1,0,1
usr_1468,,0,11,3,4,1,1,1,1,1
usr_1469,,0,5,1,0,3,1,1,0,1
usr_1470,2025-10-09 02:24:27.722745,1,8,7,1,2,1,1,1,1
usr_1471,,0,5,0,2,0,1,0,1,0
usr_1472,2025-10-19 12:16:52.839197,1,2,1,1,1,1,1,1,1
usr_1473,,0,3,0,0,0,1,0,0,0
usr_1474,2025-10-14 08:16:41.632752,1,5,5,1,4,1,1,1,1
usr_1475,2025-10-29 15:45:43.757773,1,3,1,1,1,1,1,1,1
usr_1476,2025-10-10 10:27:14.663741,1,3,5,2,0,1,1,1,0
usr_1477,,0,3,4,3,1,1,1,1,1
usr_1478,,0,0,1,0,1,0,1,0,1
usr_1479,2025-10-08 05:56:05.427756,1,15,7,3,3,1,1,1,1
usr_1480,2025-11-08 06:20:15.241890,1,4,1,3,0,1,1,1,0
usr_1481,2025-10-12 21:01:12.390580,1,8,4,0,1,1,1,0,1
usr_1482,2025-10-22 21:33:11.793439,1,5,2,2,1,1,1,1,1
usr_1483,2025-10-09 06:20:37.581786,1,2,3,5,1,1,1,1,1
usr_1484,2025-10-21 13:43:57.433116,1,10,3,2,1,1,1,1,1
usr_1485,2025-10-19 14:19:54.078575,1,3,1,1,3,1,1,1,1
usr_1486,,0,4,1,1,0,1,1,1,0
usr_1487,2025-10-17 00:32:51.044586,1,6,1,2,1,1,1,1,1
usr_1488,2025-11-03 19:46:04.820559,1,7,1,5,0,1,1,1,0
usr_1489,2025-10-11 18:40:30.307831,1,13,8,2,5,1,1,1,1
usr_1490,2025-10-08 21:01:38.321899,1,20,10,4,4,1,1,1,1
usr_1491,2025-10-08 22:00:41.365202,1,6,3,6,3,1,1,1,1
usr_1492,,0,11,3,2,1,1,1,1,1
usr_1493,2025-10-27 13:19:06.840930,1,13,6,3,1,1,1,1,1
usr_1494,2025-10-24 15:56:06.956078,1,7,9,2,3,1,1,1,1
usr_1495,,0,9,6,2,1,1,1,1,1
usr_1496,2025-11-03 10:02:02.809181,1,12,6,5,1,1,1,1,1
usr_1497,,0,15,7,2,1,1,1,1,1
usr_1498,,0,3,2,4,2,1,1,1,1
usr_1499,,0,7,4,4,2,1,1,1,1
usr_1500,2025-10-27 21:35:25.741621,1,5,8,0,2,1,1,0,1
usr_1501,2025-11-05 04:50:42.835712,1,6,5,1,2,1,1,1,1
usr_1502,2025-10-23 06:36:51.894604,1,3,3,2,1,1,1,1,1
usr_1503,2025-10-11 03:04:56.374600,1,4,3,3,0,1,1,1,0
usr_1504,2025-10-10 14:17:44.111291,1,5,0,2,2,1,0,1,1
usr_1505,2025-10-18 10:29:40.148901,1,22,20,11,6,1,1,1,1
usr_1506,2025-10-10 09:30:49.828838,1,13,4,4,1,1,1,1,1
usr_1507,2025-11-02 00:33:36.907104,1,17,6,5,8,1,1,1,1
usr_1508,,0,1,3,2,0,1,1,1,0
usr_1509,,0,4,3,3,2,1,1,1,1
usr_1510,,0,3,4,2,2,1,1,1,1
usr_1511,2025-10-18 00:39:02.783067,1,14,5,4,2,1,1,1,1
usr_1512,2025-10-23 18:26:53.587169,1,8,9,4,3,1,1,1,1
usr_1513,,0,4,2,0,1,1,1,0,1
usr_1514,2025-10-16 01:56:25.623096,1,3,0,2,1,1,0,1,1
usr_1515,2025-10-12 07:25:27.978004,1,3,0,2,1,1,0,1,1
usr_1516,,0,6,2,2,1,1,1,1,1
usr_1517,,0,7,6,4,2,1,1,1,1
usr_1518,,0,4,3,2,0,1,1,1,0
usr_1519,2025-12-04 12:47:45.564406,1,6,5,1,0,1,1,1,0
usr_1520,,0,2,2,4,0,1,1,1,0
usr_1521,,0,4,2,2,1,1,1,1,1
usr_1522,2025-10-11 10:53:08.122735,1,6,5,5,1,1,1,1,1
usr_1523,2025-10-11 14:14:18.439869,1,43,19,13,18,1,1,1,1
usr_1524,2025-10-14 02:51:11.843344,1,8,4,2,2,1,1,1,1
usr_1525,2025-10-13 09:38:54.979338,1,20,5,2,6,1,1,1,1
usr_1526,2025-10-22 06:39:56.028188,1,7,5,2,1,1,1,1,1
usr_1527,2025-10-12 21:44:51.935851,1,13,5,2,2,1,1,1,1
usr_1528,,0,3,1,0,0,1,1,0,0
usr_1529,,0,5,1,0,0,1,1,0,0
usr_1530,,0,6,1,0,1,1,1,0,1
usr_1531,2025-10-26 20:09:16.919930,1,7,3,0,0,1,1,0,0
usr_1532,2025-10-28 16:50:34.442335,1,10,8,3,2,1,1,1,1
usr_1533,,0,6,1,1,3,1,1,1,1
usr_1534,2025-10-10 00:14:13.083069,1,15,7,2,1,1,1,1,1
usr_1535,2025-10-11 20:03:17.062178,1,9,3,2,1,1,1,1,1
usr_1536,2025-10-15 20:02:40.007311,1,6,2,1,1,1,1,1,1
usr_1537,2025-10-14 22:55:51.347902,1,14,7,0,1,1,1,0,1
usr_1538,2025-10-14 16:16:49.447048,1,4,5,0,0,1,1,0,0
usr_1539,2025-10-24 20:24:26.677424,1,7,2,3,2,1,1,1,1
usr_1540,2025-10-31 02:32:20.492011,1,13,4,3,4,1,1,1,1
usr_1541,2025-10-15 10:04:19.602512,1,17,6,4,6,1,1,1,1
usr_1542,2025-10-11 16:01:17.072985,1,13,6,2,2,1,1,1,1
usr_1543,2025-10-21 14:22:36.357580,1,11,3,2,2,1,1,1,1
usr_1544,2025-10-16 11:03:51.675547,1,7,8,1,1,1,1,1,1
usr_1545,2025-10-11 11:47:25.086254,1,5,2,2,1,1,1,1,1
usr_1546,,0,3,3,1,0,1,1,1,0
usr_1547,2025-10-15 04:24:22.298732,1,2,3,1,0,1,1,1,0
usr_1548,,0,10,2,3,1,1,1,1,1
usr_1549,2025-10-28 07:41:54.086816,1,13,11,8,3,1,1,1,1
usr_1550,2025-10-23 21:11:43.992971,1,5,3,1,1,1,1,1,1
usr_1551,,0,15,13,6,6,1,1,1,1
usr_1552,,0,10,4,3,0,1,1,1,0
usr_1553,,0,0,5,2,2,0,1,1,1
usr_1554,2025-10-18 07:08:54.376337,1,6,7,1,0,1,1,1,0
usr_1555,2025-10-20 04:59:25.540660,1,8,9,3,2,1,1,1,1
usr_1556,2025-10-13 13:27:00.088737,1,4,2,4,1,1,1,1,1
usr_1557,2025-10-21 01:46:51.486202,1,2,4,5,1,1,1,1,1
usr_1558,,0,12,5,4,2,1,1,1,1
usr_1559,,0,3,4,2,1,1,1,1,1
usr_1560,,0,13,5,4,3,1,1,1,1
usr_1561,2025-12-07 16:45:42.532666,1,6,6,1,3,1,1,1,1
usr_1562,2025-10-28 07:58:10.485882,1,7,4,2,1,1,1,1,1
usr_1563,2025-10-16 19:52:03.837944,1,32,28,19,8,1,1,1,1
usr_1564,2025-10-14 11:16:28.389364,1,5,5,2,5,1,1,1,1
usr_1565,2025-10-19 18:27:05.080140,1,14,1,0,1,1,1,0,1
usr_1566,2025-11-09 16:23:40.824566,1,11,2,3,2,1,1,1,1
usr_1567,2025-10-13 15:49:32.722431,1,9,11,5,4,1,1,1,1
usr_1568,2025-10-14 08:28:12.339518,1,12,3,3,2,1,1,1,1
usr_1569,2025-10-19 06:30:17.457611,1,9,8,1,1,1,1,1,1
usr_1570,2025-10-22 15:45:41.611408,1,2,2,2,1,1,1,1,1
usr_1571,2025-10-26 15:12:37.086107,1,7,6,4,4,1,1,1,1
usr_1572,2025-10-23 22:55:48.255502,1,8,7,1,4,1,1,1,1
usr_1573,,0,5,5,2,3,1,1,1,1
usr_1574,2025-11-10 04:28:17.560184,1,4,3,2,0,1,1,1,0
usr_1575,2025-10-16 00:56:10.588159,1,17,5,7,3,1,1,1,1
usr_1576,2025-10-15 14:13:56.233208,1,6,1,3,1,1,1,1,1
usr_1577,2025-10-22 22:00:33.232764,1,6,7,1,3,1,1,1,1
usr_1578,2025-10-15 00:06:06.545164,1,5,4,4,0,1,1,1,0
usr_1579,,0,1,4,1,0,1,1,1,0
usr_1580,2025-10-14 09:44:16.565150,1,5,4,2,4,1,1,1,1
usr_1581,2025-10-23 12:41:05.895038,1,10,6,1,2,1,1,1,1
usr_1582,2025-11-25 02:24:28.005425,1,1,2,1,2,1,1,1,1
usr_1583,2025-10-24 19:14:30.399315,1,8,7,0,3,1,1,0,1
usr_1584,,0,7,5,3,0,1,1,1,0
usr_1585,2025-10-15 12:45:14.115272,1,11,6,4,3,1,1,1,1
usr_1586,2025-10-19 20:26:40.141249,1,4,2,1,1,1,1,1,1
usr_1587,,0,2,3,2,2,1,1,1,1
usr_1588,2025-10-14 03:16:43.240367,1,8,3,3,4,1,1,1,1
usr_1589,,0,1,2,2,0,1,1,1,0
usr_1590,2025-10-19 11:43:53.468254,1,9,1,3,1,1,1,1,1
usr_1591,,0,10,2,2,2,1,1,1,1
usr_1592,2026-01-10 05:34:29.227421,1,15,9,4,2,1,1,1,1
usr_1593,2025-11-04 22:17:52.338863,1,11,3,3,1,1,1,1,1
usr_1594,,0,7,1,4,0,1,1,1,0
usr_1595,2025-10-23 00:48:47.308859,1,5,1,1,1,1,1,1,1
usr_1596,2025-10-16 19:04:49.180056,1,11,5,5,6,1,1,1,1
usr_1597,,0,4,2,2,0,1,1,1,0
usr_1598,2025-10-16 04:36:34.050543,1,10,4,1,2,1,1,1,1
usr_1599,2025-11-02 18:11:45.458013,1,3,5,2,1,1,1,1,1
usr_1600,2025-10-21 12:57:11.667421,1,7,1,0,2,1,1,0,1
usr_1601,2025-10-16 06:44:30.233047,1,22,17,12,3,1,1,1,1
usr_1602,2025-10-31 19:37:48.685663,1,4,2,6,2,1,1,1,1
usr_1603,2025-10-25 08:48:55.402597,1,14,7,4,5,1,1,1,1
usr_1604,,0,5,3,0,0,1,1,0,0
usr_1605,2025-10-17 21:14:04.132224,1,11,6,2,1,1,1,1,1
usr_1606,2025-10-26 09:59:28.791901,1,0,0,2,2,0,0,1,1
usr_1607,2025-11-10 09:08:34.864143,1,9,6,2,2,1,1,1,1
usr_1608,,0,4,1,3,1,1,1,1,1
usr_1609,2025-11-13 02:34:33.788072,1,6,3,1,0,1,1,1,0
usr_1610,,0,14,9,5,3,1,1,1,1
usr_1611,,0,7,1,0,1,1,1,0,1
usr_1612,2025-10-26 15:56:06.101853,1,29,19,7,10,1,1,1,1
usr_1613,2025-10-18 22:38:39.686554,1,12,5,3,2,1,1,1,1
usr_1614,2025-10-20 15:21:21.909236,1,1,0,1,1,1,0,1,1
usr_1615,,0,1,6,5,0,1,1,1,0
usr_1616,,0,0,5,1,2,0,1,1,1
usr_1617,2025-10-29 19:09:29.206054,1,12,5,4,6,1,1,1,1
usr_1618,2025-10-17 11:19:20.675103,1,19,3,8,2,1,1,1,1
usr_1619,2025-10-28 20:53:06.320916,1,3,5,2,2,1,1,1,1
usr_1620,2025-10-17 03:21:48.663859,1,11,3,1,5,1,1,1,1
usr_1621,2025-10-17 19:21:51.310553,1,29,9,4,4,1,1,1,1
usr_1622,,0,10,2,1,3,1,1,1,1
usr_1623,2025-10-17 12:13:20.874644,1,27,15,8,11,1,1,1,1
usr_1624,2025-10-20 03:52:46.008213,1,17,16,2,1,1,1,1,1
usr_1625,,0,1,4,0,1,1,1,0,1
usr_1626,2025-10-18 09:03:00.275332,1,13,13,9,2,1,1,1,1
usr_1627,,0,2,1,1,2,1,1,1,1
usr_1628,,0,1,0,0,0,1,0,0,0
usr_1629,2025-10-18 13:02:24.254635,1,22,9,10,1,1,1,1,1
usr_1630,,0,3,3,2,1,1,1,1,1
usr_1631,,0,1,0,1,1,1,0,1,1
usr_1632,2025-10-17 03:19:50.529280,1,14,13,6,6,1,1,1,1
usr_1633,2025-11-12 05:06:34.125075,1,11,8,4,1,1,1,1,1
usr_1634,2025-10-21 13:26:41.357124,1,11,8,4,7,1,1,1,1
usr_1635,,0,3,1,0,1,1,1,0,1
usr_1636,,0,4,0,1,0,1,0,1,0
usr_1637,2025-10-23 17:49:01.677051,1,4,3,0,2,1,1,0,1
usr_1638,2025-10-31 09:59:00.695390,1,14,8,4,5,1,1,1,1
usr_1639,,0,8,4,3,0,1,1,1,0
usr_1640,2025-10-20 00:43:00.294752,1,9,1,5,3,1,1,1,1
usr_1641,2025-10-21 13:54:33.775939,1,9,8,4,4,1,1,1,1
usr_1642,2025-10-22 20:04:33.709031,1,8,3,1,0,1,1,1,0
usr_1643,2025-11-01 16:53:37.413937,1,3,5,3,1,1,1,1,1
usr_1644,2025-11-30 10:13:23.492632,1,6,3,3,0,1,1,1,0
usr_1645,2025-10-20 08:35:52.778890,1,10,6,4,4,1,1,1,1
usr_1646,,0,11,2,4,4,1,1,1,1
usr_1647,2025-10-21 12:44:37.012626,1,3,2,2,2,1,1,1,1
usr_1648,2025-10-27 11:04:56.805315,1,7,4,3,0,1,1,1,0
usr_1649,,0,0,0,0,0,0,0,0,0
usr_1650,2025-10-23 02:48:30.297745,1,12,6,3,4,1,1,1,1
usr_1651,2025-10-23 07:57:32.775556,1,6,3,2,1,1,1,1,1
usr_1652,2025-10-19 21:42:18.200478,1,9,4,0,0,1,1,0,0
usr_1653,2025-10-20 09:24:21.815502,1,11,7,1,1,1,1,1,1
usr_1654,2025-10-20 10:36:56.089608,1,9,9,5,4,1,1,1,1
usr_1655,,0,13,4,2,2,1,1,1,1
usr_1656,2025-10-20 04:43:09.669921,1,14,6,5,3,1,1,1,1
usr_1657,2025-10-20 05:46:06.249400,1,6,7,4,3,1,1,1,1
usr_1658,2025-10-20 21:44:38.679241,1,17,13,8,4,1,1,1,1
usr_1659,2025-10-26 13:51:15.535584,1,10,10,9,3,1,1,1,1
usr_1660,2025-10-19 21:02:25.421341,1,12,4,5,3,1,1,1,1
usr_1661,2025-11-09 04:54:59.446870,1,5,1,2,0,1,1,1,0
usr_1662,,0,4,1,1,2,1,1,1,1
usr_1663,,0,5,2,1,3,1,1,1,1
usr_1664,,0,4,6,0,0,1,1,0,0
usr_1665,2025-10-26 05:16:46.597558,1,2,0,1,1,1,0,1,1
usr_1666,,0,7,1,4,1,1,1,1,1
usr_1667,,0,6,5,0,2,1,1,0,1
usr_1668,2025-10-21 06:14:38.891720,1,6,3,0,1,1,1,0,1
usr_1669,,0,1,4,3,0,1,1,1,0
usr_1670,,0,0,0,0,0,0,0,0,0
usr_1671,2025-10-30 17:29:52.111690,1,13,9,8,1,1,1,1,1
usr_1672,,0,0,1,0,0,0,1,0,0
usr_1673,2025-10-25 13:09:01.165793,1,7,5,4,2,1,1,1,1
usr_1674,2025-10-25 12:22:08.173063,1,13,5,3,2,1,1,1,1
usr_1675,,0,2,0,0,0,1,0,0,0
usr_1676,,0,5,3,1,1,1,1,1,1
usr_1677,,0,10,2,4,2,1,1,1,1
usr_1678,2025-11-10 20:23:06.762581,1,4,3,2,2,1,1,1,1
usr_1679,2025-10-30 00:43:21.807507,1,4,1,1,3,1,1,1,1
usr_1680,2025-10-26 04:35:49.102960,1,6,5,2,0,1,1,1,0
usr_1681,2025-11-28 16:56:35.020602,1,10,4,3,1,1,1,1,1
usr_1682,2025-10-21 14:11:34.502714,1,15,10,5,3,1,1,1,1
usr_1683,2025-10-22 21:03:37.623748,1,12,6,3,0,1,1,1,0
usr_1684,,0,8,10,5,3,1,1,1,1
usr_1685,,0,10,3,1,1,1,1,1,1
usr_1686,,0,5,1,0,2,1,1,0,1
usr_1687,2025-10-29 04:26:47.898313,1,2,1,0,0,1,1,0,0
usr_1688,2025-10-22 11:15:36.684816,1,3,0,0,1,1,0,0,1
usr_1689,2025-10-31 23:26:43.929855,1,6,5,4,1,1,1,1,1
usr_1690,2025-10-26 12:05:31.590140,1,14,4,8,1,1,1,1,1
usr_1691,2025-12-28 02:01:17.115865,1,11,5,2,1,1,1,1,1
usr_1692,,0,8,5,0,3,1,1,0,1
usr_1693,,0,8,4,1,2,1,1,1,1
usr_1694,,0,2,1,1,2,1,1,1,1
usr_1695,2025-11-07 02:14:44.870560,1,6,7,3,4,1,1,1,1
usr_1696,,0,12,4,3,0,1,1,1,0
usr_1697,,0,6,6,1,2,1,1,1,1
usr_1698,2025-11-01 15:53:16.727638,1,8,11,0,3,1,1,0,1
usr_1699,,0,8,7,5,3,1,1,1,1
usr_1700,,0,10,5,3,2,1,1,1,1
usr_1701,,0,4,4,0,2,1,1,0,1
usr_1702,,0,11,7,9,0,1,1,1,0
usr_1703,,0,7,3,2,3,1,1,1,1
usr_1704,2025-11-01 14:00:58.576000,1,7,2,6,1,1,1,1,1
usr_1705,2025-11-02 03:28:20.781877,1,5,0,3,1,1,0,1,1
usr_1706,2025-11-16 14:53:05.826073,1,6,5,3,1,1,1,1,1
usr_1707,2025-10-26 06:04:47.817245,1,8,4,4,2,1,1,1,1
usr_1708,,0,2,2,0,1,1,1,0,1
usr_1709,2025-10-30 03:45:04.071555,1,12,7,2,5,1,1,1,1
usr_1710,,0,4,5,0,0,1,1,0,0
usr_1711,2025-11-01 06:01:44.628353,1,8,11,6,2,1,1,1,1
usr_1712,2025-10-27 14:13:26.169760,1,11,5,2,3,1,1,1,1
usr_1713,2025-11-17 08:53:32.391418,1,6,3,2,3,1,1,1,1
usr_1714,2025-11-11 09:09:12.891905,1,4,7,1,0,1,1,1,0
usr_1715,2025-10-25 11:05:50.445523,1,10,6,3,0,1,1,1,0
usr_1716,2025-10-24 05:25:44.973044,1,5,3,0,2,1,1,0,1
usr_1717,2025-10-30 21:39:19.972747,1,14,6,3,2,1,1,1,1
usr_1718,2025-10-27 18:08:42.492883,1,8,7,5,1,1,1,1,1
usr_1719,2025-10-28 03:29:53.456083,1,18,6,4,7,1,1,1,1
usr_1720,2025-10-27 07:13:07.448958,1,4,2,2,3,1,1,1,1
usr_1721,2025-11-01 21:53:13.951505,1,9,1,0,0,1,1,0,0
usr_1722,2025-10-26 11:09:12.310555,1,7,4,3,0,1,1,1,0
usr_1723,,0,8,2,2,1,1,1,1,1
usr_1724,,0,2,2,3,0,1,1,1,0
usr_1725,,0,11,3,3,1,1,1,1,1
usr_1726,2025-10-24 17:39:02.902013,1,3,2,2,1,1,1,1,1
usr_1727,,0,1,2,2,0,1,1,1,0
usr_1728,2025-10-29 10:03:40.594617,1,2,0,2,0,1,0,1,0
usr_1729,,0,6,8,4,1,1,1,1,1
usr_1730,,0,2,0,0,0,1,0,0,0
usr_1731,,0,7,3,2,0,1,1,1,0
usr_1732,,0,8,1,1,1,1,1,1,1
usr_1733,2025-11-08 23:35:05.247015,1,5,3,1,0,1,1,1,0
usr_1734,2025-10-28 07:50:37.468704,1,8,2,1,1,1,1,1,1
usr_1735,2025-11-02 17:11:01.340868,1,1,1,3,0,1,1,1,0
usr_1736,2025-10-28 00:31:25.608026,1,3,1,2,4,1,1,1,1
usr_1737,,0,16,12,7,2,1,1,1,1
usr_1738,,0,6,1,0,1,1,1,0,1
usr_1739,,0,5,6,1,1,1,1,1,1
usr_1740,,0,1,2,0,1,1,1,0,1
usr_1741,,0,4,1,0,2,1,1,0,1
usr_1742,2025-10-27 12:39:02.708590,1,13,11,3,1,1,1,1,1
usr_1743,2025-11-02 22:21:42.080885,1,9,5,2,2,1,1,1,1
usr_1744,,0,3,2,0,2,1,1,0,1
usr_1745,2025-11-02 21:52:55.991414,1,9,5,0,1,1,1,0,1
usr_1746,,0,1,1,0,0,1,1,0,0
usr_1747,2025-10-28 03:13:45.155473,1,5,1,3,1,1,1,1,1
usr_1748,2025-10-25 16:06:47.718383,1,7,1,3,0,1,1,1,0
usr_1749,2025-10-31 07:27:01.193976,1,12,9,9,3,1,1,1,1
usr_1750,2025-11-20 17:30:08.534527,1,7,3,0,0,1,1,0,0
usr_1751,,0,13,1,0,1,1,1,0,1
usr_1752,2025-10-28 17:49:15.691490,1,13,4,3,6,1,1,1,1
usr_1753,2025-11-10 08:05:51.606983,1,5,4,4,0,1,1,1,0
usr_1754,2025-11-04 10:46:04.230427,1,3,1,1,3,1,1,1,1
usr_1755,2025-10-31 09:09:39.284060,1,3,2,1,0,1,1,1,0
usr_1756,2025-10-31 10:02:23.321894,1,10,8,3,2,1,1,1,1
usr_1757,2025-10-29 17:10:30.721601,1,8,3,2,4,1,1,1,1
usr_1758,,0,0,0,0,0,0,0,0,0
usr_1759,,0,3,4,0,0,1,1,0,0
usr_1760,2025-11-03 05:02:12.834178,1,26,12,5,1,1,1,1,1
usr_1761,2025-11-01 19:52:01.889582,1,3,1,3,1,1,1,1,1
usr_1762,,0,6,2,0,2,1,1,0,1
usr_1763,2025-10-30 14:28:49.282950,1,15,10,7,6,1,1,1,1
usr_1764,2025-11-02 09:06:07.692726,1,17,12,8,4,1,1,1,1
usr_1765,2025-11-08 15:54:34.532287,1,10,3,2,0,1,1,1,0
usr_1766,2025-11-01 07:54:51.801627,1,11,9,5,1,1,1,1,1
usr_1767,2025-10-30 15:51:04.695932,1,9,2,1,1,1,1,1,1
usr_1768,2025-11-22 07:32:22.127966,1,10,4,4,7,1,1,1,1
usr_1769,,0,5,3,4,2,1,1,1,1
usr_1770,2025-10-28 09:32:41.332176,1,19,10,7,2,1,1,1,1
usr_1771,2025-11-07 21:52:26.979847,1,9,6,7,3,1,1,1,1
usr_1772,2025-11-08 19:28:49.387172,1,7,8,4,2,1,1,1,1
usr_1773,2025-11-24 13:20:49.182117,1,8,5,3,3,1,1,1,1
usr_1774,2025-10-30 23:56:04.359496,1,2,6,2,3,1,1,1,1
usr_1775,,0,8,0,3,1,1,0,1,1
usr_1776,2025-11-11 02:11:57.587491,1,9,3,1,4,1,1,1,1
usr_1777,2025-10-29 10:44:05.159176,1,5,2,2,2,1,1,1,1
usr_1778,,0,8,8,3,1,1,1,1,1
usr_1779,,0,11,9,4,3,1,1,1,1
usr_1780,,0,1,2,1,0,1,1,1,0
usr_1781,,0,4,3,2,2,1,1,1,1
usr_1782,2025-10-29 12:43:48.311579,1,34,17,19,8,1,1,1,1
usr_1783,2025-11-11 15:11:35.332571,1,7,1,2,2,1,1,1,1
usr_1784,,0,1,0,0,0,1,0,0,0
usr_1785,2025-11-05 15:28:46.423488,1,3,1,1,0,1,1,1,0
usr_1786,2025-11-18 17:07:36.052919,1,7,5,1,1,1,1,1,1
usr_1787,2025-11-05 02:55:33.707173,1,2,5,0,2,1,1,0,1
usr_1788,2025-11-23 09:10:03.831756,1,7,3,3,2,1,1,1,1
usr_1789,,0,2,2,1,1,1,1,1,1
usr_1790,,0,3,5,0,0,1,1,0,0
usr_1791,2025-11-01 17:25:03.262878,1,9,12,10,2,1,1,1,1
usr_1792,2025-11-04 23:55:17.004704,1,7,2,3,1,1,1,1,1
usr_1793,2025-10-29 20:04:31.875597,1,19,5,2,2,1,1,1,1
usr_1794,,0,1,3,1,0,1,1,1,0
usr_1795,,0,2,0,0,0,1,0,0,0
usr_1796,2025-10-31 12:04:24.446375,1,7,1,3,2,1,1,1,1
usr_1797,,0,6,1,3,2,1,1,1,1
usr_1798,2025-11-01 20:33:29.947425,1,14,12,13,5,1,1,1,1
usr_1799,2025-11-12 13:43:01.885609,1,5,1,0,1,1,1,0,1
usr_1800,,0,5,3,1,1,1,1,1,1
usr_1801,2025-11-02 06:17:49.104001,1,9,8,3,1,1,1,1,1
usr_1802,,0,3,2,4,1,1,1,1,1
usr_1803,,0,9,2,2,1,1,1,1,1
usr_1804,2025-10-30 20:09:08.810269,1,8,8,0,4,1,1,0,1
usr_1805,2025-11-12 23:58:17.484942,1,20,8,9,6,1,1,1,1
usr_1806,,0,2,2,1,1,1,1,1,1
usr_1807,2025-10-29 05:18:00.734462,1,17,13,4,3,1,1,1,1
usr_1808,2025-11-07 07:56:54.815133,1,12,3,9,4,1,1,1,1
usr_1809,2025-11-05 13:36:24.926736,1,2,6,3,2,1,1,1,1
usr_1810,2025-11-29 06:00:24.364953,1,5,6,0,0,1,1,0,0
usr_1811,2025-11-14 07:20:36.845605,1,6,1,3,0,1,1,1,0
usr_1812,,0,3,7,3,0,1,1,1,0
usr_1813,2025-11-28 06:55:33.367023,1,2,4,1,1,1,1,1,1
usr_1814,,0,6,5,0,1,1,1,0,1
usr_1815,2025-11-11 11:36:59.268472,1,13,2,3,3,1,1,1,1
usr_1816,2025-11-04 16:14:07.789777,1,14,10,7,2,1,1,1,1
usr_1817,,0,8,6,3,3,1,1,1,1
usr_1818,2025-11-02 17:29:11.028601,1,8,4,2,2,1,1,1,1
usr_1819,2025-11-04 05:52:06.139448,1,32,16,9,4,1,1,1,1
usr_1820,2025-10-31 18:58:56.274161,1,10,2,2,4,1,1,1,1
usr_1821,2025-11-01 05:31:47.079890,1,12,9,4,3,1,1,1,1
usr_1822,2025-10-30 08:01:19.570569,1,6,2,2,1,1,1,1,1
usr_1823,2025-11-02 02:02:09.808797,1,8,9,3,3,1,1,1,1
usr_1824,,0,5,5,1,1,1,1,1,1
usr_1825,,0,4,3,0,0,1,1,0,0
usr_1826,2025-11-04 16:52:41.552008,1,10,6,1,0,1,1,1,0
usr_1827,2025-11-02 20:31:03.410289,1,7,6,0,0,1,1,0,0
usr_1828,2025-11-09 08:35:58.924685,1,2,1,1,0,1,1,1,0
usr_1829,,0,6,2,3,1,1,1,1,1
usr_1830,2025-11-27 17:40:12.020196,1,8,2,3,1,1,1,1,1
usr_1831,2025-12-05 09:38:52.240082,1,6,4,1,3,1,1,1,1
usr_1832,2025-10-31 18:46:51.753188,1,1,0,1,4,1,0,1,1
usr_1833,2025-11-04 06:41:35.512493,1,14,5,4,1,1,1,1,1
usr_1834,2025-11-02 00:07:15.960744,1,7,4,3,0,1,1,1,0
usr_1835,,0,3,3,0,1,1,1,0,1
usr_1836,,0,16,6,5,3,1,1,1,1
usr_1837,2025-11-06 07:44:24.215149,1,6,2,2,0,1,1,1,0
usr_1838,,0,2,0,1,1,1,0,1,1
usr_1839,,0,12,1,4,0,1,1,1,0
usr_1840,2025-11-02 01:44:59.953005,1,14,6,9,2,1,1,1,1
usr_1841,,0,4,3,2,2,1,1,1,1
usr_1842,,0,8,10,7,3,1,1,1,1
usr_1843,2025-11-14 23:59:28.619846,1,17,8,9,3,1,1,1,1
usr_1844,,0,11,5,1,1,1,1,1,1
usr_1845,2025-11-15 23:10:00.857866,1,3,0,1,0,1,0,1,0
usr_1846,2025-11-10 12:19:57.081739,1,3,3,2,0,1,1,1,0
usr_1847,2025-11-02 16:37:28.277371,1,29,10,11,5,1,1,1,1
usr_1848,2025-11-10 00:02:05.947832,1,2,2,2,1,1,1,1,1
usr_1849,2025-11-04 02:35:24.269174,1,5,5,4,2,1,1,1,1
usr_1850,2025-11-04 02:53:27.646020,1,22,10,9,4,1,1,1,1
usr_1851,2025-11-04 20:02:47.472248,1,6,5,1,0,1,1,1,0
usr_1852,,0,0,2,1,0,0,1,1,0
usr_1853,,0,3,3,3,3,1,1,1,1
usr_1854,,0,10,2,1,1,1,1,1,1
usr_1855,2025-11-06 05:07:19.113891,1,11,9,4,5,1,1,1,1
usr_1856,2025-11-05 02:54:06.523591,1,19,12,6,1,1,1,1,1
usr_1857,,0,1,3,0,1,1,1,0,1
usr_1858,2025-11-06 20:57:43.265642,1,4,7,4,4,1,1,1,1
usr_1859,,0,2,2,3,0,1,1,1,0
usr_1860,,0,4,1,3,0,1,1,1,0
usr_1861,2025-11-08 23:57:33.930562,1,18,9,3,6,1,1,1,1
usr_1862,,0,2,1,1,0,1,1,1,0
usr_1863,2025-11-02 04:12:37.515022,1,14,9,5,4,1,1,1,1
usr_1864,2025-11-08 07:18:53.732381,1,18,9,8,2,1,1,1,1
usr_1865,,0,9,4,0,1,1,1,0,1
usr_1866,2025-11-12 10:37:18.024540,1,6,4,2,2,1,1,1,1
usr_1867,,0,6,1,0,0,1,1,0,0
usr_1868,,0,4,2,1,0,1,1,1,0
usr_1869,,0,5,0,0,2,1,0,0,1
usr_1870,,0,8,7,2,1,1,1,1,1
usr_1871,,0,10,12,4,2,1,1,1,1
usr_1872,2025-11-12 09:04:44.194171,1,8,8,4,3,1,1,1,1
usr_1873,,0,7,8,3,2,1,1,1,1
usr_1874,,0,2,3,0,0,1,1,0,0
usr_1875,,0,7,4,1,2,1,1,1,1
usr_1876,2025-11-03 22:10:21.481551,1,3,5,3,3,1,1,1,1
usr_1877,2025-11-06 10:15:40.979420,1,7,0,3,3,1,0,1,1
usr_1878,2025-11-03 22:43:28.657861,1,12,9,3,4,1,1,1,1
usr_1879,2025-11-18 09:06:50.946630,1,14,4,2,2,1,1,1,1
usr_1880,2025-11-14 17:03:01.894181,1,11,10,5,1,1,1,1,1
usr_1881,2025-12-17 05:28:57.684524,1,4,2,2,3,1,1,1,1
usr_1882,2025-11-05 20:16:54.395456,1,14,6,2,0,1,1,1,0
usr_1883,2025-11-03 01:32:13.150076,1,11,8,3,0,1,1,1,0
usr_1884,2025-11-06 00:13:15.815731,1,3,4,2,3,1,1,1,1
usr_1885,2025-11-23 22:19:29.394874,1,3,2,2,2,1,1,1,1
usr_1886,2025-11-11 12:34:56.276944,1,3,3,2,3,1,1,1,1
usr_1887,,0,11,17,9,5,1,1,1,1
usr_1888,,0,10,4,2,2,1,1,1,1
usr_1889,,0,1,3,3,0,1,1,1,0
usr_1890,,0,7,4,1,0,1,1,1,0
usr_1891,2025-11-07 09:41:07.820893,1,9,8,3,2,1,1,1,1
usr_1892,2025-11-06 22:24:59.563790,1,3,0,0,4,1,0,0,1
usr_1893,2025-11-07 08:49:57.117116,1,7,6,4,2,1,1,1,1
usr_1894,,0,3,3,0,0,1,1,0,0
usr_1895,,0,4,1,1,1,1,1,1,1
usr_1896,2025-11-06 11:21:13.417301,1,4,3,0,0,1,1,0,0
usr_1897,2025-11-10 16:46:20.554183,1,9,3,1,2,1,1,1,1
usr_1898,2025-11-21 09:25:43.753525,1,12,5,4,1,1,1,1,1
usr_1899,2025-11-05 06:29:35.243679,1,3,2,0,1,1,1,0,1
usr_1900,2025-11-05 08:43:44.363588,1,16,8,5,1,1,1,1,1
usr_1901,,0,4,2,4,0,1,1,1,0
usr_1902,2025-11-06 01:23:05.462603,1,18,13,6,0,1,1,1,0
usr_1903,2025-12-01 17:06:37.865483,1,7,5,1,2,1,1,1,1
usr_1904,2025-11-10 11:13:39.435791,1,9,4,5,1,1,1,1,1
usr_1905,2025-11-07 21:24:01.630954,1,17,5,3,1,1,1,1,1
usr_1906,2025-11-22 12:02:37.279333,1,2,1,2,1,1,1,1,1
usr_1907,,0,9,3,4,0,1,1,1,0
usr_1908,2025-11-24 12:48:48.903159,1,3,6,4,3,1,1,1,1
usr_1909,2025-11-10 17:40:37.502791,1,14,4,8,6,1,1,1,1
usr_1910,2025-11-06 06:30:31.694335,1,12,3,4,0,1,1,1,0
usr_1911,,0,11,0,3,2,1,0,1,1
usr_1912,2025-11-28 23:59:38.087068,1,6,5,5,0,1,1,1,0
usr_1913,2025-11-11 19:01:07.443344,1,17,12,4,4,1,1,1,1
usr_1914,,0,3,6,2,0,1,1,1,0
usr_1915,2025-11-10 03:47:23.771570,1,16,7,2,5,1,1,1,1
usr_1916,,0,8,7,3,3,1,1,1,1
usr_1917,2025-11-14 04:07:46.995099,1,5,6,5,1,1,1,1,1
usr_1918,2025-11-06 11:15:02.722392,1,17,7,1,3,1,1,1,1
usr_1919,2025-11-20 11:11:27.043420,1,17,8,5,3,1,1,1,1
usr_1920,,0,2,3,1,1,1,1,1,1
usr_1921,2025-11-07 17:20:57.371861,1,6,3,4,2,1,1,1,1
usr_1922,,0,7,3,4,1,1,1,1,1
usr_1923,2025-11-22 03:32:39.098304,1,5,5,2,0,1,1,1,0
usr_1924,2025-11-08 13:18:53.295704,1,11,7,6,2,1,1,1,1
usr_1925,,0,6,3,0,1,1,1,0,1
usr_1926,,0,13,12,7,1,1,1,1,1
usr_1927,,0,1,0,1,0,1,0,1,0
usr_1928,,0,5,0,0,2,1,0,0,1
usr_1929,2025-11-07 12:30:40.694567,1,8,4,5,2,1,1,1,1
usr_1930,,0,9,3,4,4,1,1,1,1
usr_1931,2025-11-09 12:29:25.669644,1,11,9,5,4,1,1,1,1
usr_1932,2025-11-16 00:03:14.542326,1,11,4,1,1,1,1,1,1
usr_1933,2025-12-01 12:31:26.720594,1,1,1,0,0,1,1,0,0
usr_1934,2025-11-24 19:24:28.937873,1,14,4,1,0,1,1,1,0
usr_1935,,0,6,4,0,2,1,1,0,1
usr_1936,,0,10,5,1,0,1,1,1,0
usr_1937,2025-11-16 14:37:47.898450,1,16,4,2,0,1,1,1,0
usr_1938,2025-11-27 04:39:08.294108,1,12,7,2,2,1,1,1,1
usr_1939,2025-11-14 17:17:40.209594,1,5,6,2,0,1,1,1,0
usr_1940,,0,9,5,4,1,1,1,1,1
usr_1941,2025-11-16 16:48:53.270331,1,20,7,4,3,1,1,1,1
usr_1942,2025-11-08 13:14:53.341547,1,14,7,3,4,1,1,1,1
usr_1943,2025-12-27 13:19:10.878939,1,10,4,4,0,1,1,1,0
usr_1944,2025-11-15 20:22:50.338208,1,9,6,2,2,1,1,1,1
usr_1945,2025-11-15 08:42:40.622326,1,3,2,0,1,1,1,0,1
usr_1946,2025-11-10 15:21:10.733115,1,11,3,7,7,1,1,1,1
usr_1947,2025-11-16 04:37:28.618764,1,4,2,0,2,1,1,0,1
usr_1948,,0,3,0,3,1,1,0,1,1
usr_1949,,0,5,3,1,2,1,1,1,1
usr_1950,2025-11-12 08:06:12.785033,1,2,0,1,1,1,0,1,1
usr_1951,2025-11-10 11:18:09.542391,1,2,4,1,1,1,1,1,1
usr_1952,2025-11-09 06:50:02.873128,1,14,9,6,3,1,1,1,1
usr_1953,2025-11-21 21:09:01.977143,1,9,6,5,4,1,1,1,1
usr_1954,,0,6,3,2,2,1,1,1,1
usr_1955,,0,5,5,2,2,1,1,1,1
usr_1956,,0,6,2,1,1,1,1,1,1
usr_1957,,0,12,3,1,2,1,1,1,1
usr_1958,2025-11-11 02:50:30.480315,1,5,5,2,4,1,1,1,1
usr_1959,2025-11-29 08:07:08.698660,1,6,4,2,2,1,1,1,1
usr_1960,,0,3,3,1,1,1,1,1,1
usr_1961,2025-11-15 18:05:23.642252,1,3,1,2,1,1,1,1,1
usr_1962,,0,6,3,4,2,1,1,1,1
usr_1963,2025-11-17 18:40:50.390745,1,3,2,2,4,1,1,1,1
usr_1964,,0,4,0,1,1,1,0,1,1
usr_1965,2025-11-15 07:48:58.993104,1,14,4,4,1,1,1,1,1
usr_1966,2025-11-18 19:34:39.227568,1,6,5,3,3,1,1,1,1
usr_1967,,0,2,0,1,0,1,0,1,0
usr_1968,2025-12-15 06:29:58.773305,1,18,5,1,3,1,1,1,1
usr_1969,,0,0,3,4,2,0,1,1,1
usr_1970,2026-01-01 20:24:56.774448,1,11,5,1,0,1,1,1,0
usr_1971,2025-11-29 23:19:13.369372,1,5,5,3,1,1,1,1,1
usr_1972,2025-11-15 03:32:57.611847,1,3,1,0,1,1,1,0,1
usr_1973,,0,0,2,0,1,0,1,0,1
usr_1974,,0,2,2,1,0,1,1,1,0
usr_1975,2025-12-13 03:03:39.141123,1,6,2,2,4,1,1,1,1
usr_1976,,0,9,2,0,0,1,1,0,0
usr_1977,2025-11-16 03:59:15.171905,1,18,7,12,3,1,1,1,1
usr_1978,2025-11-11 19:29:37.861276,1,16,12,3,7,1,1,1,1
usr_1979,,0,6,2,0,2,1,1,0,1
usr_1980,,0,5,2,1,2,1,1,1,1
usr_1981,2025-11-11 21:41:10.023723,1,6,2,0,3,1,1,0,1
usr_1982,2025-11-24 22:58:31.611485,1,5,3,1,1,1,1,1,1
usr_1983,,0,4,5,1,5,1,1,1,1
usr_1984,2025-11-12 08:22:48.466592,1,9,5,3,4,1,1,1,1
usr_1985,2025-12-14 00:39:06.460165,1,4,0,0,0,1,0,0,0
usr_1986,2025-11-19 16:26:53.306038,1,3,3,1,0,1,1,1,0
usr_1987,,0,2,0,1,1,1,0,1,1
usr_1988,,0,16,14,8,1,1,1,1,1
usr_1989,,0,4,2,0,1,1,1,0,1
usr_1990,2025-11-12 16:31:18.150569,1,21,7,10,3,1,1,1,1
usr_1991,,0,12,17,6,4,1,1,1,1
usr_1992,,0,7,2,0,4,1,1,0,1
usr_1993,2025-11-20 04:03:03.309876,1,6,7,2,1,1,1,1,1
usr_1994,2025-11-12 04:58:35.765315,1,3,3,3,2,1,1,1,1
usr_1995,2025-11-12 06:01:15.612212,1,6,6,2,3,1,1,1,1
usr_1996,2025-11-25 07:37:04.358602,1,1,2,3,1,1,1,1,1
usr_1997,2025-11-16 20:01:32.002553,1,18,8,3,2,1,1,1,1
usr_1998,2025-12-01 11:19:52.470650,1,13,5,5,0,1,1,1,0
usr_1999,2025-11-21 10:57:06.279579,1,10,4,10,4,1,1,1,1
usr_2000,,0,8,8,3,1,1,1,1,1
usr_2001,2025-12-24 09:46:25.948887,1,1,0,0,1,1,0,0,1
usr_2002,2025-11-13 16:37:23.218749,1,6,3,2,1,1,1,1,1
usr_2003,2025-11-23 11:31:50.485723,1,12,5,1,1,1,1,1,1
usr_2004,2025-11-13 07:08:58.539253,1,13,8,8,5,1,1,1,1
usr_2005,2025-11-17 21:30:36.568861,1,9,5,1,0,1,1,1,0
usr_2006,2025-12-01 05:36:43.620587,1,9,6,2,0,1,1,1,0
usr_2007,2025-11-19 11:35:36.251543,1,9,6,4,1,1,1,1,1
usr_2008,2025-12-11 02:19:33.173367,1,6,8,4,1,1,1,1,1
usr_2009,,0,2,1,1,0,1,1,1,0
usr_2010,,0,2,0,0,0,1,0,0,0
usr_2011,2025-11-29 06:34:23.348100,1,16,5,2,2,1,1,1,1
usr_2012,,0,11,8,1,2,1,1,1,1
usr_2013,2025-12-07 17:17:52.905061,1,11,4,3,2,1,1,1,1
usr_2014,2025-11-16 15:48:12.394723,1,2,2,0,2,1,1,0,1
usr_2015,,0,2,2,3,2,1,1,1,1
usr_2016,2025-12-01 15:22:01.159273,1,7,3,1,1,1,1,1,1
usr_2017,,0,10,3,3,1,1,1,1,1
usr_2018,,0,5,2,0,2,1,1,0,1
usr_2019,,0,5,1,0,0,1,1,0,0
usr_2020,,0,8,6,4,3,1,1,1,1
usr_2021,2025-12-08 12:19:44.737625,1,9,11,3,1,1,1,1,1
usr_2022,,0,2,4,2,2,1,1,1,1
usr_2023,2025-11-14 03:27:04.202910,1,4,5,1,4,1,1,1,1
usr_2024,2025-11-14 20:03:38.052775,1,4,2,3,1,1,1,1,1
usr_2025,2025-12-02 01:48:40.014821,1,8,7,1,2,1,1,1,1
usr_2026,2025-11-19 15:33:32.257507,1,14,7,8,1,1,1,1,1
usr_2027,2025-11-14 16:08:18.930957,1,11,5,1,0,1,1,1,0
usr_2028,2025-12-18 13:52:56.441263,1,2,3,4,2,1,1,1,1
usr_2029,2025-11-22 13:08:35.367033,1,11,6,2,2,1,1,1,1
usr_2030,2025-11-20 04:36:54.573253,1,6,3,1,1,1,1,1,1
usr_2031,,0,4,3,2,1,1,1,1,1
usr_2032,,0,2,3,0,0,1,1,0,0
usr_2033,2025-11-18 04:10:09.721288,1,20,10,4,3,1,1,1,1
usr_2034,,0,7,4,1,0,1,1,1,0
usr_2035,2025-11-20 11:39:01.423206,1,11,1,9,4,1,1,1,1
usr_2036,2025-11-25 17:09:37.679330,1,11,7,5,4,1,1,1,1
usr_2037,2025-11-19 07:29:40.906603,1,15,5,5,3,1,1,1,1
usr_2038,2025-12-08 12:31:06.471072,1,4,3,2,1,1,1,1,1
usr_2039,2025-11-18 09:13:16.114542,1,7,4,5,2,1,1,1,1
usr_2040,2025-11-19 10:04:47.903200,1,17,8,6,5,1,1,1,1
usr_2041,2025-11-20 08:02:49.933274,1,4,4,2,3,1,1,1,1
usr_2042,2025-11-23 13:58:32.005783,1,14,6,5,1,1,1,1,1
usr_2043,,0,3,3,1,0,1,1,1,0
usr_2044,2025-12-12 11:36:03.804779,1,7,7,3,0,1,1,1,0
usr_2045,2025-11-27 02:32:08.049648,1,3,1,3,0,1,1,1,0
usr_2046,2025-11-21 04:45:19.117717,1,11,4,1,0,1,1,1,0
usr_2047,,0,4,4,2,0,1,1,1,0
usr_2048,,0,7,4,2,1,1,1,1,1
usr_2049,2025-11-21 23:39:17.543216,1,4,2,1,0,1,1,1,0
usr_2050,,0,9,4,3,0,1,1,1,0
usr_2051,2025-11-20 18:42:10.354431,1,3,8,2,1,1,1,1,1
usr_2052,,0,11,6,5,3,1,1,1,1
usr_2053,,0,6,0,0,1,1,0,0,1
usr_2054,2025-11-18 09:12:21.463510,1,12,9,7,3,1,1,1,1
usr_2055,2025-11-17 00:29:18.130514,1,30,8,7,4,1,1,1,1
usr_2056,2025-11-20 02:24:14.126580,1,17,12,9,3,1,1,1,1
usr_2057,2025-11-18 03:20:40.727402,1,14,8,8,1,1,1,1,1
usr_2058,,0,2,0,1,0,1,0,1,0
usr_2059,2025-11-28 13:10:52.826531,1,2,4,3,2,1,1,1,1
usr_2060,2025-12-02 22:58:26.975864,1,2,1,0,3,1,1,0,1
usr_2061,,0,0,1,1,1,0,1,1,1
usr_2062,2025-12-14 07:12:00.909271,1,8,6,0,1,1,1,0,1
usr_2063,2025-12-05 23:18:03.704993,1,16,6,0,2,1,1,0,1
usr_2064,2025-11-29 10:30:04.645685,1,9,8,1,3,1,1,1,1
usr_2065,2025-11-22 00:53:23.811400,1,20,15,3,10,1,1,1,1
usr_2066,2026-01-13 21:14:36.404151,1,1,1,0,0,1,1,0,0
usr_2067,,0,5,0,0,1,1,0,0,1
usr_2068,,0,0,2,0,0,0,1,0,0
usr_2069,2025-11-20 23:13:53.456494,1,22,13,7,2,1,1,1,1
usr_2070,,0,2,0,1,1,1,0,1,1
usr_2071,2025-11-21 21:55:52.466648,1,19,9,4,8,1,1,1,1
usr_2072,,0,6,4,4,2,1,1,1,1
usr_2073,,0,14,5,0,0,1,1,0,0
usr_2074,2025-11-20 01:25:39.527275,1,16,5,4,4,1,1,1,1
usr_2075,2025-11-20 01:15:38.610013,1,6,8,4,1,1,1,1,1
usr_2076,,0,4,1,1,0,1,1,1,0
usr_2077,2025-11-19 06:19:19.735624,1,17,8,2,5,1,1,1,1
usr_2078,,0,2,3,5,1,1,1,1,1
usr_2079,2025-12-23 01:07:04.659975,1,5,3,0,1,1,1,0,1
usr_2080,2025-11-20 03:06:06.517390,1,2,1,3,0,1,1,1,0
usr_2081,2025-12-06 07:53:06.720989,1,17,8,7,8,1,1,1,1
usr_2082,,0,1,2,0,1,1,1,0,1
usr_2083,2025-11-21 05:59:02.865905,1,12,2,2,2,1,1,1,1
usr_2084,2026-01-09 00:22:40.987692,1,1,1,2,2,1,1,1,1
usr_2085,,0,1,2,1,2,1,1,1,1
usr_2086,,0,2,0,0,1,1,0,0,1
usr_2087,2025-11-25 03:51:47.536642,1,6,2,1,4,1,1,1,1
usr_2088,,0,4,2,4,0,1,1,1,0
usr_2089,,0,5,5,2,1,1,1,1,1
usr_2090,2025-12-14 19:09:19.095611,1,16,6,5,4,1,1,1,1
usr_2091,2025-11-22 07:35:49.677802,1,22,7,4,4,1,1,1,1
usr_2092,2025-11-22 21:29:33.156291,1,13,12,7,1,1,1,1,1
usr_2093,2025-11-30 16:37:24.237085,1,10,3,0,5,1,1,0,1
usr_2094,2025-11-21 21:51:42.639732,1,18,7,4,4,1,1,1,1
usr_2095,,0,2,3,1,5,1,1,1,1
usr_2096,2025-11-27 04:03:34.267333,1,2,3,2,0,1,1,1,0
usr_2097,2025-12-07 18:59:11.771326,1,25,11,10,4,1,1,1,1
usr_2098,2025-12-07 07:57:07.718362,1,5,4,3,1,1,1,1,1
usr_2099,2025-11-22 22:52:47.872089,1,4,1,0,1,1,1,0,1
usr_2100,2025-11-21 17:04:23.206023,1,2,1,1,0,1,1,1,0
usr_2101,2025-11-22 11:19:52.850562,1,16,10,6,3,1,1,1,1
usr_2102,2025-11-23 13:58:28.813537,1,14,8,5,8,1,1,1,1
usr_2103,2025-11-22 10:23:40.622200,1,4,3,2,1,1,1,1,1
usr_2104,2025-11-25 12:51:27.264485,1,12,7,6,2,1,1,1,1
usr_2105,,0,3,1,0,1,1,1,0,1
usr_2106,2025-11-21 17:10:21.340520,1,7,3,3,2,1,1,1,1
usr_2107,2025-11-22 19:50:01.679145,1,13,6,3,1,1,1,1,1
usr_2108,2025-11-27 04:34:41.775827,1,5,2,2,0,1,1,1,0
usr_2109,2025-11-22 10:49:49.115654,1,19,12,9,6,1,1,1,1
usr_2110,2025-11-22 15:48:53.532101,1,4,1,4,3,1,1,1,1
usr_2111,2025-12-05 20:53:18.825343,1,10,3,2,1,1,1,1,1
usr_2112,,0,2,0,0,0,1,0,0,0
usr_2113,2025-11-24 02:01:55.322821,1,11,6,4,2,1,1,1,1
usr_2114,,0,15,8,1,1,1,1,1,1
usr_2115,,0,4,3,4,3,1,1,1,1
usr_2116,2026-01-09 16:01:50.511092,1,19,7,2,1,1,1,1,1
usr_2117,2025-11-26 18:53:58.857537,1,7,2,2,1,1,1,1,1
usr_2118,2025-11-28 02:07:39.214894,1,10,3,4,0,1,1,1,0
usr_2119,,0,5,2,1,1,1,1,1,1
usr_2120,,0,5,3,3,2,1,1,1,1
usr_2121,2025-11-28 12:46:12.203596,1,3,4,3,5,1,1,1,1
usr_2122,,0,6,1,1,1,1,1,1,1
usr_2123,,0,8,3,0,1,1,1,0,1
usr_2124,2025-11-23 22:24:09.960468,1,13,6,3,4,1,1,1,1
usr_2125,2025-12-03 07:36:52.038949,1,13,9,2,3,1,1,1,1
usr_2126,,0,3,2,0,1,1,1,0,1
usr_2127,2025-11-27 21:01:01.034010,1,6,3,2,2,1,1,1,1
usr_2128,,0,1,2,2,1,1,1,1,1
usr_2129,2025-12-11 05:38:45.928384,1,3,1,2,4,1,1,1,1
usr_2130,2025-11-25 10:03:17.879840,1,14,5,6,3,1,1,1,1
usr_2131,2025-12-04 16:33:47.627017,1,11,7,3,1,1,1,1,1
usr_2132,2025-12-15 04:06:04.250069,1,6,4,6,1,1,1,1,1
usr_2133,2025-11-23 11:23:15.411694,1,10,3,3,1,1,1,1,1
usr_2134,,0,12,7,7,4,1,1,1,1
usr_2135,2026-01-01 15:59:53.177837,1,9,8,3,2,1,1,1,1
usr_2136,2025-11-25 05:45:48.658757,1,6,4,2,1,1,1,1,1
usr_2137,2025-11-23 03:40:12.313713,1,14,3,2,1,1,1,1,1
usr_2138,2025-11-24 12:53:44.254961,1,13,8,6,3,1,1,1,1
usr_2139,2025-11-26 04:24:01.728619,1,22,12,8,5,1,1,1,1
usr_2140,,0,8,2,5,2,1,1,1,1
usr_2141,,0,10,7,4,2,1,1,1,1
usr_2142,2025-11-28 07:15:20.977388,1,6,5,4,1,1,1,1,1
usr_2143,2025-11-25 15:20:01.313147,1,6,1,2,1,1,1,1,1
usr_2144,,0,2,2,2,2,1,1,1,1
usr_2145,2025-11-24 02:10:49.798987,1,5,7,3,6,1,1,1,1
usr_2146,2025-12-02 20:36:33.664462,1,10,4,4,1,1,1,1,1
usr_2147,2025-11-25 09:27:02.453805,1,12,5,4,7,1,1,1,1
usr_2148,2026-02-19 10:46:46.183495,1,7,5,2,1,1,1,1,1
usr_2149,2025-12-15 08:39:00.682934,1,11,1,5,2,1,1,1,1
usr_2150,,0,7,2,0,0,1,1,0,0
usr_2151,2025-11-25 00:52:21.681985,1,3,1,1,2,1,1,1,1
usr_2152,2025-11-26 15:08:34.113940,1,5,0,2,0,1,0,1,0
usr_2153,2025-12-02 11:01:08.284617,1,15,12,8,6,1,1,1,1
usr_2154,,0,0,2,1,1,0,1,1,1
usr_2155,2025-11-26 08:48:11.882117,1,3,5,2,2,1,1,1,1
usr_2156,2025-11-27 05:22:54.525570,1,16,7,2,6,1,1,1,1
usr_2157,2025-11-25 04:06:53.288820,1,18,7,4,2,1,1,1,1
usr_2158,2025-12-04 16:57:45.319288,1,18,4,6,1,1,1,1,1
usr_2159,,0,2,0,0,0,1,0,0,0
usr_2160,,0,8,4,3,1,1,1,1,1
usr_2161,2025-11-25 16:44:27.924946,1,21,14,3,7,1,1,1,1
usr_2162,2025-11-26 08:17:54.587658,1,15,10,5,3,1,1,1,1
usr_2163,2025-12-02 08:04:35.691009,1,3,2,1,2,1,1,1,1
usr_2164,2025-11-30 10:21:31.855528,1,0,3,2,0,0,1,1,0
usr_2165,2025-11-29 08:31:19.667777,1,6,3,2,0,1,1,1,0
usr_2166,2025-12-01 08:58:48.033740,1,4,4,5,1,1,1,1,1
usr_2167,2025-12-23 22:53:07.170833,1,15,9,7,4,1,1,1,1
usr_2168,,0,3,0,2,0,1,0,1,0
usr_2169,2025-12-06 09:02:18.766810,1,6,7,4,4,1,1,1,1
usr_2170,2025-12-01 06:05:00.216939,1,6,4,2,0,1,1,1,0
usr_2171,,0,4,4,3,2,1,1,1,1
usr_2172,2025-11-27 14:54:03.617023,1,13,11,6,2,1,1,1,1
usr_2173,2025-11-27 00:29:17.133182,1,5,4,1,1,1,1,1,1
usr_2174,,0,8,1,0,1,1,1,0,1
usr_2175,2025-11-26 18:43:56.861527,1,16,6,6,5,1,1,1,1
usr_2176,2026-01-03 12:43:33.528574,1,4,1,2,1,1,1,1,1
usr_2177,2025-12-04 05:20:25.077056,1,19,10,3,6,1,1,1,1
usr_2178,,0,6,2,3,3,1,1,1,1
usr_2179,2025-12-27 03:00:21.512998,1,7,1,0,0,1,1,0,0
usr_2180,,0,2,3,1,1,1,1,1,1
usr_2181,,0,2,2,1,1,1,1,1,1
usr_2182,2025-12-01 04:43:51.510548,1,36,15,11,3,1,1,1,1
usr_2183,,0,1,1,0,2,1,1,0,1
usr_2184,2025-12-02 12:35:57.749482,1,5,5,2,2,1,1,1,1
usr_2185,,0,3,0,0,1,1,0,0,1
usr_2186,,0,2,3,1,1,1,1,1,1
usr_2187,,0,0,1,0,0,0,1,0,0
usr_2188,2025-12-16 04:48:51.395249,1,7,6,2,2,1,1,1,1
usr_2189,,0,1,2,3,2,1,1,1,1
usr_2190,2025-11-29 10:44:46.014149,1,6,1,1,1,1,1,1,1
usr_2191,2025-12-05 13:01:46.482173,1,23,5,5,1,1,1,1,1
usr_2192,,0,3,0,3,0,1,0,1,0
usr_2193,2025-11-29 01:18:10.863036,1,26,19,6,5,1,1,1,1
usr_2194,2025-12-03 22:59:05.140442,1,6,4,5,1,1,1,1,1
usr_2195,,0,13,6,4,0,1,1,1,0
usr_2196,2025-11-29 17:05:13.340135,1,1,2,0,2,1,1,0,1
usr_2197,2025-11-30 01:33:15.160919,1,13,3,2,1,1,1,1,1
usr_2198,2025-11-30 00:13:07.630427,1,21,9,7,3,1,1,1,1
usr_2199,,0,6,2,0,1,1,1,0,1
usr_2200,2025-11-30 01:48:01.022760,1,27,11,6,3,1,1,1,1
usr_2201,2025-12-09 12:41:44.556625,1,13,4,2,3,1,1,1,1
usr_2202,,0,1,0,0,1,1,0,0,1
usr_2203,,0,3,6,4,1,1,1,1,1
usr_2204,,0,8,6,1,2,1,1,1,1
usr_2205,2025-12-08 05:02:56.697691,1,5,5,1,1,1,1,1,1
usr_2206,,0,3,2,2,0,1,1,1,0
usr_2207,,0,2,2,1,0,1,1,1,0
usr_2208,2025-12-02 03:13:39.052511,1,3,4,4,1,1,1,1,1
usr_2209,,0,6,1,1,3,1,1,1,1
usr_2210,2025-11-30 05:09:44.257138,1,8,3,2,2,1,1,1,1
usr_2211,2025-12-06 16:44:45.220157,1,19,6,4,3,1,1,1,1
usr_2212,,0,8,3,1,2,1,1,1,1
usr_2213,2025-11-30 20:45:40.838509,1,13,7,6,0,1,1,1,0
usr_2214,2025-11-30 09:42:31.088300,1,8,8,5,2,1,1,1,1
usr_2215,2025-12-04 03:46:28.165399,1,7,4,2,4,1,1,1,1
usr_2216,2025-12-12 23:49:41.732271,1,5,5,4,0,1,1,1,0
usr_2217,2025-12-03 15:12:21.077460,1,5,1,0,0,1,1,0,0
usr_2218,2025-12-13 10:13:57.384684,1,1,0,0,1,1,0,0,1
usr_2219,2025-11-30 23:28:12.119909,1,2,3,0,1,1,1,0,1
usr_2220,,0,5,8,2,0,1,1,1,0
usr_2221,2025-12-15 07:50:03.181812,1,3,1,0,2,1,1,0,1
usr_2222,,0,4,0,3,1,1,0,1,1
usr_2223,2025-11-30 17:34:38.732887,1,11,7,3,5,1,1,1,1
usr_2224,,0,11,2,3,3,1,1,1,1
usr_2225,2025-12-01 19:07:38.248845,1,12,4,3,2,1,1,1,1
usr_2226,2025-12-01 03:04:17.862191,1,25,15,7,2,1,1,1,1
usr_2227,2025-12-09 05:55:25.850644,1,5,3,2,0,1,1,1,0
usr_2228,2025-12-08 22:02:12.514436,1,13,4,4,2,1,1,1,1
usr_2229,2025-12-29 02:58:48.229509,1,17,12,4,6,1,1,1,1
usr_2230,,0,7,2,2,3,1,1,1,1
usr_2231,2025-12-10 20:23:46.480250,1,13,6,3,1,1,1,1,1
usr_2232,,0,5,3,4,3,1,1,1,1
usr_2233,,0,4,1,1,1,1,1,1,1
usr_2234,2025-12-16 05:42:00.121485,1,1,4,5,1,1,1,1,1
usr_2235,2025-12-08 02:09:15.488920,1,3,6,4,2,1,1,1,1
usr_2236,2025-12-09 06:51:57.599704,1,7,4,4,1,1,1,1,1
usr_2237,2025-12-15 09:26:04.428001,1,3,5,1,1,1,1,1,1
usr_2238,2025-12-03 21:57:36.621074,1,0,3,0,0,0,1,0,0
usr_2239,2025-12-06 06:00:26.605193,1,13,9,4,4,1,1,1,1
usr_2240,2025-12-20 14:17:16.639461,1,17,5,3,3,1,1,1,1
usr_2241,,0,12,4,2,1,1,1,1,1
usr_2242,2025-12-07 09:28:14.220197,1,14,2,3,2,1,1,1,1
usr_2243,2025-12-02 23:03:59.689031,1,16,7,8,4,1,1,1,1
usr_2244,,0,6,2,1,0,1,1,1,0
usr_2245,2025-12-18 15:54:33.847383,1,3,2,0,2,1,1,0,1
usr_2246,,0,2,0,2,0,1,0,1,0
usr_2247,2025-12-04 04:59:54.384935,1,6,4,4,0,1,1,1,0
usr_2248,2025-12-17 02:33:15.051294,1,11,6,5,2,1,1,1,1
usr_2249,2025-12-02 06:48:46.821959,1,4,4,2,4,1,1,1,1
usr_2250,2025-12-08 11:27:48.291699,1,15,1,1,1,1,1,1,1
usr_2251,2025-12-16 13:21:01.805785,1,17,14,6,3,1,1,1,1
usr_2252,2025-12-02 09:51:00.027765,1,9,2,3,4,1,1,1,1
usr_2253,,0,1,4,1,2,1,1,1,1
usr_2254,,0,0,1,1,0,0,1,1,0
usr_2255,,0,7,4,5,0,1,1,1,0
usr_2256,2025-12-11 08:21:29.748806,1,7,2,1,0,1,1,1,0
usr_2257,2025-12-09 12:47:46.234248,1,4,2,0,2,1,1,0,1
usr_2258,2025-12-04 12:47:06.613618,1,10,3,2,0,1,1,1,0
usr_2259,2025-12-05 16:16:27.048417,1,19,9,7,3,1,1,1,1
usr_2260,2025-12-06 22:17:17.863409,1,17,8,4,2,1,1,1,1
usr_2261,2025-12-03 04:33:07.407264,1,25,13,6,4,1,1,1,1
usr_2262,,0,1,3,1,0,1,1,1,0
usr_2263,2025-12-05 06:17:29.398543,1,7,8,3,3,1,1,1,1
usr_2264,2025-12-07 17:43:12.914237,1,15,10,4,6,1,1,1,1
usr_2265,2026-01-09 18:42:29.864244,1,6,5,6,1,1,1,1,1
usr_2266,2025-12-20 10:50:19.767422,1,16,8,4,4,1,1,1,1
usr_2267,2025-12-09 01:41:10.365808,1,2,1,1,0,1,1,1,0
usr_2268,2025-12-08 09:13:08.400574,1,19,11,4,1,1,1,1,1
usr_2269,2025-12-19 02:39:29.642588,1,8,8,4,3,1,1,1,1
usr_2270,,0,1,2,2,1,1,1,1,1
usr_2271,2025-12-04 14:11:11.821840,1,10,11,4,3,1,1,1,1
usr_2272,,0,5,4,1,0,1,1,1,0
usr_2273,2025-12-14 03:25:09.671789,1,14,3,6,2,1,1,1,1
usr_2274,2025-12-15 18:43:18.641229,1,12,12,2,3,1,1,1,1
usr_2275,2025-12-30 15:30:37.114844,1,2,2,3,1,1,1,1,1
usr_2276,,0,10,5,1,2,1,1,1,1
usr_2277,,0,4,1,1,0,1,1,1,0
usr_2278,2025-12-05 01:48:46.670466,1,4,5,3,1,1,1,1,1
usr_2279,,0,3,0,1,1,1,0,1,1
usr_2280,2026-01-12 03:13:13.172487,1,13,9,1,6,1,1,1,1
usr_2281,2025-12-05 01:52:26.621538,1,24,20,8,3,1,1,1,1
usr_2282,2025-12-06 01:19:03.756677,1,36,8,8,7,1,1,1,1
usr_2283,,0,3,3,1,1,1,1,1,1
usr_2284,2025-12-12 08:14:51.230615,1,8,1,1,1,1,1,1,1
usr_2285,,0,4,2,3,1,1,1,1,1
usr_2286,2025-12-05 11:48:59.311938,1,6,1,0,1,1,1,0,1
usr_2287,2025-12-07 16:59:59.016678,1,22,11,11,2,1,1,1,1
usr_2288,2025-12-06 14:54:13.614485,1,8,5,6,7,1,1,1,1
usr_2289,2025-12-05 11:11:11.212528,1,24,7,4,6,1,1,1,1
usr_2290,,0,8,9,2,1,1,1,1,1
usr_2291,2025-12-06 03:59:12.372802,1,20,17,11,2,1,1,1,1
usr_2292,2025-12-05 06:16:53.263698,1,39,28,10,2,1,1,1,1
usr_2293,2025-12-24 11:50:19.886520,1,6,4,0,0,1,1,0,0
usr_2294,2025-12-13 10:56:00.114912,1,11,17,4,6,1,1,1,1
usr_2295,,0,9,8,5,3,1,1,1,1
usr_2296,2025-12-06 05:37:46.833237,1,26,7,10,3,1,1,1,1
usr_2297,2025-12-06 17:03:05.906102,1,8,5,2,1,1,1,1,1
usr_2298,,0,5,3,2,2,1,1,1,1
usr_2299,2025-12-10 07:38:54.895014,1,13,4,4,4,1,1,1,1
usr_2300,2025-12-06 11:06:29.353665,1,1,1,0,4,1,1,0,1
usr_2301,2025-12-29 02:46:19.536053,1,14,8,3,5,1,1,1,1
usr_2302,2025-12-09 09:37:02.949380,1,9,2,0,0,1,1,0,0
usr_2303,2025-12-08 12:19:36.806869,1,10,3,6,3,1,1,1,1
usr_2304,2025-12-19 14:26:43.040795,1,4,3,2,0,1,1,1,0
usr_2305,2025-12-21 07:59:50.488292,1,7,8,4,4,1,1,1,1
usr_2306,2025-12-15 12:30:42.300754,1,5,1,2,0,1,1,1,0
usr_2307,2026-01-07 06:54:18.855925,1,4,4,4,2,1,1,1,1
usr_2308,2025-12-08 09:56:05.385932,1,18,10,7,2,1,1,1,1
usr_2309,2025-12-16 17:02:24.004930,1,9,5,0,1,1,1,0,1
usr_2310,2026-01-21 22:09:07.178503,1,9,9,1,1,1,1,1,1
usr_2311,2025-12-17 21:33:19.770150,1,7,11,8,1,1,1,1,1
usr_2312,,0,4,3,4,2,1,1,1,1
usr_2313,2025-12-18 12:12:23.379804,1,13,6,2,4,1,1,1,1
usr_2314,2025-12-26 02:29:28.271457,1,3,0,4,0,1,0,1,0
usr_2315,2025-12-27 21:15:27.575355,1,10,6,4,2,1,1,1,1
usr_2316,2025-12-26 01:28:38.269287,1,1,0,0,0,1,0,0,0
usr_2317,,0,3,0,0,0,1,0,0,0
usr_2318,2025-12-09 14:22:15.472121,1,22,17,6,4,1,1,1,1
usr_2319,2025-12-22 03:49:51.838227,1,7,5,4,1,1,1,1,1
usr_2320,2026-01-08 21:28:20.180411,1,2,3,0,0,1,1,0,0
usr_2321,2025-12-10 03:12:30.472254,1,10,3,3,0,1,1,1,0
usr_2322,2025-12-18 15:49:55.718571,1,13,8,4,2,1,1,1,1
usr_2323,2025-12-17 07:44:51.354907,1,8,5,3,4,1,1,1,1
usr_2324,2025-12-09 08:55:01.513323,1,20,14,4,2,1,1,1,1
usr_2325,,0,14,12,3,3,1,1,1,1
usr_2326,2026-01-21 04:46:23.109896,1,8,5,4,2,1,1,1,1
usr_2327,2025-12-22 06:28:28.921871,1,4,1,2,2,1,1,1,1
usr_2328,2025-12-15 08:41:35.774643,1,7,3,2,0,1,1,1,0
usr_2329,2026-01-03 17:05:10.947906,1,9,5,0,3,1,1,0,1
usr_2330,2025-12-08 17:53:36.341535,1,8,2,1,1,1,1,1,1
usr_2331,,0,5,6,0,1,1,1,0,1
usr_2332,2025-12-19 09:16:38.266541,1,19,8,4,3,1,1,1,1
usr_2333,2025-12-12 07:45:51.248311,1,4,4,0,1,1,1,0,1
usr_2334,2025-12-12 22:57:58.232332,1,20,8,1,2,1,1,1,1
usr_2335,,0,5,4,0,0,1,1,0,0
usr_2336,2025-12-19 14:58:46.967451,1,8,6,4,0,1,1,1,0
usr_2337,2025-12-11 03:34:23.787456,1,1,0,1,1,1,0,1,1
usr_2338,2025-12-09 02:53:07.783606,1,10,4,2,6,1,1,1,1
usr_2339,,0,1,0,2,0,1,0,1,0
usr_2340,,0,2,1,0,1,1,1,0,1
usr_2341,2025-12-11 06:41:49.878246,1,12,6,4,2,1,1,1,1
usr_2342,2025-12-12 06:07:14.676642,1,6,1,3,2,1,1,1,1
usr_2343,2025-12-13 00:41:52.603518,1,4,4,3,0,1,1,1,0
usr_2344,,0,12,5,2,2,1,1,1,1
usr_2345,,0,8,5,3,3,1,1,1,1
usr_2346,2025-12-09 01:31:15.706357,1,17,4,4,2,1,1,1,1
usr_2347,,0,3,1,1,1,1,1,1,1
usr_2348,,0,9,3,4,0,1,1,1,0
usr_2349,,0,3,1,0,0,1,1,0,0
usr_2350,2025-12-15 11:50:49.668933,1,9,5,2,3,1,1,1,1
usr_2351,2025-12-15 19:40:43.514145,1,14,10,7,2,1,1,1,1
usr_2352,2025-12-15 16:59:36.951677,1,15,13,9,5,1,1,1,1
usr_2353,2025-12-14 10:23:15.340359,1,21,14,1,3,1,1,1,1
usr_2354,,0,5,3,2,3,1,1,1,1
usr_2355,2025-12-12 21:02:34.344666,1,5,2,0,1,1,1,0,1
usr_2356,2025-12-11 04:06:57.910238,1,12,8,7,3,1,1,1,1
usr_2357,2025-12-10 03:05:10.483291,1,7,7,7,4,1,1,1,1
usr_2358,,0,5,2,1,0,1,1,1,0
usr_2359,2026-01-28 16:40:55.491867,1,0,5,4,1,0,1,1,1
usr_2360,2025-12-11 08:20:35.560586,1,16,9,5,7,1,1,1,1
usr_2361,2025-12-28 12:14:39.919250,1,3,1,0,0,1,1,0,0
usr_2362,2025-12-20 22:37:13.000295,1,8,3,5,2,1,1,1,1
usr_2363,2025-12-12 20:49:38.598287,1,2,2,2,1,1,1,1,1
usr_2364,2025-12-20 01:18:52.086625,1,14,7,5,1,1,1,1,1
usr_2365,,0,4,7,1,1,1,1,1,1
usr_2366,2025-12-11 09:03:13.032992,1,21,8,3,2,1,1,1,1
usr_2367,,0,0,1,0,0,0,1,0,0
usr_2368,2025-12-28 18:47:08.511084,1,1,0,1,0,1,0,1,0
usr_2369,2025-12-14 00:26:40.020123,1,7,1,1,2,1,1,1,1
usr_2370,2025-12-23 20:14:10.783425,1,11,7,2,4,1,1,1,1
usr_2371,,0,1,0,1,0,1,0,1,0
usr_2372,,0,2,0,2,0,1,0,1,0
usr_2373,2025-12-17 20:22:59.005460,1,16,9,2,1,1,1,1,1
usr_2374,2025-12-20 10:45:04.009382,1,6,1,3,3,1,1,1,1
usr_2375,,0,6,5,0,3,1,1,0,1
usr_2376,2025-12-11 20:08:08.898019,1,10,6,3,2,1,1,1,1
usr_2377,2025-12-17 04:56:08.805532,1,20,17,8,5,1,1,1,1
usr_2378,2025-12-24 14:07:34.807532,1,4,1,0,0,1,1,0,0
usr_2379,2025-12-12 04:02:25.924545,1,13,11,7,5,1,1,1,1
usr_2380,2025-12-16 08:49:40.200782,1,8,8,4,2,1,1,1,1
usr_2381,,0,10,4,0,2,1,1,0,1
usr_2382,2025-12-26 11:12:02.893268,1,0,1,0,0,0,1,0,0
usr_2383,,0,1,1,0,0,1,1,0,0
usr_2384,,0,3,4,0,0,1,1,0,0
usr_2385,2025-12-12 22:57:20.001414,1,13,6,4,2,1,1,1,1
usr_2386,2025-12-16 12:49:58.469193,1,23,12,5,3,1,1,1,1
usr_2387,2025-12-12 01:40:58.383789,1,3,3,5,0,1,1,1,0
usr_2388,2025-12-13 17:21:20.323762,1,3,1,1,1,1,1,1,1
usr_2389,2025-12-19 14:47:05.307898,1,1,2,1,0,1,1,1,0
usr_2390,,0,1,0,1,1,1,0,1,1
usr_2391,2025-12-12 17:58:15.184406,1,28,15,2,6,1,1,1,1
usr_2392,,0,2,2,0,1,1,1,0,1
usr_2393,,0,8,5,1,2,1,1,1,1
usr_2394,,0,3,2,3,1,1,1,1,1
usr_2395,2026-01-18 10:16:20.938158,1,5,5,3,1,1,1,1,1
usr_2396,,0,3,3,0,0,1,1,0,0
usr_2397,,0,4,4,1,0,1,1,1,0
usr_2398,,0,8,4,6,1,1,1,1,1
usr_2399,2025-12-22 04:05:36.158252,1,6,5,3,3,1,1,1,1
usr_2400,2025-12-24 01:05:59.723071,1,14,13,10,3,1,1,1,1
usr_2401,2025-12-19 02:02:14.060541,1,3,1,0,1,1,1,0,1
usr_2402,2025-12-16 20:42:24.800175,1,22,11,4,5,1,1,1,1
usr_2403,2025-12-16 22:07:25.493083,1,9,3,1,2,1,1,1,1
usr_2404,2025-12-13 00:27:25.065345,1,12,5,2,3,1,1,1,1
usr_2405,,0,8,6,2,2,1,1,1,1
usr_2406,,0,7,4,1,1,1,1,1,1
usr_2407,,0,5,2,1,0,1,1,1,0
usr_2408,,0,9,6,1,4,1,1,1,1
usr_2409,2025-12-16 00:55:02.878380,1,12,1,2,2,1,1,1,1
usr_2410,2025-12-14 07:17:30.016225,1,13,8,4,6,1,1,1,1
usr_2411,,0,21,5,5,2,1,1,1,1
usr_2412,2025-12-13 02:25:09.005325,1,21,10,6,3,1,1,1,1
usr_2413,2025-12-14 02:20:06.677179,1,6,0,1,2,1,0,1,1
usr_2414,2025-12-14 04:46:45.053142,1,13,10,3,4,1,1,1,1
usr_2415,2025-12-19 14:44:48.036085,1,1,2,0,1,1,1,0,1
usr_2416,2025-12-14 17:57:33.408535,1,3,3,0,0,1,1,0,0
usr_2417,,0,5,1,0,1,1,1,0,1
usr_2418,,0,3,1,0,0,1,1,0,0
usr_2419,,0,4,1,1,0,1,1,1,0
usr_2420,2025-12-20 23:51:18.956699,1,12,12,8,1,1,1,1,1
usr_2421,,0,10,4,3,4,1,1,1,1
usr_2422,2025-12-14 22:45:06.233384,1,8,15,3,6,1,1,1,1
usr_2423,,0,1,2,1,2,1,1,1,1
usr_2424,,0,5,4,6,0,1,1,1,0
usr_2425,,0,6,6,0,1,1,1,0,1
usr_2426,,0,4,2,3,2,1,1,1,1
usr_2427,,0,2,1,2,2,1,1,1,1
usr_2428,,0,5,2,1,2,1,1,1,1
usr_2429,2025-12-16 13:47:41.674162,1,7,5,4,0,1,1,1,0
usr_2430,,0,2,2,0,1,1,1,0,1
usr_2431,2025-12-15 03:27:57.911134,1,1,0,3,1,1,0,1,1
usr_2432,2025-12-21 07:30:56.757697,1,0,1,0,0,0,1,0,0
usr_2433,2025-12-26 22:12:06.512041,1,3,2,0,3,1,1,0,1
usr_2434,,0,1,3,1,0,1,1,1,0
usr_2435,2025-12-16 14:33:47.034093,1,8,6,1,2,1,1,1,1
usr_2436,2025-12-31 17:46:48.243538,1,5,2,1,0,1,1,1,0
usr_2437,2025-12-21 06:38:42.829496,1,10,6,4,4,1,1,1,1
usr_2438,2025-12-20 14:07:47.753798,1,15,5,2,4,1,1,1,1
usr_2439,2025-12-16 22:48:15.115917,1,23,8,4,7,1,1,1,1
usr_2440,,0,4,1,1,1,1,1,1,1
usr_2441,2025-12-16 06:58:15.703208,1,16,11,5,3,1,1,1,1
usr_2442,2025-12-17 22:42:06.220363,1,13,10,4,5,1,1,1,1
usr_2443,,0,7,4,3,1,1,1,1,1
usr_2444,2025-12-19 05:09:00.913917,1,13,7,5,3,1,1,1,1
usr_2445,,0,5,2,1,0,1,1,1,0
usr_2446,2025-12-19 06:07:02.983273,1,6,4,3,2,1,1,1,1
usr_2447,,0,10,5,4,2,1,1,1,1
usr_2448,2026-01-02 13:58:53.499851,1,6,1,0,0,1,1,0,0
usr_2449,,0,4,3,3,1,1,1,1,1
usr_2450,2025-12-18 15:37:05.876248,1,5,6,2,3,1,1,1,1
usr_2451,,0,1,0,0,0,1,0,0,0
usr_2452,2025-12-19 23:51:59.497911,1,14,6,5,4,1,1,1,1
usr_2453,,0,1,1,2,0,1,1,1,0
usr_2454,,0,4,4,3,3,1,1,1,1
usr_2455,,0,6,3,2,2,1,1,1,1
usr_2456,,0,17,6,4,0,1,1,1,0
usr_2457,,0,9,2,1,0,1,1,1,0
usr_2458,2025-12-17 02:53:17.774929,1,9,4,4,3,1,1,1,1
usr_2459,2025-12-21 04:39:52.340501,1,6,4,5,0,1,1,1,0
usr_2460,,0,0,0,0,1,0,0,0,1
usr_2461,2025-12-26 12:46:01.424999,1,3,4,2,2,1,1,1,1
usr_2462,2026-01-02 05:11:22.509300,1,4,3,1,3,1,1,1,1
usr_2463,2025-12-20 09:13:34.102215,1,15,7,2,3,1,1,1,1
usr_2464,2025-12-23 10:41:07.898228,1,16,4,3,3,1,1,1,1
usr_2465,2025-12-19 21:44:47.419351,1,7,3,1,0,1,1,1,0
usr_2466,,0,6,1,5,5,1,1,1,1
usr_2467,,0,6,2,3,2,1,1,1,1
usr_2468,2026-01-09 14:48:56.625113,1,6,10,5,0,1,1,1,0
usr_2469,,0,1,0,0,1,1,0,0,1
usr_2470,2025-12-24 06:58:21.642400,1,4,3,0,0,1,1,0,0
usr_2471,,0,12,7,3,2,1,1,1,1
usr_2472,2025-12-18 13:16:30.490073,1,15,6,3,0,1,1,1,0
usr_2473,2026-01-02 05:27:36.282879,1,9,0,2,2,1,0,1,1
usr_2474,2025-12-18 07:13:24.965433,1,16,6,3,5,1,1,1,1
usr_2475,,0,13,10,8,3,1,1,1,1
usr_2476,,0,1,2,0,2,1,1,0,1
usr_2477,2025-12-30 14:53:35.207689,1,9,4,3,3,1,1,1,1
usr_2478,2025-12-28 04:55:24.991918,1,7,3,3,1,1,1,1,1
usr_2479,,0,17,8,4,3,1,1,1,1
usr_2480,,0,5,9,1,2,1,1,1,1
usr_2481,2025-12-26 22:45:53.020175,1,12,8,4,1,1,1,1,1
usr_2482,2025-12-21 01:03:16.778279,1,6,6,1,1,1,1,1,1
usr_2483,2025-12-20 22:53:50.386229,1,12,4,5,2,1,1,1,1
usr_2484,2025-12-23 01:51:57.813860,1,6,7,3,0,1,1,1,0
usr_2485,2025-12-27 16:47:36.856528,1,9,3,2,2,1,1,1,1
usr_2486,2025-12-23 08:28:27.153775,1,9,2,0,1,1,1,0,1
usr_2487,,0,1,0,0,1,1,0,0,1
usr_2488,2025-12-29 17:50:04.908718,1,5,1,0,2,1,1,0,1
usr_2489,,0,1,1,0,0,1,1,0,0
usr_2490,,0,4,2,1,0,1,1,1,0
usr_2491,,0,3,2,3,1,1,1,1,1
usr_2492,,0,8,3,2,5,1,1,1,1
usr_2493,,0,10,9,2,2,1,1,1,1
usr_2494,2025-12-25 23:59:31.786537,1,15,9,9,2,1,1,1,1
usr_2495,2025-12-22 05:49:34.325741,1,10,6,5,2,1,1,1,1
usr_2496,,0,4,1,1,2,1,1,1,1
usr_2497,2025-12-20 07:43:11.743954,1,10,7,2,5,1,1,1,1
usr_2498,,0,5,6,2,0,1,1,1,0
usr_2499,2025-12-27 16:30:07.150733,1,18,4,4,0,1,1,1,0
usr_2500,2025-12-31 04:27:05.709622,1,12,8,6,4,1,1,1,1
usr_2501,,0,1,4,1,2,1,1,1,1
usr_2502,2025-12-24 06:15:49.626511,1,23,6,4,3,1,1,1,1
usr_2503,2026-02-23 06:14:52.535142,1,8,3,4,2,1,1,1,1
usr_2504,2025-12-21 08:46:39.310106,1,3,0,0,1,1,0,0,1
usr_2505,,0,10,4,1,3,1,1,1,1
usr_2506,,0,0,1,0,0,0,1,0,0
usr_2507,,0,3,2,1,0,1,1,1,0
usr_2508,2025-12-20 04:59:42.078121,1,12,10,5,5,1,1,1,1
usr_2509,2025-12-24 21:45:37.691017,1,6,3,2,1,1,1,1,1
usr_2510,2025-12-22 02:34:37.043893,1,14,6,7,2,1,1,1,1
usr_2511,,0,17,7,2,3,1,1,1,1
usr_2512,2025-12-25 02:59:03.574423,1,12,8,7,5,1,1,1,1
usr_2513,,0,0,1,0,0,0,1,0,0
usr_2514,2025-12-26 18:52:00.986252,1,9,7,4,4,1,1,1,1
usr_2515,2025-12-28 00:31:32.015273,1,4,4,2,0,1,1,1,0
usr_2516,2025-12-21 08:24:32.700359,1,5,4,2,1,1,1,1,1
usr_2517,2025-12-26 11:21:34.538918,1,9,14,3,3,1,1,1,1
usr_2518,2026-01-09 15:17:48.607259,1,6,6,0,2,1,1,0,1
usr_2519,,0,3,1,3,1,1,1,1,1
usr_2520,,0,7,1,1,2,1,1,1,1
usr_2521,2026-02-07 08:22:07.457249,1,1,0,0,1,1,0,0,1
usr_2522,2026-01-08 19:05:16.987640,1,5,2,3,1,1,1,1,1
usr_2523,2026-01-05 13:28:33.537008,1,8,9,4,0,1,1,1,0
usr_2524,,0,5,4,2,3,1,1,1,1
usr_2525,2026-01-04 08:45:41.386487,1,3,2,0,0,1,1,0,0
usr_2526,,0,4,5,3,1,1,1,1,1
usr_2527,2025-12-24 07:53:23.145082,1,8,3,1,2,1,1,1,1
usr_2528,2025-12-27 03:27:28.276093,1,6,3,1,0,1,1,1,0
usr_2529,2026-01-10 20:32:28.331237,1,5,2,2,0,1,1,1,0
usr_2530,2026-01-01 21:59:04.707430,1,17,11,8,4,1,1,1,1
usr_2531,2026-01-01 01:06:55.352448,1,14,6,4,4,1,1,1,1
usr_2532,,0,10,2,2,0,1,1,1,0
usr_2533,,0,9,7,4,3,1,1,1,1
usr_2534,,0,3,1,0,0,1,1,0,0
usr_2535,2026-01-14 00:11:05.327082,1,15,11,4,5,1,1,1,1
usr_2536,2025-12-22 05:58:11.437056,1,24,8,7,3,1,1,1,1
usr_2537,,0,1,1,0,0,1,1,0,0
usr_2538,2025-12-28 04:51:34.244438,1,6,2,3,0,1,1,1,0
usr_2539,,0,6,2,0,0,1,1,0,0
usr_2540,2025-12-30 22:57:22.209019,1,15,6,5,5,1,1,1,1
usr_2541,2025-12-22 06:34:45.354590,1,9,4,5,5,1,1,1,1
usr_2542,,0,9,4,3,2,1,1,1,1
usr_2543,2025-12-27 00:06:14.890955,1,6,5,3,2,1,1,1,1
usr_2544,2026-01-04 10:05:48.791347,1,0,1,0,0,0,1,0,0
usr_2545,2026-01-15 12:17:12.601908,1,2,1,0,0,1,1,0,0
usr_2546,2026-01-06 20:07:56.233192,1,11,2,1,1,1,1,1,1
usr_2547,2026-01-04 12:19:01.549226,1,11,4,7,0,1,1,1,0
usr_2548,2025-12-27 07:01:17.122644,1,23,23,12,6,1,1,1,1
usr_2549,,0,1,3,5,1,1,1,1,1
usr_2550,,0,12,11,4,2,1,1,1,1
usr_2551,2025-12-25 05:44:15.625046,1,6,5,1,3,1,1,1,1
usr_2552,2025-12-27 08:01:17.038567,1,14,8,3,2,1,1,1,1
usr_2553,2026-01-21 13:07:41.329737,1,2,2,0,2,1,1,0,1
usr_2554,2025-12-25 13:04:18.210164,1,5,2,4,1,1,1,1,1
usr_2555,2026-01-09 21:30:45.915415,1,9,6,7,2,1,1,1,1
usr_2556,2025-12-30 19:32:09.326887,1,5,3,4,3,1,1,1,1
usr_2557,2025-12-26 04:02:44.527311,1,35,9,11,11,1,1,1,1
usr_2558,2025-12-25 22:29:25.853741,1,3,2,1,0,1,1,1,0
usr_2559,,0,4,6,1,0,1,1,1,0
usr_2560,2026-01-03 21:01:28.438153,1,13,9,8,6,1,1,1,1
usr_2561,,0,2,1,1,2,1,1,1,1
usr_2562,2025-12-25 09:53:28.623784,1,10,8,1,4,1,1,1,1
usr_2563,2025-12-28 05:37:45.129226,1,10,5,6,3,1,1,1,1
usr_2564,2026-01-10 17:35:40.982889,1,12,16,5,7,1,1,1,1
usr_2565,2025-12-28 00:21:13.326016,1,6,2,3,1,1,1,1,1
usr_2566,,0,6,4,4,1,1,1,1,1
usr_2567,2025-12-26 09:05:13.504682,1,3,1,0,1,1,1,0,1
usr_2568,2025-12-26 17:43:35.937304,1,11,6,2,0,1,1,1,0
usr_2569,2025-12-26 10:48:50.799606,1,14,10,3,3,1,1,1,1
usr_2570,2025-12-27 23:06:15.945135,1,22,9,2,1,1,1,1,1
usr_2571,2025-12-27 09:21:23.234969,1,4,3,5,0,1,1,1,0
usr_2572,2025-12-27 07:47:29.932188,1,4,2,5,3,1,1,1,1
usr_2573,2025-12-26 14:40:32.689667,1,7,3,4,2,1,1,1,1
usr_2574,2025-12-31 03:01:08.327382,1,12,0,7,2,1,0,1,1
usr_2575,,0,8,5,3,2,1,1,1,1
usr_2576,2025-12-30 18:52:35.383418,1,5,6,2,3,1,1,1,1
usr_2577,,0,1,0,1,0,1,0,1,0
usr_2578,,0,2,3,0,2,1,1,0,1
usr_2579,,0,5,1,0,0,1,1,0,0
usr_2580,2025-12-31 10:00:19.078381,1,22,13,10,4,1,1,1,1
usr_2581,2025-12-28 07:13:09.469317,1,11,5,4,4,1,1,1,1
usr_2582,2025-12-26 20:41:37.084944,1,3,4,6,2,1,1,1,1
usr_2583,,0,2,0,0,0,1,0,0,0
usr_2584,,0,7,1,1,2,1,1,1,1
usr_2585,2025-12-26 03:36:07.166343,1,12,9,3,1,1,1,1,1
usr_2586,2026-01-04 08:07:10.251448,1,12,11,7,3,1,1,1,1
usr_2587,,0,7,7,0,2,1,1,0,1
usr_2588,,0,0,4,2,2,0,1,1,1
usr_2589,2026-01-01 21:30:35.261752,1,8,3,3,2,1,1,1,1
usr_2590,2026-01-01 16:49:33.945748,1,12,5,3,3,1,1,1,1
usr_2591,2025-12-27 10:20:49.025240,1,9,2,2,0,1,1,1,0
usr_2592,2025-12-28 03:12:55.927809,1,12,5,1,4,1,1,1,1
usr_2593,2026-01-25 02:16:56.783757,1,20,8,5,1,1,1,1,1
usr_2594,2026-01-04 06:32:44.465576,1,5,1,3,1,1,1,1,1
usr_2595,2025-12-26 13:46:25.776115,1,8,6,2,1,1,1,1,1
usr_2596,,0,2,0,0,0,1,0,0,0
usr_2597,2025-12-28 00:24:32.211482,1,5,3,2,2,1,1,1,1
usr_2598,2025-12-29 19:23:59.876763,1,9,10,2,3,1,1,1,1
usr_2599,,0,4,5,2,4,1,1,1,1
usr_2600,2025-12-28 06:51:53.556549,1,14,11,4,3,1,1,1,1
usr_2601,2025-12-31 19:46:18.718694,1,10,6,2,3,1,1,1,1
usr_2602,,0,9,4,8,3,1,1,1,1
usr_2603,,0,7,4,4,2,1,1,1,1
usr_2604,2026-01-11 01:58:48.691395,1,4,1,1,0,1,1,1,0
usr_2605,,0,7,5,5,4,1,1,1,1
usr_2606,2026-01-13 23:56:51.395755,1,7,2,1,0,1,1,1,0
usr_2607,2025-12-30 22:31:05.679634,1,15,6,4,1,1,1,1,1
usr_2608,,0,12,8,0,2,1,1,0,1
usr_2609,,0,3,0,0,0,1,0,0,0
usr_2610,2026-01-12 07:17:22.075758,1,10,4,5,2,1,1,1,1
usr_2611,,0,1,4,1,2,1,1,1,1
usr_2612,2026-01-19 19:28:30.157127,1,3,2,0,0,1,1,0,0
usr_2613,2025-12-28 01:31:42.499730,1,18,15,7,7,1,1,1,1
usr_2614,2026-01-09 02:01:22.999425,1,5,3,2,1,1,1,1,1
usr_2615,2025-12-27 14:25:53.112279,1,9,8,2,0,1,1,1,0
usr_2616,2025-12-28 17:22:27.999306,1,7,3,2,1,1,1,1,1
usr_2617,2026-01-22 17:24:04.870935,1,5,3,1,2,1,1,1,1
usr_2618,2025-12-27 21:52:45.307694,1,11,5,7,1,1,1,1,1
usr_2619,2025-12-30 11:02:30.693214,1,1,0,1,4,1,0,1,1
usr_2620,,0,3,1,0,0,1,1,0,0
usr_2621,,0,12,8,3,0,1,1,1,0
usr_2622,2025-12-29 15:04:19.180151,1,10,12,4,1,1,1,1,1
usr_2623,2025-12-28 04:40:50.520153,1,4,2,3,0,1,1,1,0
usr_2624,2026-01-04 23:50:19.546095,1,16,5,6,2,1,1,1,1
usr_2625,,0,6,4,3,3,1,1,1,1
usr_2626,2025-12-28 07:23:04.344980,1,4,1,0,1,1,1,0,1
usr_2627,2026-01-04 03:12:29.420664,1,7,3,4,0,1,1,1,0
usr_2628,,0,5,5,4,3,1,1,1,1
usr_2629,,0,1,0,1,1,1,0,1,1
usr_2630,2025-12-31 09:27:18.780270,1,6,4,1,3,1,1,1,1
usr_2631,2025-12-28 06:11:50.373225,1,9,4,3,5,1,1,1,1
usr_2632,2025-12-29 08:55:48.036898,1,22,13,9,10,1,1,1,1
usr_2633,2026-01-02 11:29:32.594459,1,4,1,0,1,1,1,0,1
usr_2634,2025-12-30 04:43:34.676239,1,9,4,5,0,1,1,1,0
usr_2635,,0,2,4,5,1,1,1,1,1
usr_2636,,0,5,3,2,3,1,1,1,1
usr_2637,2026-01-07 17:14:51.704675,1,1,1,1,1,1,1,1,1
usr_2638,2025-12-30 15:50:27.641833,1,12,5,5,3,1,1,1,1
usr_2639,2026-01-07 03:58:14.408897,1,0,1,0,0,0,1,0,0
usr_2640,2025-12-31 21:10:53.711909,1,13,7,6,1,1,1,1,1
usr_2641,,0,2,1,0,0,1,1,0,0
usr_2642,,0,9,5,1,3,1,1,1,1
usr_2643,2026-01-03 09:38:27.481735,1,8,10,2,3,1,1,1,1
usr_2644,2026-01-06 04:58:10.580529,1,15,10,8,4,1,1,1,1
usr_2645,,0,2,1,0,1,1,1,0,1
usr_2646,2026-01-06 00:48:55.508209,1,11,2,2,5,1,1,1,1
usr_2647,2026-01-05 17:01:16.866988,1,6,2,1,1,1,1,1,1
usr_2648,2026-01-12 03:40:35.887436,1,15,5,4,4,1,1,1,1
usr_2649,2026-01-02 04:36:07.468467,1,7,6,2,0,1,1,1,0
usr_2650,2026-01-03 18:22:52.821338,1,4,5,1,1,1,1,1,1
usr_2651,2026-01-07 00:05:39.771074,1,5,1,2,1,1,1,1,1
usr_2652,2026-01-06 02:03:07.894302,1,1,0,0,0,1,0,0,0
usr_2653,2026-01-07 18:14:17.467483,1,2,2,1,1,1,1,1,1
usr_2654,,0,3,3,3,0,1,1,1,0
usr_2655,2026-01-09 23:24:28.922057,1,6,2,2,1,1,1,1,1
usr_2656,2026-01-06 05:00:11.198191,1,6,1,1,2,1,1,1,1
usr_2657,2025-12-31 03:20:43.192044,1,12,3,1,1,1,1,1,1
usr_2658,,0,9,6,2,1,1,1,1,1
usr_2659,2026-01-11 08:48:56.482304,1,10,3,3,1,1,1,1,1
usr_2660,2026-01-27 08:54:36.605543,1,1,5,1,0,1,1,1,0
usr_2661,2026-01-08 08:22:58.850990,1,12,10,10,3,1,1,1,1
usr_2662,2025-12-31 07:18:26.182400,1,14,6,3,6,1,1,1,1
usr_2663,,0,5,8,0,1,1,1,0,1
usr_2664,2026-01-08 15:59:17.512527,1,4,2,1,2,1,1,1,1
usr_2665,2026-01-06 12:21:34.783610,1,2,3,0,2,1,1,0,1
usr_2666,,0,20,12,8,5,1,1,1,1
usr_2667,,0,1,2,0,1,1,1,0,1
usr_2668,2025-12-31 06:57:54.596938,1,22,10,9,6,1,1,1,1
usr_2669,,0,8,3,2,4,1,1,1,1
usr_2670,2026-01-01 08:33:48.905813,1,22,15,6,4,1,1,1,1
usr_2671,2026-01-02 08:34:20.952190,1,13,14,8,1,1,1,1,1
usr_2672,2026-01-08 16:46:41.343267,1,9,2,3,1,1,1,1,1
usr_2673,,0,1,0,3,0,1,0,1,0
usr_2674,2026-01-06 06:35:35.440441,1,4,3,2,0,1,1,1,0
usr_2675,2026-01-04 05:19:19.264952,1,9,4,7,2,1,1,1,1
usr_2676,,0,10,2,2,1,1,1,1,1
usr_2677,,0,5,1,2,1,1,1,1,1
usr_2678,2026-01-08 20:51:54.383591,1,9,7,3,3,1,1,1,1
usr_2679,2026-01-09 18:48:59.711228,1,3,2,3,3,1,1,1,1
usr_2680,2026-01-06 02:01:03.610320,1,11,4,10,2,1,1,1,1
usr_2681,2026-01-03 11:29:15.335175,1,4,2,1,2,1,1,1,1
usr_2682,,0,9,5,3,1,1,1,1,1
usr_2683,2026-01-04 19:22:43.825216,1,2,4,1,0,1,1,1,0
usr_2684,,0,6,1,2,1,1,1,1,1
usr_2685,,0,19,12,4,7,1,1,1,1
usr_2686,2026-01-24 14:00:32.825272,1,8,4,5,0,1,1,1,0
usr_2687,2026-01-11 01:34:38.129520,1,34,10,11,7,1,1,1,1
usr_2688,2026-01-07 17:02:04.482104,1,21,9,4,5,1,1,1,1
usr_2689,2026-01-08 23:28:21.897545,1,20,10,5,7,1,1,1,1
usr_2690,,0,1,2,0,0,1,1,0,0
usr_2691,2026-01-02 10:39:47.201714,1,4,2,3,2,1,1,1,1
usr_2692,2026-01-04 01:14:20.232250,1,6,3,1,4,1,1,1,1
usr_2693,,0,8,4,5,2,1,1,1,1
usr_2694,2026-01-03 05:42:39.986538,1,29,21,11,7,1,1,1,1
usr_2695,,0,4,2,3,1,1,1,1,1
usr_2696,2026-01-12 17:10:48.982666,1,13,7,5,7,1,1,1,1
usr_2697,,0,5,4,2,1,1,1,1,1
usr_2698,,0,1,0,0,1,1,0,0,1
usr_2699,2026-01-04 22:12:09.886302,1,2,3,1,1,1,1,1,1
usr_2700,2026-01-13 07:19:45.599119,1,14,8,8,2,1,1,1,1
usr_2701,2026-01-12 02:37:54.330016,1,12,6,3,1,1,1,1,1
usr_2702,,0,0,3,0,1,0,1,0,1
usr_2703,,0,4,0,0,0,1,0,0,0
usr_2704,2026-01-15 18:40:42.422234,1,3,5,2,1,1,1,1,1
usr_2705,,0,14,8,6,4,1,1,1,1
usr_2706,,0,5,2,1,1,1,1,1,1
usr_2707,2026-01-03 04:37:51.662741,1,16,8,1,1,1,1,1,1
usr_2708,,0,14,5,6,2,1,1,1,1
usr_2709,2026-01-08 17:58:10.163694,1,4,2,1,0,1,1,1,0
usr_2710,2026-01-06 13:32:43.124756,1,16,6,10,5,1,1,1,1
usr_2711,2026-01-06 21:22:32.422607,1,0,0,1,1,0,0,1,1
usr_2712,2026-01-04 00:19:50.483954,1,19,4,4,2,1,1,1,1
usr_2713,2026-01-06 06:44:44.680611,1,13,6,1,1,1,1,1,1
usr_2714,2026-01-09 17:29:49.189593,1,4,1,2,1,1,1,1,1
usr_2715,2026-01-14 11:02:31.032950,1,17,12,4,5,1,1,1,1
usr_2716,2026-01-06 02:47:44.106666,1,9,5,2,0,1,1,1,0
usr_2717,,0,8,1,2,1,1,1,1,1
usr_2718,,0,3,1,1,0,1,1,1,0
usr_2719,2026-01-04 13:47:20.369701,1,1,4,1,1,1,1,1,1
usr_2720,2026-01-08 03:43:46.184058,1,4,4,1,1,1,1,1,1
usr_2721,2026-01-09 19:22:22.400500,1,16,6,7,3,1,1,1,1
usr_2722,2026-01-05 21:17:50.071831,1,2,1,1,0,1,1,1,0
usr_2723,,0,9,6,4,2,1,1,1,1
usr_2724,2026-01-15 01:39:50.155991,1,7,3,0,0,1,1,0,0
usr_2725,,0,9,5,2,2,1,1,1,1
usr_2726,,0,5,4,3,1,1,1,1,1
usr_2727,2026-01-26 08:59:26.803304,1,14,7,7,3,1,1,1,1
usr_2728,2026-01-08 20:58:28.874308,1,15,4,5,3,1,1,1,1
usr_2729,2026-01-06 10:52:08.620222,1,24,6,12,4,1,1,1,1
usr_2730,2026-01-10 21:42:04.787360,1,3,7,1,2,1,1,1,1
usr_2731,2026-01-07 03:50:34.502755,1,18,10,6,3,1,1,1,1
usr_2732,,0,5,2,1,1,1,1,1,1
usr_2733,2026-01-15 22:46:24.870201,1,5,4,0,1,1,1,0,1
usr_2734,2026-01-05 20:38:25.654335,1,6,3,3,1,1,1,1,1
usr_2735,2026-01-05 08:29:44.790366,1,20,15,8,8,1,1,1,1
usr_2736,2026-02-10 09:17:26.298329,1,6,1,1,0,1,1,1,0
usr_2737,2026-01-07 12:08:42.126915,1,9,11,3,1,1,1,1,1
usr_2738,2026-01-05 03:26:09.233326,1,7,3,6,1,1,1,1,1
usr_2739,2026-01-05 12:27:45.186985,1,10,7,3,5,1,1,1,1
usr_2740,2026-01-10 02:34:46.547099,1,12,5,7,2,1,1,1,1
usr_2741,2026-02-14 09:12:56.388533,1,27,14,6,8,1,1,1,1
usr_2742,,0,6,4,3,0,1,1,1,0
usr_2743,2026-01-06 12:55:01.813557,1,10,9,3,2,1,1,1,1
usr_2744,2026-01-29 06:10:27.721670,1,9,4,4,1,1,1,1,1
usr_2745,,0,10,3,1,3,1,1,1,1
usr_2746,2026-01-07 13:14:43.580080,1,5,3,3,2,1,1,1,1
usr_2747,2026-01-17 02:00:19.254560,1,14,5,2,2,1,1,1,1
usr_2748,2026-01-15 07:18:36.169786,1,15,9,4,2,1,1,1,1
usr_2749,2026-01-06 05:40:54.690805,1,3,2,0,0,1,1,0,0
usr_2750,2026-01-18 19:12:36.076606,1,20,14,3,3,1,1,1,1
usr_2751,2026-01-08 17:25:21.804280,1,34,25,16,8,1,1,1,1
usr_2752,2026-01-10 11:43:21.608849,1,8,8,2,3,1,1,1,1
usr_2753,,0,4,3,1,1,1,1,1,1
usr_2754,2026-01-14 22:17:29.338209,1,11,7,4,2,1,1,1,1
usr_2755,2026-01-14 08:17:49.786307,1,1,1,0,0,1,1,0,0
usr_2756,2026-01-20 19:59:30.519293,1,4,1,2,0,1,1,1,0
usr_2757,2026-01-15 16:23:38.509508,1,10,5,3,3,1,1,1,1
usr_2758,2026-01-08 23:46:48.526525,1,10,7,4,5,1,1,1,1
usr_2759,,0,2,1,1,1,1,1,1,1
usr_2760,2026-01-14 22:05:35.414204,1,14,8,4,1,1,1,1,1
usr_2761,,0,1,1,2,2,1,1,1,1
usr_2762,2026-01-10 12:15:26.688862,1,20,7,3,3,1,1,1,1
usr_2763,2026-01-07 03:28:27.750124,1,6,5,2,1,1,1,1,1
usr_2764,2026-01-16 18:23:28.162066,1,6,2,4,2,1,1,1,1
usr_2765,2026-01-08 22:08:48.704623,1,6,7,2,0,1,1,1,0
usr_2766,,0,8,2,3,1,1,1,1,1
usr_2767,,0,6,1,0,1,1,1,0,1
usr_2768,2026-01-07 08:54:26.754972,1,17,18,6,2,1,1,1,1
usr_2769,,0,5,3,1,1,1,1,1,1
usr_2770,2026-01-14 03:28:19.034553,1,0,2,1,0,0,1,1,0
usr_2771,,0,3,1,0,1,1,1,0,1
usr_2772,2026-01-08 04:18:58.377720,1,9,4,0,2,1,1,0,1
usr_2773,2026-01-09 01:24:52.703669,1,14,7,6,2,1,1,1,1
usr_2774,2026-01-20 01:20:33.311268,1,6,4,5,1,1,1,1,1
usr_2775,,0,14,8,1,0,1,1,1,0
usr_2776,,0,1,0,0,1,1,0,0,1
usr_2777,2026-01-11 09:10:21.428516,1,6,3,2,2,1,1,1,1
usr_2778,,0,9,4,0,2,1,1,0,1
usr_2779,2026-01-10 05:44:04.063603,1,8,3,2,1,1,1,1,1
usr_2780,2026-01-09 22:46:48.728135,1,7,3,0,3,1,1,0,1
usr_2781,2026-01-08 01:22:23.464093,1,16,8,4,3,1,1,1,1
usr_2782,2026-02-20 13:54:41.220134,1,7,3,4,1,1,1,1,1
usr_2783,2026-01-08 00:54:40.322520,1,13,10,6,4,1,1,1,1
usr_2784,2026-01-08 13:08:23.738676,1,12,3,0,0,1,1,0,0
usr_2785,,0,5,0,1,0,1,0,1,0
usr_2786,,0,10,3,3,5,1,1,1,1
usr_2787,2026-01-09 14:21:40.511329,1,10,5,5,2,1,1,1,1
usr_2788,2026-02-11 10:45:05.612016,1,15,6,6,5,1,1,1,1
usr_2789,2026-01-11 15:45:35.771358,1,8,9,1,2,1,1,1,1
usr_2790,,0,8,2,7,3,1,1,1,1
usr_2791,2026-01-16 23:55:43.105681,1,10,6,1,0,1,1,1,0
usr_2792,2026-01-13 13:38:51.262320,1,17,9,2,4,1,1,1,1
usr_2793,,0,4,7,1,1,1,1,1,1
usr_2794,2026-01-12 05:10:29.258797,1,12,2,4,3,1,1,1,1
usr_2795,,0,12,6,5,6,1,1,1,1
usr_2796,2026-01-15 16:39:50.913491,1,12,4,7,0,1,1,1,0
usr_2797,2026-01-14 09:35:18.517366,1,11,3,3,1,1,1,1,1
usr_2798,2026-01-10 00:34:11.768288,1,11,8,5,2,1,1,1,1
usr_2799,2026-01-15 19:46:08.536460,1,6,5,1,2,1,1,1,1
usr_2800,,0,1,3,2,1,1,1,1,1
usr_2801,2026-01-10 01:36:31.279845,1,13,5,1,0,1,1,1,0
usr_2802,2026-01-12 20:18:25.923464,1,5,7,1,0,1,1,1,0
usr_2803,,0,2,1,0,0,1,1,0,0
usr_2804,2026-01-10 08:00:29.001719,1,12,6,4,1,1,1,1,1
usr_2805,2026-01-14 00:46:33.572533,1,11,4,5,3,1,1,1,1
usr_2806,,0,16,9,8,4,1,1,1,1
usr_2807,2026-01-12 03:58:06.199652,1,16,6,5,1,1,1,1,1
usr_2808,2026-01-16 22:53:21.330992,1,9,3,2,0,1,1,1,0
usr_2809,2026-01-11 10:50:33.122697,1,3,3,1,0,1,1,1,0
usr_2810,2026-01-19 20:54:19.743770,1,5,3,1,0,1,1,1,0
usr_2811,2026-01-17 13:09:57.875363,1,7,4,7,3,1,1,1,1
usr_2812,2026-02-03 16:17:57.252136,1,4,2,2,0,1,1,1,0
usr_2813,2026-01-14 13:46:17.306131,1,16,15,6,3,1,1,1,1
usr_2814,,0,5,2,1,5,1,1,1,1
usr_2815,2026-01-11 09:23:50.653858,1,10,5,5,3,1,1,1,1
usr_2816,2026-01-22 03:43:33.217338,1,16,8,7,1,1,1,1,1
usr_2817,,0,3,0,1,1,1,0,1,1
usr_2818,,0,3,3,0,0,1,1,0,0
usr_2819,,0,5,3,0,1,1,1,0,1
usr_2820,2026-02-06 22:06:05.300820,1,21,7,5,5,1,1,1,1
usr_2821,,0,7,3,4,0,1,1,1,0
usr_2822,2026-01-17 20:59:06.308262,1,27,20,9,5,1,1,1,1
usr_2823,2026-01-14 10:09:03.837620,1,10,6,3,1,1,1,1,1
usr_2824,2026-02-02 03:16:15.408394,1,15,4,3,2,1,1,1,1
usr_2825,2026-01-13 09:13:32.186425,1,10,6,4,3,1,1,1,1
usr_2826,2026-01-11 21:38:48.671749,1,14,6,4,0,1,1,1,0
usr_2827,,0,4,2,1,0,1,1,1,0
usr_2828,2026-01-12 16:37:56.353664,1,6,5,3,3,1,1,1,1
usr_2829,2026-02-05 03:27:56.062507,1,8,2,1,2,1,1,1,1
usr_2830,2026-01-19 06:12:12.177867,1,11,7,8,5,1,1,1,1
usr_2831,2026-01-13 10:09:16.984573,1,15,6,4,9,1,1,1,1
usr_2832,2026-02-20 10:15:02.698598,1,0,0,0,0,0,0,0,0
usr_2833,2026-01-15 07:36:56.023149,1,12,5,6,0,1,1,1,0
usr_2834,2026-01-12 23:40:10.423749,1,3,1,1,1,1,1,1,1
usr_2835,2026-01-14 05:20:57.654096,1,7,7,4,4,1,1,1,1
usr_2836,2026-01-29 14:16:55.218386,1,2,2,1,3,1,1,1,1
usr_2837,2026-01-12 17:59:09.549400,1,8,10,3,0,1,1,1,0
usr_2838,,0,2,3,1,0,1,1,1,0
usr_2839,2026-01-13 04:36:38.137803,1,20,5,3,6,1,1,1,1
usr_2840,2026-01-14 06:13:54.227120,1,24,9,9,4,1,1,1,1
usr_2841,,0,9,8,3,3,1,1,1,1
usr_2842,2026-01-21 07:02:21.319840,1,6,4,3,1,1,1,1,1
usr_2843,,0,4,4,2,2,1,1,1,1
usr_2844,2026-01-31 11:03:01.896703,1,18,10,4,4,1,1,1,1
usr_2845,2026-01-21 08:10:01.921723,1,5,2,1,0,1,1,1,0
usr_2846,2026-01-15 02:56:57.894698,1,15,9,6,3,1,1,1,1
usr_2847,2026-01-17 13:17:55.740338,1,3,0,0,0,1,0,0,0
usr_2848,2026-01-14 07:12:56.737821,1,13,9,5,2,1,1,1,1
usr_2849,2026-01-14 07:35:29.637464,1,15,10,3,1,1,1,1,1
usr_2850,2026-01-20 20:41:59.240081,1,12,6,7,1,1,1,1,1
usr_2851,2026-01-17 14:37:39.047162,1,17,5,3,1,1,1,1,1
usr_2852,2026-01-18 13:26:44.476775,1,18,11,5,4,1,1,1,1
usr_2853,2026-01-15 00:13:55.245962,1,5,5,2,0,1,1,1,0
usr_2854,2026-02-03 11:20:17.488348,1,0,0,0,2,0,0,0,1
usr_2855,,0,5,8,0,1,1,1,0,1
usr_2856,2026-01-17 05:44:10.650710,1,13,9,1,4,1,1,1,1
usr_2857,2026-02-09 08:46:20.020334,1,17,6,7,3,1,1,1,1
usr_2858,2026-02-16 23:20:17.546287,1,8,6,2,1,1,1,1,1
usr_2859,2026-02-06 16:58:13.230174,1,5,3,1,2,1,1,1,1
usr_2860,,0,6,6,2,2,1,1,1,1
usr_2861,2026-01-15 21:58:31.288388,1,21,11,7,2,1,1,1,1
usr_2862,2026-01-15 09:27:47.652232,1,7,4,2,0,1,1,1,0
usr_2863,2026-01-19 12:05:21.117077,1,4,9,6,4,1,1,1,1
usr_2864,2026-01-18 19:19:31.635503,1,11,3,3,1,1,1,1,1
usr_2865,2026-01-15 23:21:02.536553,1,9,8,3,2,1,1,1,1
usr_2866,2026-01-19 12:44:59.308253,1,11,5,3,2,1,1,1,1
usr_2867,,0,8,1,2,2,1,1,1,1
usr_2868,2026-01-20 21:48:56.570296,1,14,13,4,5,1,1,1,1
usr_2869,,0,10,6,2,2,1,1,1,1
usr_2870,,0,4,3,1,0,1,1,1,0
usr_2871,2026-01-15 05:46:52.045123,1,8,10,1,7,1,1,1,1
usr_2872,,0,3,2,1,1,1,1,1,1
usr_2873,2026-01-19 13:24:51.285794,1,25,12,10,6,1,1,1,1
usr_2874,2026-01-16 00:18:44.824112,1,5,3,0,1,1,1,0,1
usr_2875,2026-01-15 07:58:11.756034,1,20,8,6,2,1,1,1,1
usr_2876,2026-02-16 02:10:53.202757,1,4,5,0,0,1,1,0,0
usr_2877,,0,1,4,1,1,1,1,1,1
usr_2878,2026-01-26 04:06:53.021584,1,3,1,2,1,1,1,1,1
usr_2879,2026-01-21 03:04:23.058056,1,2,4,2,1,1,1,1,1
usr_2880,,0,2,2,3,1,1,1,1,1
usr_2881,2026-01-17 06:58:29.878563,1,8,4,4,2,1,1,1,1
usr_2882,2026-01-20 22:19:15.341671,1,5,1,6,3,1,1,1,1
usr_2883,,0,5,1,1,1,1,1,1,1
usr_2884,2026-01-17 04:34:36.759623,1,12,11,9,6,1,1,1,1
usr_2885,2026-01-16 14:58:02.431146,1,34,11,12,5,1,1,1,1
usr_2886,2026-02-01 07:56:36.081620,1,34,19,6,7,1,1,1,1
usr_2887,2026-01-25 13:31:18.020384,1,12,10,7,5,1,1,1,1
usr_2888,2026-02-04 15:51:45.760673,1,8,3,2,5,1,1,1,1
usr_2889,2026-02-06 05:37:16.675181,1,3,1,1,0,1,1,1,0
usr_2890,,0,3,1,3,1,1,1,1,1
usr_2891,2026-01-24 12:16:50.239532,1,2,4,0,1,1,1,0,1
usr_2892,2026-01-20 15:53:30.181157,1,9,6,2,3,1,1,1,1
usr_2893,2026-01-20 08:49:53.288703,1,9,6,1,2,1,1,1,1
usr_2894,2026-04-29 07:29:51.468974,1,12,0,0,1,1,0,0,1
usr_2895,,0,15,6,8,4,1,1,1,1
usr_2896,2026-01-24 11:13:31.705403,1,21,11,3,2,1,1,1,1
usr_2897,2026-01-17 17:34:40.844813,1,11,7,3,5,1,1,1,1
usr_2898,2026-02-20 07:10:34.582254,1,8,4,0,0,1,1,0,0
usr_2899,2026-01-20 23:10:00.940699,1,5,7,1,2,1,1,1,1
usr_2900,2026-01-17 23:08:24.593964,1,9,5,3,4,1,1,1,1
usr_2901,,0,4,1,2,1,1,1,1,1
usr_2902,2026-01-20 00:50:56.933986,1,13,2,1,1,1,1,1,1
usr_2903,,0,13,5,4,1,1,1,1,1
usr_2904,2026-01-21 06:08:33.734505,1,7,2,3,3,1,1,1,1
usr_2905,,0,14,4,4,0,1,1,1,0
usr_2906,2026-01-18 21:06:00.214206,1,4,5,1,0,1,1,1,0
usr_2907,,0,7,6,2,1,1,1,1,1
usr_2908,2026-01-19 18:34:19.061325,1,1,1,0,2,1,1,0,1
usr_2909,,0,0,1,1,0,0,1,1,0
usr_2910,,0,5,1,2,2,1,1,1,1
usr_2911,2026-01-19 20:25:46.270172,1,8,11,6,5,1,1,1,1
usr_2912,2026-01-22 22:00:44.984403,1,3,2,2,3,1,1,1,1
usr_2913,2026-01-18 18:18:47.461975,1,13,11,4,3,1,1,1,1
usr_2914,,0,11,2,5,2,1,1,1,1
usr_2915,2026-02-13 17:41:40.646997,1,5,3,3,0,1,1,1,0
usr_2916,2026-01-24 01:37:06.971239,1,27,18,9,7,1,1,1,1
usr_2917,,0,9,4,5,4,1,1,1,1
usr_2918,2026-01-22 13:14:48.227774,1,40,15,10,7,1,1,1,1
usr_2919,2026-01-25 05:01:57.296823,1,8,4,3,0,1,1,1,0
usr_2920,,0,3,6,0,2,1,1,0,1
usr_2921,2026-01-30 14:22:19.904070,1,14,4,2,0,1,1,1,0
usr_2922,2026-01-20 06:30:38.018835,1,3,3,2,2,1,1,1,1
usr_2923,,0,2,0,1,0,1,0,1,0
usr_2924,,0,8,4,6,0,1,1,1,0
usr_2925,2026-01-20 09:57:54.322856,1,10,5,4,1,1,1,1,1
usr_2926,2026-01-25 17:24:35.088308,1,7,4,1,2,1,1,1,1
usr_2927,2026-01-30 22:51:46.293153,1,1,1,2,1,1,1,1,1
usr_2928,2026-01-27 13:41:05.206852,1,9,5,1,4,1,1,1,1
usr_2929,,0,5,5,2,4,1,1,1,1
usr_2930,2026-02-06 13:40:03.507072,1,1,2,1,1,1,1,1,1
usr_2931,2026-01-22 17:08:21.786979,1,5,4,2,0,1,1,1,0
usr_2932,2026-01-31 14:09:36.594920,1,8,6,0,4,1,1,0,1
usr_2933,2026-01-21 18:04:51.288388,1,14,9,2,2,1,1,1,1
usr_2934,2026-01-21 03:09:29.567694,1,8,5,6,5,1,1,1,1
usr_2935,2026-01-28 02:49:59.035685,1,2,0,5,0,1,0,1,0
usr_2936,,0,6,3,0,1,1,1,0,1
usr_2937,2026-01-26 03:30:24.405953,1,5,4,0,2,1,1,0,1
usr_2938,2026-01-20 02:20:21.564937,1,10,11,7,1,1,1,1,1
usr_2939,2026-01-21 09:13:06.924404,1,17,9,5,9,1,1,1,1
usr_2940,2026-01-20 12:15:12.410859,1,4,6,5,3,1,1,1,1
usr_2941,2026-01-25 02:30:57.266653,1,24,12,6,3,1,1,1,1
usr_2942,2026-01-20 00:16:43.459606,1,8,14,5,3,1,1,1,1
usr_2943,,0,4,1,0,0,1,1,0,0
usr_2944,2026-01-30 07:19:10.053788,1,1,4,1,2,1,1,1,1
usr_2945,,0,2,2,4,3,1,1,1,1
usr_2946,,0,1,1,2,1,1,1,1,1
usr_2947,2026-02-06 09:50:23.364647,1,19,7,4,4,1,1,1,1
usr_2948,,0,5,7,2,3,1,1,1,1
usr_2949,2026-02-10 10:42:09.098097,1,16,3,3,4,1,1,1,1
usr_2950,,0,2,3,1,1,1,1,1,1
usr_2951,2026-01-21 17:11:32.991254,1,8,4,4,0,1,1,1,0
usr_2952,2026-02-09 06:16:24.210940,1,5,1,0,0,1,1,0,0
usr_2953,2026-01-21 10:42:16.212461,1,3,1,1,1,1,1,1,1
usr_2954,2026-01-24 15:15:55.398284,1,4,1,4,3,1,1,1,1
usr_2955,2026-01-28 22:39:36.855490,1,33,12,11,9,1,1,1,1
usr_2956,2026-01-25 12:23:03.797983,1,12,8,6,5,1,1,1,1
usr_2957,2026-01-30 10:59:45.752264,1,25,10,6,2,1,1,1,1
usr_2958,,0,4,1,1,0,1,1,1,0
usr_2959,2026-01-23 17:41:59.313861,1,8,10,3,2,1,1,1,1
usr_2960,2026-01-23 06:37:58.889823,1,1,0,0,1,1,0,0,1
usr_2961,2026-01-26 10:40:53.557255,1,18,10,5,2,1,1,1,1
usr_2962,,0,2,1,1,1,1,1,1,1
usr_2963,2026-01-28 10:08:08.464875,1,3,4,0,2,1,1,0,1
usr_2964,2026-01-22 01:06:47.988221,1,19,6,7,3,1,1,1,1
usr_2965,2026-01-30 13:19:39.257123,1,5,4,3,0,1,1,1,0
usr_2966,2026-01-26 03:20:50.833553,1,18,8,7,5,1,1,1,1
usr_2967,2026-01-24 03:21:21.570584,1,7,5,2,3,1,1,1,1
usr_2968,2026-01-30 16:50:26.910855,1,8,2,5,0,1,1,1,0
usr_2969,2026-01-24 21:58:18.718143,1,3,3,2,2,1,1,1,1
usr_2970,2026-02-06 10:15:29.558934,1,19,14,6,2,1,1,1,1
usr_2971,2026-02-01 15:55:04.982108,1,8,3,1,1,1,1,1,1
usr_2972,2026-01-25 04:38:39.317989,1,7,5,4,2,1,1,1,1
usr_2973,2026-01-22 15:33:42.467132,1,12,14,10,6,1,1,1,1
usr_2974,,0,1,1,1,1,1,1,1,1
usr_2975,,0,7,3,4,2,1,1,1,1
usr_2976,2026-01-26 11:40:53.728983,1,5,2,1,0,1,1,1,0
usr_2977,2026-01-27 15:30:37.382496,1,6,3,2,0,1,1,1,0
usr_2978,,0,10,7,3,1,1,1,1,1
usr_2979,2026-01-24 00:49:37.800627,1,20,14,10,4,1,1,1,1
usr_2980,,0,4,2,0,0,1,1,0,0
usr_2981,2026-01-24 04:46:51.594827,1,3,2,0,0,1,1,0,0
usr_2982,2026-02-04 10:50:22.008341,1,14,16,4,5,1,1,1,1
usr_2983,2026-02-12 15:04:09.239569,1,2,3,0,0,1,1,0,0
usr_2984,2026-01-31 08:06:10.349033,1,11,0,1,0,1,0,1,0
usr_2985,2026-01-29 20:37:50.878639,1,1,4,1,1,1,1,1,1
usr_2986,2026-02-21 06:47:02.067708,1,1,5,0,0,1,1,0,0
usr_2987,,0,7,4,2,2,1,1,1,1
usr_2988,2026-01-25 15:36:26.226806,1,0,5,1,1,0,1,1,1
usr_2989,2026-02-07 11:59:13.182604,1,3,2,0,1,1,1,0,1
usr_2990,2026-02-02 20:18:41.255955,1,12,7,6,2,1,1,1,1
usr_2991,2026-02-08 06:15:19.290237,1,6,5,1,1,1,1,1,1
usr_2992,2026-01-27 02:25:03.631624,1,3,0,1,0,1,0,1,0
usr_2993,,0,3,0,3,0,1,0,1,0
usr_2994,2026-02-02 01:10:55.682696,1,1,2,0,1,1,1,0,1
usr_2995,2026-01-25 03:37:08.982713,1,4,1,3,0,1,1,1,0
usr_2996,2026-01-25 20:09:25.818762,1,6,2,0,2,1,1,0,1
usr_2997,2026-01-28 15:12:30.711820,1,21,11,6,6,1,1,1,1
usr_2998,,0,9,3,1,1,1,1,1,1
usr_2999,2026-01-25 14:15:02.207742,1,2,3,3,1,1,1,1,1
usr_3000,2026-03-01 02:25:34.151401,1,3,1,3,1,1,1,1,1
usr_3001,,0,8,6,3,2,1,1,1,1
usr_3002,2026-01-31 23:11:40.127591,1,4,3,3,2,1,1,1,1
usr_3003,2026-01-26 03:12:04.185210,1,8,9,4,3,1,1,1,1
usr_3004,,0,2,0,0,1,1,0,0,1
usr_3005,,0,1,1,1,0,1,1,1,0
usr_3006,2026-01-26 07:04:39.895004,1,30,13,14,4,1,1,1,1
usr_3007,2026-01-30 00:42:22.395104,1,5,2,2,0,1,1,1,0
usr_3008,2026-02-04 19:05:58.459230,1,4,3,3,3,1,1,1,1
usr_3009,,0,7,1,3,2,1,1,1,1
usr_3010,2026-02-14 22:33:36.936014,1,12,5,3,1,1,1,1,1
usr_3011,,0,1,3,0,0,1,1,0,0
usr_3012,,0,6,1,3,0,1,1,1,0
usr_3013,2026-01-28 14:31:21.154248,1,23,9,6,5,1,1,1,1
usr_3014,,0,6,5,2,4,1,1,1,1
usr_3015,,0,3,0,0,0,1,0,0,0
usr_3016,2026-01-30 01:08:10.642960,1,4,4,0,2,1,1,0,1
usr_3017,2026-02-03 14:02:09.855338,1,42,18,12,6,1,1,1,1
usr_3018,2026-01-27 15:11:35.776960,1,11,4,1,0,1,1,1,0
usr_3019,2026-01-28 04:54:26.855932,1,6,3,3,1,1,1,1,1
usr_3020,2026-01-25 20:32:01.972877,1,25,14,6,6,1,1,1,1
usr_3021,2026-01-30 07:28:32.050273,1,14,5,4,1,1,1,1,1
usr_3022,2026-01-25 01:40:33.291520,1,13,13,2,2,1,1,1,1
usr_3023,,0,2,0,0,1,1,0,0,1
usr_3024,2026-01-25 21:14:48.815978,1,12,12,8,5,1,1,1,1
usr_3025,,0,4,1,0,0,1,1,0,0
usr_3026,2026-01-31 03:00:47.446749,1,11,4,5,1,1,1,1,1
usr_3027,2026-03-01 16:30:52.981207,1,3,0,1,0,1,0,1,0
usr_3028,,0,3,3,1,1,1,1,1,1
usr_3029,,0,3,1,2,2,1,1,1,1
usr_3030,2026-01-26 17:50:04.361256,1,18,8,4,6,1,1,1,1
usr_3031,2026-02-09 11:50:46.045572,1,4,4,3,0,1,1,1,0
usr_3032,,0,2,1,0,0,1,1,0,0
usr_3033,2026-01-29 23:00:12.570542,1,8,10,4,7,1,1,1,1
usr_3034,2026-01-26 20:42:25.735259,1,24,7,3,5,1,1,1,1
usr_3035,,0,4,1,1,2,1,1,1,1
usr_3036,,0,6,5,0,0,1,1,0,0
usr_3037,2026-02-28 08:58:04.290812,1,18,16,7,4,1,1,1,1
usr_3038,,0,7,3,2,0,1,1,1,0
usr_3039,2026-02-11 16:18:04.457975,1,12,6,3,1,1,1,1,1
usr_3040,2026-01-27 12:44:46.679733,1,5,7,4,2,1,1,1,1
usr_3041,2026-01-29 18:40:48.303487,1,18,9,9,5,1,1,1,1
usr_3042,2026-02-01 06:34:06.483220,1,13,3,1,2,1,1,1,1
usr_3043,2026-02-03 17:20:14.908849,1,4,1,1,0,1,1,1,0
usr_3044,2026-01-26 10:13:48.652084,1,6,6,6,4,1,1,1,1
usr_3045,2026-02-14 00:55:54.003893,1,9,4,2,2,1,1,1,1
usr_3046,,0,2,2,0,0,1,1,0,0
usr_3047,2026-01-30 00:27:59.296140,1,3,2,0,0,1,1,0,0
usr_3048,,0,1,1,1,1,1,1,1,1
usr_3049,2026-02-04 23:28:53.439373,1,9,5,2,0,1,1,1,0
usr_3050,2026-02-03 23:25:12.234646,1,8,2,1,2,1,1,1,1
usr_3051,2026-02-05 03:05:03.393590,1,7,8,4,2,1,1,1,1
usr_3052,2026-01-28 22:49:16.592664,1,7,2,2,1,1,1,1,1
usr_3053,2026-02-16 08:24:06.101944,1,2,0,1,0,1,0,1,0
usr_3054,,0,7,3,0,0,1,1,0,0
usr_3055,2026-01-28 16:58:26.540302,1,9,4,2,1,1,1,1,1
usr_3056,2026-01-29 17:24:16.936009,1,5,4,4,1,1,1,1,1
usr_3057,,0,4,6,1,1,1,1,1,1
usr_3058,2026-01-27 05:07:20.658901,1,3,4,1,2,1,1,1,1
usr_3059,2026-01-28 08:22:03.519408,1,16,8,8,3,1,1,1,1
usr_3060,2026-02-19 12:01:42.445502,1,3,4,1,1,1,1,1,1
usr_3061,2026-01-28 13:05:16.340858,1,16,11,11,5,1,1,1,1
usr_3062,2026-03-15 02:06:27.220052,1,2,0,0,0,1,0,0,0
usr_3063,,0,4,1,3,3,1,1,1,1
usr_3064,2026-01-28 05:50:08.232942,1,4,4,2,2,1,1,1,1
usr_3065,,0,10,6,4,1,1,1,1,1
usr_3066,,0,2,2,1,2,1,1,1,1
usr_3067,2026-02-02 07:08:09.013038,1,9,2,2,0,1,1,1,0
usr_3068,2026-04-25 09:07:05.014563,1,10,4,3,4,1,1,1,1
usr_3069,2026-02-07 05:55:11.452616,1,12,7,4,3,1,1,1,1
usr_3070,2026-01-30 01:48:50.121782,1,11,4,3,2,1,1,1,1
usr_3071,2026-02-03 14:29:04.751419,1,10,5,2,3,1,1,1,1
usr_3072,,0,5,6,0,2,1,1,0,1
usr_3073,2026-01-28 11:02:28.074073,1,3,3,0,0,1,1,0,0
usr_3074,2026-01-28 00:38:28.901038,1,16,5,10,4,1,1,1,1
usr_3075,2026-01-29 01:44:21.191286,1,0,0,0,0,0,0,0,0
usr_3076,2026-02-08 12:30:52.263666,1,2,0,2,0,1,0,1,0
usr_3077,2026-02-01 07:16:29.029638,1,9,2,1,2,1,1,1,1
usr_3078,,0,8,6,0,3,1,1,0,1
usr_3079,,0,11,4,3,0,1,1,1,0
usr_3080,2026-02-01 07:48:34.627767,1,13,10,3,2,1,1,1,1
usr_3081,,0,1,2,0,1,1,1,0,1
usr_3082,2026-02-17 21:45:33.501093,1,6,4,1,3,1,1,1,1
usr_3083,2026-02-10 23:51:49.506766,1,4,0,1,0,1,0,1,0
usr_3084,2026-02-05 08:07:58.762796,1,12,9,2,3,1,1,1,1
usr_3085,2026-01-29 21:43:49.960390,1,7,3,2,1,1,1,1,1
usr_3086,2026-01-29 05:12:35.687852,1,11,7,6,3,1,1,1,1
usr_3087,2026-01-29 21:35:45.308687,1,11,7,4,4,1,1,1,1
usr_3088,,0,7,6,3,2,1,1,1,1
usr_3089,,0,4,5,2,1,1,1,1,1
usr_3090,2026-01-30 14:07:25.218972,1,32,17,8,9,1,1,1,1
usr_3091,2026-02-10 11:38:28.733871,1,5,4,4,1,1,1,1,1
usr_3092,2026-01-30 22:56:06.573617,1,2,2,1,2,1,1,1,1
usr_3093,,0,12,2,0,2,1,1,0,1
usr_3094,,0,8,8,3,2,1,1,1,1
usr_3095,2026-02-23 03:52:33.074291,1,5,3,3,3,1,1,1,1
usr_3096,2026-02-10 21:47:21.374930,1,8,14,3,0,1,1,1,0
usr_3097,2026-02-02 00:30:36.814227,1,7,6,1,0,1,1,1,0
usr_3098,2026-02-09 21:28:37.037665,1,9,2,1,0,1,1,1,0
usr_3099,,0,6,1,1,0,1,1,1,0
usr_3100,2026-03-19 14:47:08.876273,1,11,9,5,3,1,1,1,1
usr_3101,2026-02-09 01:43:13.956883,1,8,2,4,1,1,1,1,1
usr_3102,2026-02-04 00:16:43.663453,1,13,5,4,2,1,1,1,1
usr_3103,2026-02-07 02:51:00.318969,1,2,2,3,1,1,1,1,1
usr_3104,2026-02-02 22:19:49.142224,1,5,3,4,2,1,1,1,1
usr_3105,2026-01-31 03:42:59.648816,1,29,17,13,6,1,1,1,1
usr_3106,,0,1,3,0,0,1,1,0,0
usr_3107,2026-02-24 23:47:08.803215,1,4,1,2,0,1,1,1,0
usr_3108,2026-01-31 18:03:20.316790,1,11,7,2,4,1,1,1,1
usr_3109,2026-02-01 20:45:09.932109,1,23,15,13,2,1,1,1,1
usr_3110,2026-02-06 00:27:13.497758,1,3,2,4,2,1,1,1,1
usr_3111,2026-02-07 09:15:35.457534,1,5,7,3,1,1,1,1,1
usr_3112,2026-02-11 07:35:26.097771,1,7,10,5,3,1,1,1,1
usr_3113,,0,5,2,1,1,1,1,1,1
usr_3114,,0,10,7,5,2,1,1,1,1
usr_3115,2026-02-18 01:38:54.178844,1,2,2,0,0,1,1,0,0
usr_3116,,0,13,6,3,0,1,1,1,0
usr_3117,2026-02-03 01:07:39.972276,1,7,2,1,1,1,1,1,1
usr_3118,2026-02-03 20:41:27.825622,1,2,0,0,2,1,0,0,1
usr_3119,2026-01-31 15:16:45.613917,1,8,2,2,2,1,1,1,1
usr_3120,2026-02-26 05:11:54.184643,1,10,6,1,2,1,1,1,1
usr_3121,2026-02-02 23:09:17.235867,1,9,7,4,4,1,1,1,1
usr_3122,2026-02-24 10:34:20.041432,1,11,7,7,5,1,1,1,1
usr_3123,2026-02-05 09:11:03.667702,1,7,0,3,3,1,0,1,1
usr_3124,,0,3,3,1,1,1,1,1,1
usr_3125,2026-02-01 11:14:24.801057,1,13,5,2,3,1,1,1,1
usr_3126,2026-02-07 10:21:00.416833,1,2,4,2,1,1,1,1,1
usr_3127,2026-02-04 02:02:56.875467,1,17,10,7,5,1,1,1,1
usr_3128,,0,21,6,4,3,1,1,1,1
usr_3129,,0,1,2,2,0,1,1,1,0
usr_3130,2026-02-02 10:31:24.031830,1,8,4,1,2,1,1,1,1
usr_3131,2026-02-01 12:50:29.880719,1,13,12,5,6,1,1,1,1
usr_3132,2026-02-04 00:14:32.519231,1,9,1,0,1,1,1,0,1
usr_3133,2026-02-08 09:04:40.728247,1,6,5,3,5,1,1,1,1
usr_3134,2026-02-04 23:48:46.976703,1,12,7,5,1,1,1,1,1
usr_3135,2026-02-01 14:44:48.112328,1,9,4,2,1,1,1,1,1
usr_3136,2026-02-05 20:15:32.159949,1,8,4,3,0,1,1,1,0
usr_3137,2026-02-03 15:25:37.521183,1,30,18,11,4,1,1,1,1
usr_3138,,0,3,2,1,4,1,1,1,1
usr_3139,2026-02-03 19:34:18.813690,1,6,3,3,0,1,1,1,0
usr_3140,2026-02-02 18:56:34.918218,1,22,11,5,0,1,1,1,0
usr_3141,2026-02-01 08:16:24.369856,1,11,3,4,2,1,1,1,1
usr_3142,2026-02-09 10:53:14.440486,1,16,14,7,2,1,1,1,1
usr_3143,2026-02-03 17:46:11.948474,1,6,3,2,1,1,1,1,1
usr_3144,,0,4,2,1,2,1,1,1,1
usr_3145,2026-02-19 17:29:07.425093,1,2,0,1,1,1,0,1,1
usr_3146,,0,6,1,3,3,1,1,1,1
usr_3147,2026-02-04 10:50:10.573697,1,9,6,5,2,1,1,1,1
usr_3148,2026-02-05 12:04:29.556696,1,11,9,4,5,1,1,1,1
usr_3149,2026-02-08 14:16:35.122072,1,8,2,1,3,1,1,1,1
usr_3150,2026-02-07 15:46:59.440306,1,3,4,3,1,1,1,1,1
usr_3151,2026-02-05 00:09:30.488248,1,7,0,3,3,1,0,1,1
usr_3152,2026-02-04 14:51:42.794036,1,6,4,2,0,1,1,1,0
usr_3153,2026-02-07 04:25:30.397926,1,8,2,2,1,1,1,1,1
usr_3154,,0,3,1,0,2,1,1,0,1
usr_3155,,0,4,1,1,1,1,1,1,1
usr_3156,2026-02-02 16:58:45.510613,1,1,1,0,0,1,1,0,0
usr_3157,2026-02-26 15:01:43.417244,1,8,2,1,2,1,1,1,1
usr_3158,2026-03-19 11:18:14.427671,1,12,9,2,3,1,1,1,1
usr_3159,2026-02-07 11:27:30.624651,1,14,5,2,2,1,1,1,1
usr_3160,2026-02-05 17:57:19.898741,1,17,11,2,4,1,1,1,1
usr_3161,,0,8,2,2,2,1,1,1,1
usr_3162,2026-02-15 12:42:41.586819,1,11,5,5,1,1,1,1,1
usr_3163,,0,2,0,1,0,1,0,1,0
usr_3164,,0,3,1,1,1,1,1,1,1
usr_3165,,0,20,12,5,6,1,1,1,1
usr_3166,2026-02-05 17:50:25.290447,1,5,5,3,1,1,1,1,1
usr_3167,2026-02-05 12:50:54.714483,1,12,5,3,1,1,1,1,1
usr_3168,,0,6,2,3,1,1,1,1,1
usr_3169,2026-02-04 19:26:46.896013,1,19,17,7,3,1,1,1,1
usr_3170,2026-02-18 06:49:58.775114,1,4,1,1,2,1,1,1,1
usr_3171,,0,3,2,1,0,1,1,1,0
usr_3172,,0,11,7,6,6,1,1,1,1
usr_3173,2026-02-04 04:09:53.242117,1,13,4,0,1,1,1,0,1
usr_3174,,0,1,2,2,2,1,1,1,1
usr_3175,2026-02-06 04:22:47.288158,1,24,18,3,11,1,1,1,1
usr_3176,,0,2,1,1,2,1,1,1,1
usr_3177,2026-02-10 15:10:28.160184,1,23,10,4,3,1,1,1,1
usr_3178,2026-03-11 01:34:27.705590,1,0,2,2,1,0,1,1,1
usr_3179,,0,6,3,1,3,1,1,1,1
usr_3180,2026-02-10 07:16:31.108607,1,13,3,3,2,1,1,1,1
usr_3181,2026-02-21 23:43:18.092345,1,18,11,4,4,1,1,1,1
usr_3182,2026-02-04 17:12:58.207121,1,10,4,4,1,1,1,1,1
usr_3183,2026-02-05 17:00:01.358341,1,9,5,2,1,1,1,1,1
usr_3184,2026-02-12 23:21:57.958587,1,1,2,4,0,1,1,1,0
usr_3185,,0,2,0,1,1,1,0,1,1
usr_3186,2026-02-13 07:51:04.873512,1,16,6,3,1,1,1,1,1
usr_3187,2026-02-22 14:43:09.324961,1,9,4,0,3,1,1,0,1
usr_3188,2026-02-08 09:31:23.991902,1,5,5,4,3,1,1,1,1
usr_3189,2026-02-05 09:44:34.315063,1,6,2,2,1,1,1,1,1
usr_3190,2026-02-07 13:48:56.821966,1,4,4,2,0,1,1,1,0
usr_3191,2026-02-06 04:43:41.565338,1,7,6,4,3,1,1,1,1
usr_3192,,0,2,3,0,0,1,1,0,0
usr_3193,,0,4,1,0,0,1,1,0,0
usr_3194,2026-02-08 13:30:17.280157,1,15,8,5,4,1,1,1,1
usr_3195,2026-02-13 10:33:57.890345,1,12,6,7,2,1,1,1,1
usr_3196,2026-02-15 10:20:11.138347,1,8,7,2,4,1,1,1,1
usr_3197,2026-02-07 11:54:36.978238,1,18,6,5,3,1,1,1,1
usr_3198,,0,23,15,5,3,1,1,1,1
usr_3199,2026-02-05 20:54:41.362550,1,14,14,3,2,1,1,1,1
usr_3200,,0,9,6,1,3,1,1,1,1
usr_3201,,0,12,4,1,2,1,1,1,1
usr_3202,2026-02-07 10:02:09.651271,1,4,4,4,2,1,1,1,1
usr_3203,2026-02-05 14:48:14.878440,1,6,2,0,2,1,1,0,1
usr_3204,2026-03-12 19:39:22.274072,1,15,7,1,2,1,1,1,1
usr_3205,2026-02-06 18:41:21.559483,1,6,8,4,7,1,1,1,1
usr_3206,2026-02-23 17:57:16.895412,1,5,2,2,3,1,1,1,1
usr_3207,,0,12,4,3,1,1,1,1,1
usr_3208,2026-02-15 11:15:22.273064,1,9,6,4,3,1,1,1,1
usr_3209,2026-03-18 03:42:53.431750,1,17,10,10,0,1,1,1,0
usr_3210,2026-02-09 21:16:45.241420,1,13,12,2,2,1,1,1,1
usr_3211,2026-02-06 15:45:48.802988,1,16,7,5,2,1,1,1,1
usr_3212,2026-02-09 17:17:06.177380,1,18,12,6,3,1,1,1,1
usr_3213,,0,12,10,2,2,1,1,1,1
usr_3214,2026-02-15 14:53:57.939910,1,2,4,2,0,1,1,1,0
usr_3215,,0,8,5,0,3,1,1,0,1
usr_3216,,0,2,0,2,1,1,0,1,1
usr_3217,,0,13,6,6,3,1,1,1,1
usr_3218,2026-02-08 18:17:04.209496,1,9,3,5,2,1,1,1,1
usr_3219,2026-02-07 20:11:02.040157,1,11,3,4,2,1,1,1,1
usr_3220,2026-02-19 02:34:08.655416,1,4,7,0,3,1,1,0,1
usr_3221,2026-02-09 19:55:54.451622,1,8,0,2,2,1,0,1,1
usr_3222,2026-03-11 13:47:15.611564,1,1,1,0,1,1,1,0,1
usr_3223,2026-02-08 12:43:22.517900,1,12,9,1,2,1,1,1,1
usr_3224,,0,6,5,3,2,1,1,1,1
usr_3225,2026-02-13 00:15:26.095827,1,5,0,2,2,1,0,1,1
usr_3226,2026-02-25 03:08:11.626788,1,4,3,2,0,1,1,1,0
usr_3227,2026-02-21 15:25:53.503670,1,4,2,2,3,1,1,1,1
usr_3228,2026-02-08 02:46:20.833473,1,22,4,4,0,1,1,1,0
usr_3229,2026-02-13 21:47:17.826719,1,10,2,3,4,1,1,1,1
usr_3230,2026-02-07 07:10:39.969295,1,13,6,3,5,1,1,1,1
usr_3231,2026-02-11 07:24:18.934497,1,12,11,5,1,1,1,1,1
usr_3232,,0,1,2,1,0,1,1,1,0
usr_3233,2026-02-12 09:57:05.694896,1,9,8,2,2,1,1,1,1
usr_3234,2026-02-20 05:59:57.099955,1,7,6,4,2,1,1,1,1
usr_3235,2026-02-10 12:54:20.569528,1,10,6,3,1,1,1,1,1
usr_3236,2026-02-08 19:13:42.183936,1,11,5,3,1,1,1,1,1
usr_3237,2026-02-09 22:53:43.433475,1,2,0,0,0,1,0,0,0
usr_3238,2026-02-11 09:28:33.200210,1,15,4,9,7,1,1,1,1
usr_3239,2026-02-13 00:25:42.482479,1,2,2,0,0,1,1,0,0
usr_3240,,0,12,6,3,1,1,1,1,1
usr_3241,2026-02-18 20:53:21.131336,1,6,8,2,0,1,1,1,0
usr_3242,2026-02-18 05:49:04.744739,1,7,4,4,1,1,1,1,1
usr_3243,2026-02-08 15:55:29.737573,1,9,2,1,0,1,1,1,0
usr_3244,2026-02-19 01:55:05.917647,1,5,4,0,1,1,1,0,1
usr_3245,2026-02-15 11:48:12.349588,1,6,0,2,0,1,0,1,0
usr_3246,2026-02-14 19:40:09.054724,1,18,13,9,8,1,1,1,1
usr_3247,2026-02-08 21:52:43.714659,1,8,11,8,2,1,1,1,1
usr_3248,2026-02-10 06:34:27.550131,1,13,11,4,2,1,1,1,1
usr_3249,2026-02-08 01:05:50.104117,1,10,7,1,2,1,1,1,1
usr_3250,,0,14,4,3,1,1,1,1,1
usr_3251,,0,6,1,5,0,1,1,1,0
usr_3252,2026-02-20 08:45:21.535204,1,8,6,1,1,1,1,1,1
usr_3253,2026-02-17 09:50:39.098825,1,0,2,0,0,0,1,0,0
usr_3254,2026-02-08 00:32:53.699369,1,3,2,0,1,1,1,0,1
usr_3255,2026-02-19 10:04:07.400866,1,16,7,7,2,1,1,1,1
usr_3256,2026-02-16 07:50:36.859620,1,13,5,5,3,1,1,1,1
usr_3257,2026-02-18 04:12:25.431012,1,22,5,5,5,1,1,1,1
usr_3258,,0,5,2,0,1,1,1,0,1
usr_3259,,0,5,4,2,0,1,1,1,0
usr_3260,,0,11,4,5,3,1,1,1,1
usr_3261,2026-02-12 04:38:01.866451,1,9,5,7,1,1,1,1,1
usr_3262,2026-02-12 22:43:15.575221,1,10,3,3,2,1,1,1,1
usr_3263,,0,2,1,0,0,1,1,0,0
usr_3264,,0,0,3,1,0,0,1,1,0
usr_3265,2026-02-27 07:25:27.505328,1,1,1,0,0,1,1,0,0
usr_3266,2026-02-16 09:09:42.117834,1,6,3,2,0,1,1,1,0
usr_3267,2026-03-14 21:51:50.972893,1,7,5,3,1,1,1,1,1
usr_3268,,0,3,0,5,1,1,0,1,1
usr_3269,2026-02-10 20:11:21.077468,1,1,1,0,0,1,1,0,0
usr_3270,2026-02-27 13:55:20.099677,1,10,6,5,1,1,1,1,1
usr_3271,2026-02-16 19:56:08.938587,1,23,6,4,2,1,1,1,1
usr_3272,2026-02-12 18:18:36.398937,1,9,6,4,2,1,1,1,1
usr_3273,2026-02-11 17:46:39.864581,1,8,6,4,0,1,1,1,0
usr_3274,2026-03-06 06:55:24.620208,1,6,2,4,0,1,1,1,0
usr_3275,2026-02-19 22:36:05.623267,1,4,0,0,1,1,0,0,1
usr_3276,2026-02-15 23:29:50.028578,1,5,6,3,1,1,1,1,1
usr_3277,,0,3,1,0,0,1,1,0,0
usr_3278,,0,2,3,2,1,1,1,1,1
usr_3279,2026-02-10 01:03:19.931427,1,6,6,4,1,1,1,1,1
usr_3280,2026-02-15 00:35:03.882638,1,2,2,3,2,1,1,1,1
usr_3281,2026-02-10 16:36:56.964273,1,13,9,2,4,1,1,1,1
usr_3282,2026-02-24 12:30:52.812771,1,11,4,1,6,1,1,1,1
usr_3283,,0,3,0,0,1,1,0,0,1
usr_3284,2026-02-12 10:54:16.937653,1,10,8,5,2,1,1,1,1
usr_3285,2026-02-23 09:45:50.217678,1,10,5,5,2,1,1,1,1
usr_3286,,0,2,1,1,0,1,1,1,0
usr_3287,2026-02-11 07:12:38.856452,1,7,3,3,1,1,1,1,1
usr_3288,,0,13,7,1,1,1,1,1,1
usr_3289,2026-02-17 20:35:30.189896,1,14,11,3,4,1,1,1,1
usr_3290,2026-02-11 04:26:55.524328,1,3,2,3,0,1,1,1,0
usr_3291,2026-02-12 06:31:17.660294,1,9,4,1,2,1,1,1,1
usr_3292,2026-03-06 06:34:39.104578,1,5,6,2,2,1,1,1,1
usr_3293,2026-02-13 16:39:18.098610,1,11,8,3,1,1,1,1,1
usr_3294,2026-02-11 17:55:09.436191,1,31,13,10,6,1,1,1,1
usr_3295,2026-02-13 08:02:20.161793,1,11,5,3,3,1,1,1,1
usr_3296,2026-02-14 20:51:52.068849,1,14,7,4,1,1,1,1,1
usr_3297,2026-03-06 03:01:11.763961,1,0,3,1,1,0,1,1,1
usr_3298,2026-02-21 23:43:36.797236,1,3,3,1,0,1,1,1,0
usr_3299,,0,7,2,1,1,1,1,1,1
usr_3300,2026-02-15 04:08:27.417511,1,9,2,2,2,1,1,1,1
usr_3301,2026-02-14 03:50:04.420521,1,9,4,2,5,1,1,1,1
usr_3302,2026-02-13 17:10:45.254776,1,1,0,0,0,1,0,0,0
usr_3303,2026-02-15 00:26:23.406727,1,4,2,4,5,1,1,1,1
usr_3304,2026-02-14 20:07:27.799826,1,0,3,1,0,0,1,1,0
usr_3305,2026-02-15 17:56:03.495123,1,7,4,2,0,1,1,1,0
usr_3306,2026-02-21 09:59:07.434325,1,3,2,4,1,1,1,1,1
usr_3307,2026-02-18 16:19:53.660387,1,7,3,0,5,1,1,0,1
usr_3308,2026-02-21 15:55:14.514391,1,25,9,5,6,1,1,1,1
usr_3309,,0,8,10,2,2,1,1,1,1
usr_3310,,0,4,0,1,0,1,0,1,0
usr_3311,,0,5,1,0,0,1,1,0,0
usr_3312,2026-02-17 16:37:09.321617,1,28,8,7,5,1,1,1,1
usr_3313,2026-02-26 00:33:49.612565,1,5,2,1,0,1,1,1,0
usr_3314,2026-02-20 07:54:18.646189,1,18,5,5,3,1,1,1,1
usr_3315,2026-02-20 19:38:41.446482,1,11,5,4,0,1,1,1,0
usr_3316,2026-02-25 16:30:09.483992,1,2,1,2,0,1,1,1,0
usr_3317,2026-03-08 16:25:13.058867,1,1,0,3,1,1,0,1,1
usr_3318,2026-02-24 06:25:52.850169,1,4,5,2,0,1,1,1,0
usr_3319,,0,2,0,2,0,1,0,1,0
usr_3320,2026-03-13 05:20:11.047171,1,11,3,2,0,1,1,1,0
usr_3321,2026-02-13 23:03:56.006339,1,22,17,7,5,1,1,1,1
usr_3322,2026-02-13 14:39:23.953914,1,27,11,18,7,1,1,1,1
usr_3323,2026-02-14 01:02:18.936309,1,16,12,8,2,1,1,1,1
usr_3324,2026-02-19 01:19:50.163843,1,4,5,0,2,1,1,0,1
usr_3325,,0,10,1,1,1,1,1,1,1
usr_3326,2026-02-21 04:56:09.699259,1,13,13,8,6,1,1,1,1
usr_3327,2026-02-13 08:06:46.260118,1,23,6,7,4,1,1,1,1
usr_3328,,0,8,2,2,2,1,1,1,1
usr_3329,2026-03-05 08:18:49.399870,1,15,4,6,3,1,1,1,1
usr_3330,,0,3,0,1,1,1,0,1,1
usr_3331,2026-02-21 07:50:35.163248,1,10,3,1,2,1,1,1,1
usr_3332,2026-02-20 05:28:12.452108,1,12,0,5,5,1,0,1,1
usr_3333,2026-02-15 18:06:06.207684,1,10,4,5,2,1,1,1,1
usr_3334,2026-02-16 21:46:36.778549,1,5,3,1,1,1,1,1,1
usr_3335,,0,5,8,1,0,1,1,1,0
usr_3336,2026-02-14 10:43:51.196271,1,28,21,8,7,1,1,1,1
usr_3337,2026-02-16 00:24:59.687917,1,9,5,1,2,1,1,1,1
usr_3338,2026-02-20 03:08:19.311995,1,2,2,1,0,1,1,1,0
usr_3339,,0,2,2,0,1,1,1,0,1
usr_3340,2026-02-14 10:22:48.738969,1,6,1,0,1,1,1,0,1
usr_3341,,0,5,3,0,2,1,1,0,1
usr_3342,2026-02-21 03:16:15.529834,1,12,8,3,3,1,1,1,1
usr_3343,2026-02-16 04:54:01.712249,1,12,6,1,0,1,1,1,0
usr_3344,,0,8,6,5,1,1,1,1,1
usr_3345,2026-02-22 11:45:58.329406,1,6,1,1,1,1,1,1,1
usr_3346,,0,10,2,0,2,1,1,0,1
usr_3347,2026-02-23 01:15:31.243836,1,16,11,8,8,1,1,1,1
usr_3348,,0,4,1,2,2,1,1,1,1
usr_3349,,0,13,1,4,1,1,1,1,1
usr_3350,2026-02-16 10:34:43.115002,1,16,10,8,1,1,1,1,1
usr_3351,2026-02-17 04:32:10.326939,1,30,14,7,11,1,1,1,1
usr_3352,2026-03-06 19:13:19.308793,1,5,3,1,2,1,1,1,1
usr_3353,2026-02-23 06:33:49.533378,1,8,7,3,4,1,1,1,1
usr_3354,2026-02-24 23:38:55.564125,1,2,3,0,2,1,1,0,1
usr_3355,,0,4,2,0,1,1,1,0,1
usr_3356,2026-03-04 19:56:55.596468,1,3,1,1,0,1,1,1,0
usr_3357,2026-02-17 16:05:32.999718,1,4,1,2,1,1,1,1,1
usr_3358,,0,3,3,3,1,1,1,1,1
usr_3359,2026-02-21 10:58:59.274375,1,17,8,6,4,1,1,1,1
usr_3360,2026-03-09 10:57:22.344159,1,1,6,6,2,1,1,1,1
usr_3361,2026-02-16 15:35:18.145781,1,9,2,3,3,1,1,1,1
usr_3362,2026-02-22 03:16:30.866466,1,8,6,2,1,1,1,1,1
usr_3363,2026-03-27 23:24:08.528375,1,5,7,3,0,1,1,1,0
usr_3364,2026-02-20 15:03:24.358141,1,10,16,4,5,1,1,1,1
usr_3365,,0,2,0,1,0,1,0,1,0
usr_3366,2026-02-19 05:09:24.853821,1,3,3,2,1,1,1,1,1
usr_3367,,0,6,5,3,1,1,1,1,1
usr_3368,,0,1,0,0,1,1,0,0,1
usr_3369,2026-03-05 06:15:58.530618,1,1,0,1,0,1,0,1,0
usr_3370,2026-04-15 11:33:29.946403,1,8,4,2,3,1,1,1,1
usr_3371,2026-02-18 19:00:23.237124,1,10,9,5,2,1,1,1,1
usr_3372,,0,2,1,1,2,1,1,1,1
usr_3373,,0,9,2,4,0,1,1,1,0
usr_3374,2026-02-25 18:41:04.516812,1,4,2,2,1,1,1,1,1
usr_3375,2026-02-23 04:56:49.870982,1,9,8,4,1,1,1,1,1
usr_3376,,0,3,4,0,1,1,1,0,1
usr_3377,2026-02-21 07:44:47.115165,1,4,2,0,0,1,1,0,0
usr_3378,2026-02-17 12:41:58.890862,1,8,3,8,0,1,1,1,0
usr_3379,2026-02-27 04:16:15.498390,1,3,4,2,1,1,1,1,1
usr_3380,,0,7,4,1,0,1,1,1,0
usr_3381,2026-02-18 14:26:14.026528,1,9,6,6,2,1,1,1,1
usr_3382,,0,4,3,1,1,1,1,1,1
usr_3383,2026-02-24 09:31:38.530408,1,11,3,0,2,1,1,0,1
usr_3384,,0,2,2,2,1,1,1,1,1
usr_3385,2026-02-21 14:52:59.128018,1,4,5,2,1,1,1,1,1
usr_3386,2026-02-20 07:41:05.600242,1,6,10,0,3,1,1,0,1
usr_3387,,0,0,1,0,1,0,1,0,1
usr_3388,2026-02-24 02:22:29.576315,1,4,7,1,2,1,1,1,1
usr_3389,,0,7,2,3,2,1,1,1,1
usr_3390,,0,7,7,0,4,1,1,0,1
usr_3391,2026-02-26 07:09:01.609712,1,16,7,8,4,1,1,1,1
usr_3392,,0,8,9,5,0,1,1,1,0
usr_3393,2026-03-11 10:48:54.689689,1,5,3,1,2,1,1,1,1
usr_3394,,0,2,1,0,1,1,1,0,1
usr_3395,2026-02-21 23:19:21.792751,1,9,5,5,0,1,1,1,0
usr_3396,2026-02-21 16:15:44.068199,1,9,5,1,2,1,1,1,1
usr_3397,2026-02-20 09:51:44.572088,1,10,4,2,8,1,1,1,1
usr_3398,2026-02-25 17:21:58.461656,1,7,5,4,5,1,1,1,1
usr_3399,2026-02-28 12:56:01.634844,1,7,3,3,2,1,1,1,1
usr_3400,2026-03-02 02:10:24.376019,1,6,6,6,1,1,1,1,1
usr_3401,2026-02-25 02:31:33.433111,1,23,5,6,4,1,1,1,1
usr_3402,2026-04-18 07:34:49.118046,1,1,2,2,1,1,1,1,1
usr_3403,,0,6,2,0,1,1,1,0,1
usr_3404,2026-03-05 20:52:12.675028,1,7,4,1,2,1,1,1,1
usr_3405,,0,4,7,1,1,1,1,1,1
usr_3406,2026-02-22 05:01:35.150926,1,7,1,2,1,1,1,1,1
usr_3407,2026-03-06 17:49:29.465182,1,11,6,5,1,1,1,1,1
usr_3408,2026-03-12 01:25:45.635184,1,9,8,3,1,1,1,1,1
usr_3409,2026-02-22 19:13:31.330095,1,23,14,10,4,1,1,1,1
usr_3410,,0,2,1,0,1,1,1,0,1
usr_3411,2026-02-23 01:52:31.213683,1,17,12,6,6,1,1,1,1
usr_3412,,0,3,1,0,3,1,1,0,1
usr_3413,2026-03-01 08:34:14.150522,1,7,4,1,1,1,1,1,1
usr_3414,2026-02-24 06:08:21.726970,1,5,7,4,1,1,1,1,1
usr_3415,2026-03-20 08:39:29.562266,1,7,3,1,1,1,1,1,1
usr_3416,,0,13,15,1,2,1,1,1,1
usr_3417,,0,2,3,1,2,1,1,1,1
usr_3418,2026-03-02 12:47:59.520497,1,3,3,4,2,1,1,1,1
usr_3419,2026-02-26 03:32:42.932663,1,9,2,4,3,1,1,1,1
usr_3420,2026-02-25 08:29:27.272672,1,29,6,5,2,1,1,1,1
usr_3421,,0,2,2,1,0,1,1,1,0
usr_3422,2026-02-21 06:14:35.430380,1,6,1,0,1,1,1,0,1
usr_3423,2026-02-26 17:22:48.695951,1,3,0,1,0,1,0,1,0
usr_3424,2026-02-24 01:37:49.404948,1,9,5,2,1,1,1,1,1
usr_3425,2026-03-18 04:16:48.922623,1,9,7,3,3,1,1,1,1
usr_3426,2026-02-21 04:03:54.766889,1,17,8,3,1,1,1,1,1
usr_3427,2026-02-23 11:56:50.276184,1,6,2,2,0,1,1,1,0
usr_3428,2026-02-25 12:57:16.094484,1,13,5,6,3,1,1,1,1
usr_3429,2026-03-02 15:33:34.439463,1,5,3,7,1,1,1,1,1
usr_3430,,0,2,1,0,2,1,1,0,1
usr_3431,2026-02-21 20:54:00.296388,1,3,8,6,1,1,1,1,1
usr_3432,,0,1,4,2,0,1,1,1,0
usr_3433,,0,2,0,0,1,1,0,0,1
usr_3434,2026-02-26 07:32:06.685733,1,5,3,0,1,1,1,0,1
usr_3435,,0,1,1,1,1,1,1,1,1
usr_3436,2026-02-27 14:01:24.501132,1,1,1,0,0,1,1,0,0
usr_3437,,0,7,4,0,2,1,1,0,1
usr_3438,2026-03-31 16:26:25.816239,1,3,2,0,1,1,1,0,1
usr_3439,2026-02-23 03:16:53.244023,1,13,8,3,2,1,1,1,1
usr_3440,,0,3,0,0,0,1,0,0,0
usr_3441,,0,4,2,3,1,1,1,1,1
usr_3442,,0,4,4,3,2,1,1,1,1
usr_3443,2026-03-06 16:10:24.332276,1,21,6,10,3,1,1,1,1
usr_3444,2026-03-05 15:18:25.859291,1,16,7,6,2,1,1,1,1
usr_3445,,0,4,0,0,0,1,0,0,0
usr_3446,2026-03-04 13:18:55.860995,1,13,1,4,2,1,1,1,1
usr_3447,,0,6,4,0,1,1,1,0,1
usr_3448,,0,6,2,2,2,1,1,1,1
usr_3449,2026-03-08 02:33:02.118385,1,2,3,0,1,1,1,0,1
usr_3450,2026-02-28 06:59:44.606871,1,4,4,3,0,1,1,1,0
usr_3451,2026-03-02 11:25:40.528306,1,25,16,4,5,1,1,1,1
usr_3452,,0,3,2,0,1,1,1,0,1
usr_3453,,0,2,1,1,0,1,1,1,0
usr_3454,2026-03-26 12:51:39.370992,1,4,3,2,2,1,1,1,1
usr_3455,2026-02-23 13:37:02.197123,1,18,10,5,2,1,1,1,1
usr_3456,,0,7,3,3,0,1,1,1,0
usr_3457,,0,3,1,0,0,1,1,0,0
usr_3458,2026-02-26 08:12:18.607407,1,7,5,3,3,1,1,1,1
usr_3459,2026-02-26 01:11:32.934355,1,16,5,6,0,1,1,1,0
usr_3460,2026-03-08 01:46:31.418755,1,8,2,2,2,1,1,1,1
usr_3461,,0,6,6,3,2,1,1,1,1
usr_3462,2026-02-28 05:37:15.426729,1,9,5,0,1,1,1,0,1
usr_3463,2026-02-26 12:30:08.024575,1,3,5,3,2,1,1,1,1
usr_3464,2026-03-18 04:43:34.789136,1,3,1,0,0,1,1,0,0
usr_3465,2026-02-25 23:39:19.805417,1,23,11,4,3,1,1,1,1
usr_3466,2026-03-02 10:48:45.938860,1,9,4,3,4,1,1,1,1
usr_3467,2026-03-22 12:51:38.662398,1,14,10,5,3,1,1,1,1
usr_3468,2026-03-15 22:00:14.669378,1,7,3,4,2,1,1,1,1
usr_3469,2026-03-12 01:26:03.744865,1,2,2,1,0,1,1,1,0
usr_3470,,0,3,5,1,1,1,1,1,1
usr_3471,2026-03-17 18:32:18.836778,1,10,6,0,4,1,1,0,1
usr_3472,2026-03-04 21:06:42.083931,1,15,7,6,6,1,1,1,1
usr_3473,,0,2,3,1,0,1,1,1,0
usr_3474,,0,4,1,0,1,1,1,0,1
usr_3475,2026-02-27 18:40:48.053069,1,10,0,4,2,1,0,1,1
usr_3476,2026-03-23 12:55:01.715722,1,11,4,9,4,1,1,1,1
usr_3477,2026-02-28 00:12:43.806537,1,9,6,2,0,1,1,1,0
usr_3478,2026-02-25 00:50:38.532457,1,10,7,3,1,1,1,1,1
usr_3479,2026-04-14 16:10:35.400204,1,6,3,1,1,1,1,1,1
usr_3480,2026-02-25 11:51:21.958361,1,13,9,4,1,1,1,1,1
usr_3481,,0,4,3,1,0,1,1,1,0
usr_3482,,0,6,4,1,0,1,1,1,0
usr_3483,2026-02-26 00:14:05.161562,1,4,0,0,0,1,0,0,0
usr_3484,2026-02-26 18:38:52.624801,1,17,14,8,4,1,1,1,1
usr_3485,2026-03-14 22:18:27.485498,1,11,6,3,8,1,1,1,1
usr_3486,,0,5,3,3,0,1,1,1,0
usr_3487,2026-02-25 05:19:10.526723,1,12,1,5,3,1,1,1,1
usr_3488,2026-03-03 04:06:18.855164,1,5,2,3,1,1,1,1,1
usr_3489,2026-03-12 07:48:47.699266,1,10,12,1,2,1,1,1,1
usr_3490,,0,2,6,2,2,1,1,1,1
usr_3491,,0,0,1,1,0,0,1,1,0
usr_3492,,0,3,1,4,0,1,1,1,0
usr_3493,2026-03-02 17:13:34.225723,1,13,4,4,1,1,1,1,1
usr_3494,2026-02-26 05:47:14.450192,1,4,2,1,0,1,1,1,0
usr_3495,2026-03-01 13:22:50.140505,1,13,7,3,4,1,1,1,1
usr_3496,2026-03-01 16:50:25.530874,1,14,9,1,2,1,1,1,1
usr_3497,2026-03-01 12:40:32.201288,1,19,11,6,1,1,1,1,1
usr_3498,,0,10,8,1,1,1,1,1,1
usr_3499,2026-03-13 21:20:48.554874,1,2,2,2,1,1,1,1,1
usr_3500,,0,5,5,0,1,1,1,0,1
usr_3501,,0,5,2,2,1,1,1,1,1
usr_3502,,0,21,15,8,4,1,1,1,1
usr_3503,,0,2,2,2,1,1,1,1,1
usr_3504,2026-03-22 05:21:39.372791,1,6,1,0,2,1,1,0,1
usr_3505,,0,5,3,1,0,1,1,1,0
usr_3506,2026-02-28 02:26:25.831804,1,5,3,3,0,1,1,1,0
usr_3507,2026-04-15 09:54:54.410704,1,9,3,3,2,1,1,1,1
usr_3508,2026-03-07 19:17:28.723753,1,10,3,3,0,1,1,1,0
usr_3509,2026-03-06 13:23:03.557711,1,3,3,1,4,1,1,1,1
usr_3510,,0,3,5,3,0,1,1,1,0
usr_3511,2026-03-02 06:55:08.483925,1,6,3,2,0,1,1,1,0
usr_3512,2026-03-21 11:57:08.714482,1,12,5,1,4,1,1,1,1
usr_3513,2026-03-11 03:19:40.093680,1,21,14,9,4,1,1,1,1
usr_3514,2026-03-06 14:00:21.317375,1,1,3,2,0,1,1,1,0
usr_3515,,0,0,2,3,0,0,1,1,0
usr_3516,2026-03-05 05:29:13.516159,1,17,7,4,6,1,1,1,1
usr_3517,2026-03-29 20:31:12.745759,1,7,5,0,1,1,1,0,1
usr_3518,2026-02-28 00:44:06.756541,1,18,10,5,1,1,1,1,1
usr_3519,,0,7,4,2,4,1,1,1,1
usr_3520,2026-03-29 13:55:28.304779,1,5,2,3,2,1,1,1,1
usr_3521,2026-02-28 16:56:10.698535,1,9,7,6,3,1,1,1,1
usr_3522,2026-03-04 13:07:44.900029,1,17,7,7,1,1,1,1,1
usr_3523,2026-03-07 07:12:41.290950,1,6,2,3,1,1,1,1,1
usr_3524,,0,8,4,0,1,1,1,0,1
usr_3525,,0,15,10,7,3,1,1,1,1
usr_3526,,0,4,3,0,0,1,1,0,0
usr_3527,2026-03-07 04:35:41.485237,1,3,1,1,0,1,1,1,0
usr_3528,,0,1,2,0,0,1,1,0,0
usr_3529,2026-03-03 22:47:49.146715,1,19,17,5,2,1,1,1,1
usr_3530,2026-03-16 03:42:52.584774,1,8,5,2,3,1,1,1,1
usr_3531,,0,6,7,5,1,1,1,1,1
usr_3532,2026-03-01 09:50:52.565022,1,0,1,1,0,0,1,1,0
usr_3533,2026-03-01 01:07:44.718244,1,11,11,4,2,1,1,1,1
usr_3534,2026-03-04 20:04:06.776846,1,11,4,3,1,1,1,1,1
usr_3535,2026-03-02 05:45:17.751071,1,4,4,1,2,1,1,1,1
usr_3536,,0,6,2,4,2,1,1,1,1
usr_3537,2026-03-02 04:59:37.941773,1,7,5,4,3,1,1,1,1
usr_3538,2026-03-05 09:27:35.535135,1,5,1,3,2,1,1,1,1
usr_3539,2026-04-20 20:53:24.855200,1,5,3,1,3,1,1,1,1
usr_3540,2026-05-22 13:59:13.845316,1,14,9,4,4,1,1,1,1
usr_3541,2026-03-12 00:27:43.530719,1,11,5,2,0,1,1,1,0
usr_3542,2026-03-06 22:10:15.484456,1,1,4,0,1,1,1,0,1
usr_3543,2026-03-12 21:22:14.120163,1,14,4,4,2,1,1,1,1
usr_3544,2026-03-04 14:05:04.666040,1,4,8,2,1,1,1,1,1
usr_3545,2026-03-28 22:38:57.852537,1,2,2,0,1,1,1,0,1
usr_3546,2026-03-15 00:08:29.454781,1,8,4,1,3,1,1,1,1
usr_3547,2026-03-08 00:01:41.844267,1,2,0,0,0,1,0,0,0
usr_3548,2026-03-04 20:28:01.885529,1,4,8,2,1,1,1,1,1
usr_3549,2026-03-31 03:04:06.810905,1,4,1,1,1,1,1,1,1
usr_3550,,0,15,11,1,1,1,1,1,1
usr_3551,2026-03-16 20:27:02.791337,1,9,4,1,1,1,1,1,1
usr_3552,2026-03-04 19:28:17.815165,1,2,3,1,2,1,1,1,1
usr_3553,,0,12,0,5,1,1,0,1,1
usr_3554,2026-04-01 19:03:14.299122,1,5,1,1,1,1,1,1,1
usr_3555,,0,5,4,4,0,1,1,1,0
usr_3556,,0,6,2,1,2,1,1,1,1
usr_3557,,0,3,0,2,1,1,0,1,1
usr_3558,2026-03-25 14:32:08.507680,1,2,3,1,3,1,1,1,1
usr_3559,,0,6,2,0,0,1,1,0,0
usr_3560,2026-03-07 22:05:16.086335,1,12,6,0,3,1,1,0,1
usr_3561,2026-03-09 00:39:08.122314,1,21,9,9,5,1,1,1,1
usr_3562,2026-03-03 00:09:20.500389,1,9,5,1,2,1,1,1,1
usr_3563,2026-03-10 14:43:47.135721,1,4,6,5,0,1,1,1,0
usr_3564,2026-03-09 14:29:00.170628,1,17,12,8,5,1,1,1,1
usr_3565,2026-03-11 02:07:01.564713,1,14,5,5,1,1,1,1,1
usr_3566,,0,3,1,0,0,1,1,0,0
usr_3567,,0,6,3,2,0,1,1,1,0
usr_3568,,0,3,3,0,0,1,1,0,0
usr_3569,2026-05-07 13:53:42.534778,1,11,6,1,0,1,1,1,0
usr_3570,2026-03-05 00:29:42.459198,1,25,13,8,11,1,1,1,1
usr_3571,2026-03-07 20:59:35.458668,1,22,8,2,6,1,1,1,1
usr_3572,,0,1,0,0,0,1,0,0,0
usr_3573,2026-03-06 23:16:46.460327,1,11,8,3,2,1,1,1,1
usr_3574,2026-03-08 22:42:34.248234,1,12,10,4,1,1,1,1,1
usr_3575,2026-03-13 23:04:55.997593,1,16,4,3,0,1,1,1,0
usr_3576,2026-03-13 14:36:48.283257,1,3,4,1,0,1,1,1,0
usr_3577,2026-03-15 20:24:01.893620,1,2,4,2,3,1,1,1,1
usr_3578,,0,0,0,0,0,0,0,0,0
usr_3579,2026-03-06 21:21:31.444509,1,6,5,1,1,1,1,1,1
usr_3580,2026-03-30 14:39:34.140334,1,7,4,3,1,1,1,1,1
usr_3581,2026-03-07 20:17:27.872784,1,28,8,8,7,1,1,1,1
usr_3582,2026-03-10 10:23:09.841110,1,13,3,6,0,1,1,1,0
usr_3583,2026-03-16 02:34:47.525595,1,2,2,0,1,1,1,0,1
usr_3584,,0,4,2,5,0,1,1,1,0
usr_3585,2026-04-05 10:48:29.956247,1,4,4,3,0,1,1,1,0
usr_3586,2026-03-09 04:47:11.406315,1,8,4,0,1,1,1,0,1
usr_3587,2026-03-18 18:14:52.846735,1,7,1,1,2,1,1,1,1
usr_3588,2026-03-16 16:51:51.681993,1,5,0,1,2,1,0,1,1
usr_3589,2026-03-21 15:52:24.308691,1,8,0,5,2,1,0,1,1
usr_3590,2026-03-06 08:58:53.300435,1,33,14,10,3,1,1,1,1
usr_3591,,0,2,1,1,0,1,1,1,0
usr_3592,,0,3,3,1,0,1,1,1,0
usr_3593,2026-03-06 18:52:38.768315,1,7,7,2,4,1,1,1,1
usr_3594,2026-03-07 14:06:35.297327,1,10,5,4,3,1,1,1,1
usr_3595,,0,2,2,0,0,1,1,0,0
usr_3596,,0,1,0,0,0,1,0,0,0
usr_3597,,0,7,2,0,0,1,1,0,0
usr_3598,,0,5,3,1,2,1,1,1,1
usr_3599,2026-03-07 19:32:59.478309,1,40,25,8,8,1,1,1,1
usr_3600,2026-03-16 08:34:19.863580,1,10,6,7,1,1,1,1,1
usr_3601,,0,11,4,4,4,1,1,1,1
usr_3602,2026-03-08 06:29:12.609587,1,5,1,3,1,1,1,1,1
usr_3603,2026-03-09 10:54:29.334788,1,10,7,3,4,1,1,1,1
usr_3604,,0,2,0,0,0,1,0,0,0
usr_3605,,0,6,6,3,1,1,1,1,1
usr_3606,2026-03-19 16:15:43.133232,1,11,7,0,5,1,1,0,1
usr_3607,2026-03-23 08:19:33.650119,1,15,9,1,1,1,1,1,1
usr_3608,2026-03-09 16:51:56.437500,1,12,7,6,1,1,1,1,1
usr_3609,2026-03-10 03:17:15.006472,1,21,13,5,6,1,1,1,1
usr_3610,,0,0,0,0,0,0,0,0,0
usr_3611,,0,1,2,0,0,1,1,0,0
usr_3612,2026-03-07 11:19:45.446993,1,8,7,2,0,1,1,1,0
usr_3613,2026-03-14 22:35:39.153318,1,7,2,0,0,1,1,0,0
usr_3614,2026-03-12 20:19:04.883483,1,11,3,2,1,1,1,1,1
usr_3615,,0,11,7,8,1,1,1,1,1
usr_3616,2026-03-08 19:38:25.521379,1,8,2,3,1,1,1,1,1
usr_3617,,0,1,2,0,0,1,1,0,0
usr_3618,2026-03-15 15:52:30.421134,1,6,5,1,0,1,1,1,0
usr_3619,2026-03-27 01:42:27.661946,1,5,2,0,1,1,1,0,1
usr_3620,2026-03-10 23:15:37.224980,1,9,2,3,2,1,1,1,1
usr_3621,,0,2,6,2,1,1,1,1,1
usr_3622,2026-03-22 16:20:09.892855,1,7,4,4,0,1,1,1,0
usr_3623,2026-03-08 19:58:39.260528,1,13,4,5,1,1,1,1,1
usr_3624,2026-04-14 03:49:00.261106,1,2,3,0,2,1,1,0,1
usr_3625,,0,1,1,1,1,1,1,1,1
usr_3626,2026-03-10 12:28:02.501233,1,7,2,3,3,1,1,1,1
usr_3627,2026-03-10 03:22:17.711034,1,9,3,1,4,1,1,1,1
usr_3628,2026-03-29 14:34:22.484664,1,6,0,0,0,1,0,0,0
usr_3629,2026-03-18 03:33:02.728419,1,2,1,1,0,1,1,1,0
usr_3630,,0,4,3,0,0,1,1,0,0
usr_3631,2026-04-13 00:31:57.624803,1,4,4,5,1,1,1,1,1
usr_3632,2026-03-13 16:20:39.942519,1,5,4,3,1,1,1,1,1
usr_3633,2026-03-20 11:23:26.226081,1,10,7,5,1,1,1,1,1
usr_3634,,0,6,0,0,0,1,0,0,0
usr_3635,,0,4,4,1,1,1,1,1,1
usr_3636,2026-03-14 01:50:42.023165,1,8,1,4,2,1,1,1,1
usr_3637,2026-03-18 04:42:08.934448,1,10,5,2,3,1,1,1,1
usr_3638,2026-03-14 09:40:59.201229,1,13,3,6,3,1,1,1,1
usr_3639,,0,3,0,0,0,1,0,0,0
usr_3640,,0,7,0,3,0,1,0,1,0
usr_3641,2026-03-13 07:37:02.748310,1,11,2,5,1,1,1,1,1
usr_3642,2026-03-11 17:01:33.021905,1,3,2,1,0,1,1,1,0
usr_3643,,0,5,2,1,1,1,1,1,1
usr_3644,,0,1,2,1,0,1,1,1,0
usr_3645,2026-04-02 06:55:04.911617,1,8,2,2,2,1,1,1,1
usr_3646,,0,15,4,6,0,1,1,1,0
usr_3647,2026-03-10 21:48:16.661495,1,23,14,11,7,1,1,1,1
usr_3648,2026-03-12 21:57:59.144885,1,23,5,10,2,1,1,1,1
usr_3649,2026-04-12 11:52:45.157471,1,12,2,3,2,1,1,1,1
usr_3650,2026-03-26 03:57:42.731252,1,6,8,6,1,1,1,1,1
usr_3651,,0,3,0,0,0,1,0,0,0
usr_3652,2026-03-11 13:00:30.541477,1,26,15,7,5,1,1,1,1
usr_3653,2026-03-21 05:35:39.275412,1,3,3,3,0,1,1,1,0
usr_3654,,0,2,1,0,1,1,1,0,1
usr_3655,,0,10,2,5,1,1,1,1,1
usr_3656,,0,5,1,2,2,1,1,1,1
usr_3657,2026-03-14 14:56:02.284927,1,11,7,5,1,1,1,1,1
usr_3658,,0,2,4,0,0,1,1,0,0
usr_3659,2026-03-23 05:31:37.387747,1,2,2,1,4,1,1,1,1
usr_3660,2026-03-15 06:57:31.339174,1,1,0,0,0,1,0,0,0
usr_3661,2026-03-12 02:56:19.401936,1,25,10,6,6,1,1,1,1
usr_3662,2026-03-29 22:23:23.328123,1,3,7,1,2,1,1,1,1
usr_3663,,0,5,2,0,1,1,1,0,1
usr_3664,2026-04-13 17:34:57.613561,1,2,6,5,4,1,1,1,1
usr_3665,2026-03-11 01:10:29.335109,1,7,3,4,1,1,1,1,1
usr_3666,,0,0,5,0,0,0,1,0,0
usr_3667,2026-04-09 22:08:52.088004,1,1,4,0,0,1,1,0,0
usr_3668,,0,1,2,0,0,1,1,0,0
usr_3669,2026-03-21 00:16:38.560369,1,3,3,1,1,1,1,1,1
usr_3670,2026-03-12 05:20:33.836544,1,5,4,3,4,1,1,1,1
usr_3671,2026-03-15 02:12:17.406229,1,4,3,1,0,1,1,1,0
usr_3672,2026-03-12 17:47:30.799855,1,7,4,1,2,1,1,1,1
usr_3673,2026-03-14 12:00:18.680668,1,9,4,4,2,1,1,1,1
usr_3674,2026-03-19 02:36:24.938142,1,7,3,3,1,1,1,1,1
usr_3675,,0,4,1,2,1,1,1,1,1
usr_3676,2026-03-14 08:51:04.170271,1,4,3,2,1,1,1,1,1
usr_3677,2026-03-11 22:48:10.894014,1,12,10,5,2,1,1,1,1
usr_3678,,0,1,2,0,1,1,1,0,1
usr_3679,2026-03-15 13:03:54.360622,1,10,5,5,3,1,1,1,1
usr_3680,2026-03-15 23:56:58.059968,1,11,4,2,1,1,1,1,1
usr_3681,2026-03-13 19:36:56.129964,1,5,2,0,0,1,1,0,0
usr_3682,,0,6,3,3,2,1,1,1,1
usr_3683,2026-03-12 19:30:46.670150,1,5,5,2,0,1,1,1,0
usr_3684,2026-03-29 05:33:49.828539,1,4,2,2,1,1,1,1,1
usr_3685,,0,5,1,0,0,1,1,0,0
usr_3686,,0,2,1,2,2,1,1,1,1
usr_3687,2026-03-12 12:49:17.980108,1,3,4,4,2,1,1,1,1
usr_3688,2026-03-23 23:28:12.007912,1,9,9,5,1,1,1,1,1
usr_3689,2026-03-13 12:26:53.805691,1,4,6,4,1,1,1,1,1
usr_3690,2026-03-13 11:03:58.181267,1,27,16,5,7,1,1,1,1
usr_3691,2026-03-16 17:34:37.519492,1,6,1,1,1,1,1,1,1
usr_3692,2026-03-16 20:37:32.462750,1,13,6,3,4,1,1,1,1
usr_3693,2026-03-19 12:06:26.705418,1,5,9,8,2,1,1,1,1
usr_3694,2026-03-15 20:46:16.517111,1,23,13,3,4,1,1,1,1
usr_3695,,0,3,1,0,0,1,1,0,0
usr_3696,2026-03-13 05:53:58.015151,1,12,8,8,1,1,1,1,1
usr_3697,2026-05-06 00:35:44.091765,1,6,2,0,1,1,1,0,1
usr_3698,2026-03-16 07:24:41.224959,1,14,8,5,1,1,1,1,1
usr_3699,2026-03-19 18:21:49.130349,1,1,1,1,1,1,1,1,1
usr_3700,2026-03-23 13:01:38.216587,1,6,3,3,3,1,1,1,1
usr_3701,,0,9,1,1,0,1,1,1,0
usr_3702,2026-03-25 13:14:01.096515,1,7,2,2,0,1,1,1,0
usr_3703,2026-04-12 22:57:05.798721,1,3,1,2,1,1,1,1,1
usr_3704,,0,9,4,3,2,1,1,1,1
usr_3705,2026-03-14 08:44:39.264963,1,6,5,5,4,1,1,1,1
usr_3706,,0,2,2,1,0,1,1,1,0
usr_3707,2026-03-18 01:42:42.156298,1,4,1,2,1,1,1,1,1
usr_3708,,0,4,0,1,1,1,0,1,1
usr_3709,2026-03-14 03:23:28.232018,1,34,29,7,7,1,1,1,1
usr_3710,2026-03-15 10:17:35.592724,1,20,11,12,3,1,1,1,1
usr_3711,,0,4,3,1,1,1,1,1,1
usr_3712,2026-03-17 11:36:22.140652,1,2,1,2,0,1,1,1,0
usr_3713,2026-03-21 00:03:43.695277,1,14,7,4,0,1,1,1,0
usr_3714,2026-03-15 02:54:23.244247,1,18,7,4,4,1,1,1,1
usr_3715,2026-03-25 09:39:32.017419,1,17,9,3,2,1,1,1,1
usr_3716,2026-03-15 16:54:31.302403,1,9,2,6,1,1,1,1,1
usr_3717,,0,2,3,1,0,1,1,1,0
usr_3718,,0,7,4,0,1,1,1,0,1
usr_3719,2026-03-15 16:36:58.258118,1,12,6,3,4,1,1,1,1
usr_3720,2026-03-19 13:05:02.769893,1,6,7,3,2,1,1,1,1
usr_3721,2026-03-16 09:06:03.969592,1,8,3,2,2,1,1,1,1
usr_3722,2026-04-19 03:46:15.175884,1,16,4,4,4,1,1,1,1
usr_3723,2026-03-18 11:02:52.128016,1,11,5,5,2,1,1,1,1
usr_3724,2026-03-17 05:51:52.933352,1,6,9,2,1,1,1,1,1
usr_3725,,0,17,3,7,2,1,1,1,1
usr_3726,2026-03-21 08:34:52.612342,1,16,4,5,1,1,1,1,1
usr_3727,2026-03-27 23:15:49.470423,1,3,3,2,1,1,1,1,1
usr_3728,2026-03-21 18:18:01.473886,1,1,2,2,0,1,1,1,0
usr_3729,2026-03-24 17:21:10.166620,1,19,9,2,3,1,1,1,1
usr_3730,2026-03-18 07:41:10.430559,1,17,6,5,2,1,1,1,1
usr_3731,2026-04-08 19:30:46.230899,1,5,4,2,1,1,1,1,1
usr_3732,2026-04-08 07:02:07.233597,1,3,3,1,0,1,1,1,0
usr_3733,2026-03-25 14:38:53.319489,1,5,4,3,1,1,1,1,1
usr_3734,2026-04-16 13:41:35.711032,1,13,5,8,1,1,1,1,1
usr_3735,,0,6,2,0,0,1,1,0,0
usr_3736,,0,5,2,2,0,1,1,1,0
usr_3737,2026-03-20 23:35:19.952637,1,11,9,3,6,1,1,1,1
usr_3738,,0,8,4,2,1,1,1,1,1
usr_3739,,0,12,4,0,3,1,1,0,1
usr_3740,,0,2,3,0,0,1,1,0,0
usr_3741,,0,5,0,2,1,1,0,1,1
usr_3742,2026-03-28 17:16:35.674158,1,16,4,2,2,1,1,1,1
usr_3743,2026-03-17 08:55:08.484935,1,10,9,5,2,1,1,1,1
usr_3744,2026-03-20 03:27:39.567759,1,1,1,1,0,1,1,1,0
usr_3745,2026-04-12 04:46:12.369929,1,6,4,0,3,1,1,0,1
usr_3746,,0,11,6,4,4,1,1,1,1
usr_3747,,0,0,1,1,1,0,1,1,1
usr_3748,,0,5,0,0,0,1,0,0,0
usr_3749,2026-03-28 12:01:41.735042,1,6,4,0,0,1,1,0,0
usr_3750,2026-03-23 03:38:27.552215,1,7,4,6,4,1,1,1,1
usr_3751,2026-04-04 08:04:47.338355,1,3,2,2,1,1,1,1,1
usr_3752,,0,2,2,0,0,1,1,0,0
usr_3753,,0,4,3,2,1,1,1,1,1
usr_3754,2026-03-19 20:27:30.737959,1,25,18,13,7,1,1,1,1
usr_3755,2026-03-25 12:26:10.270048,1,6,8,1,0,1,1,1,0
usr_3756,2026-03-18 03:09:11.667251,1,13,2,4,0,1,1,1,0
usr_3757,2026-03-21 13:13:46.857529,1,8,2,1,3,1,1,1,1
usr_3758,,0,1,2,0,0,1,1,0,0
usr_3759,,0,1,1,3,2,1,1,1,1
usr_3760,2026-03-22 01:08:13.320359,1,4,0,0,1,1,0,0,1
usr_3761,,0,4,0,1,1,1,0,1,1
usr_3762,2026-04-01 06:29:27.530111,1,17,4,9,1,1,1,1,1
usr_3763,2026-03-31 14:31:11.849073,1,15,7,5,4,1,1,1,1
usr_3764,2026-03-20 10:02:17.692916,1,15,9,5,1,1,1,1,1
usr_3765,2026-03-23 01:27:10.294033,1,22,9,6,2,1,1,1,1
usr_3766,2026-03-20 03:19:49.749207,1,7,0,1,1,1,0,1,1
usr_3767,,0,8,6,4,2,1,1,1,1
usr_3768,,0,8,0,1,1,1,0,1,1
usr_3769,2026-03-23 07:26:37.030101,1,19,6,2,4,1,1,1,1
usr_3770,2026-04-08 22:11:52.640948,1,2,1,2,0,1,1,1,0
usr_3771,2026-04-02 00:27:24.865448,1,3,1,4,1,1,1,1,1
usr_3772,2026-03-21 19:08:56.373000,1,2,3,2,1,1,1,1,1
usr_3773,2026-03-22 19:51:15.953562,1,19,2,8,3,1,1,1,1
usr_3774,2026-03-20 01:13:57.163947,1,21,12,6,8,1,1,1,1
usr_3775,2026-04-18 13:01:28.378882,1,2,2,4,0,1,1,1,0
usr_3776,2026-03-20 04:12:44.880049,1,15,13,6,3,1,1,1,1
usr_3777,,0,5,2,0,3,1,1,0,1
usr_3778,2026-03-25 07:56:44.834199,1,15,7,7,0,1,1,1,0
usr_3779,2026-04-08 21:25:16.051211,1,9,2,4,1,1,1,1,1
usr_3780,2026-04-22 13:21:55.162887,1,8,7,5,1,1,1,1,1
usr_3781,2026-03-27 04:43:26.152734,1,6,2,3,0,1,1,1,0
usr_3782,2026-03-21 18:02:26.327788,1,10,12,5,1,1,1,1,1
usr_3783,2026-03-28 22:36:56.999259,1,19,12,10,3,1,1,1,1
usr_3784,2026-03-21 15:41:43.348832,1,16,5,4,1,1,1,1,1
usr_3785,2026-04-02 17:35:14.460284,1,9,2,4,0,1,1,1,0
usr_3786,2026-03-21 14:13:39.374545,1,11,9,3,4,1,1,1,1
usr_3787,,0,5,5,3,0,1,1,1,0
usr_3788,2026-03-31 07:58:40.528107,1,5,5,3,2,1,1,1,1
usr_3789,,0,2,0,0,1,1,0,0,1
usr_3790,,0,8,2,0,2,1,1,0,1
usr_3791,2026-03-31 07:51:01.261706,1,5,5,2,1,1,1,1,1
usr_3792,,0,1,1,0,1,1,1,0,1
usr_3793,,0,8,6,4,1,1,1,1,1
usr_3794,2026-03-24 18:43:28.236282,1,8,4,3,1,1,1,1,1
usr_3795,,0,2,1,2,2,1,1,1,1
usr_3796,2026-03-24 17:41:17.773139,1,5,0,2,0,1,0,1,0
usr_3797,2026-04-01 16:32:55.097541,1,1,1,0,0,1,1,0,0
usr_3798,2026-04-06 07:20:30.069207,1,14,6,4,4,1,1,1,1
usr_3799,2026-03-22 18:41:48.783400,1,20,18,10,1,1,1,1,1
usr_3800,,0,15,6,6,0,1,1,1,0
usr_3801,2026-03-26 16:36:09.757319,1,8,4,3,2,1,1,1,1
usr_3802,2026-03-23 18:13:27.801467,1,6,5,2,2,1,1,1,1
usr_3803,2026-03-27 22:17:10.832037,1,12,5,2,2,1,1,1,1
usr_3804,2026-04-11 23:59:02.131026,1,7,2,2,3,1,1,1,1
usr_3805,2026-03-25 12:31:00.133072,1,5,1,2,0,1,1,1,0
usr_3806,2026-04-12 11:17:59.585642,1,3,0,0,0,1,0,0,0
usr_3807,,0,11,2,2,0,1,1,1,0
usr_3808,,0,10,6,1,2,1,1,1,1
usr_3809,,0,3,5,0,0,1,1,0,0
usr_3810,2026-03-23 22:28:25.164935,1,9,9,7,2,1,1,1,1
usr_3811,2026-03-31 05:00:17.218130,1,11,7,2,2,1,1,1,1
usr_3812,2026-04-13 21:55:28.947817,1,3,4,0,1,1,1,0,1
usr_3813,2026-03-29 05:02:46.156253,1,3,1,2,1,1,1,1,1
usr_3814,2026-03-29 01:09:58.379439,1,2,6,5,0,1,1,1,0
usr_3815,2026-03-24 10:31:38.032959,1,21,9,7,4,1,1,1,1
usr_3816,2026-03-24 04:48:45.317756,1,5,7,2,3,1,1,1,1
usr_3817,,0,5,3,1,3,1,1,1,1
usr_3818,2026-03-27 05:05:43.367801,1,5,3,7,6,1,1,1,1
usr_3819,2026-04-01 22:07:13.297535,1,14,4,2,5,1,1,1,1
usr_3820,2026-04-08 06:54:22.717943,1,11,6,2,5,1,1,1,1
usr_3821,,0,6,2,1,2,1,1,1,1
usr_3822,,0,8,4,0,1,1,1,0,1
usr_3823,2026-03-26 08:59:34.344335,1,7,5,0,5,1,1,0,1
usr_3824,2026-03-26 00:02:50.607978,1,6,4,0,0,1,1,0,0
usr_3825,2026-03-26 12:30:16.503467,1,1,3,2,0,1,1,1,0
usr_3826,,0,1,1,0,0,1,1,0,0
usr_3827,2026-03-30 02:56:09.977016,1,24,17,9,7,1,1,1,1
usr_3828,2026-03-25 08:07:25.089440,1,2,5,3,2,1,1,1,1
usr_3829,2026-04-05 00:31:55.462122,1,14,7,8,3,1,1,1,1
usr_3830,,0,7,6,7,3,1,1,1,1
usr_3831,2026-04-04 06:41:13.729777,1,3,6,1,0,1,1,1,0
usr_3832,2026-04-11 17:36:48.237815,1,9,5,2,0,1,1,1,0
usr_3833,2026-04-03 14:26:13.893624,1,7,4,2,1,1,1,1,1
usr_3834,,0,4,2,1,0,1,1,1,0
usr_3835,,0,1,1,0,0,1,1,0,0
usr_3836,2026-03-27 09:50:14.920829,1,10,4,5,1,1,1,1,1
usr_3837,,0,0,1,0,0,0,1,0,0
usr_3838,2026-03-28 04:59:00.638736,1,13,12,8,10,1,1,1,1
usr_3839,,0,1,3,0,0,1,1,0,0
usr_3840,2026-04-05 11:40:37.951957,1,37,7,7,5,1,1,1,1
usr_3841,,0,4,0,1,2,1,0,1,1
usr_3842,2026-04-02 06:39:41.242127,1,5,4,0,0,1,1,0,0
usr_3843,2026-03-30 02:50:32.882501,1,18,10,7,5,1,1,1,1
usr_3844,,0,3,2,2,1,1,1,1,1
usr_3845,2026-05-09 03:38:56.585400,1,3,3,0,0,1,1,0,0
usr_3846,,0,10,6,5,2,1,1,1,1
usr_3847,2026-04-06 02:02:44.930769,1,16,9,3,3,1,1,1,1
usr_3848,2026-03-26 10:51:06.966140,1,16,12,7,3,1,1,1,1
usr_3849,,0,2,0,0,0,1,0,0,0
usr_3850,,0,1,0,0,2,1,0,0,1
usr_3851,2026-03-27 05:02:40.332613,1,5,4,2,3,1,1,1,1
usr_3852,2026-04-03 14:43:59.233470,1,3,2,0,0,1,1,0,0
usr_3853,2026-04-25 12:27:21.540477,1,5,3,2,2,1,1,1,1
usr_3854,,0,4,2,0,3,1,1,0,1
usr_3855,2026-04-06 13:56:34.157057,1,9,6,6,1,1,1,1,1
usr_3856,2026-05-07 15:24:20.938266,1,8,2,1,0,1,1,1,0
usr_3857,2026-03-27 09:02:35.508673,1,3,2,2,1,1,1,1,1
usr_3858,2026-05-03 13:06:10.748214,1,16,7,3,2,1,1,1,1
usr_3859,,0,2,2,4,0,1,1,1,0
usr_3860,2026-03-31 19:44:40.884138,1,9,4,1,2,1,1,1,1
usr_3861,2026-04-23 08:01:00.100572,1,3,2,2,0,1,1,1,0
usr_3862,,0,10,3,3,1,1,1,1,1
usr_3863,,0,5,1,0,4,1,1,0,1
usr_3864,,0,4,3,2,6,1,1,1,1
usr_3865,2026-04-09 07:48:53.555270,1,13,6,1,1,1,1,1,1
usr_3866,2026-03-29 22:50:50.955696,1,16,13,7,2,1,1,1,1
usr_3867,,0,10,8,7,3,1,1,1,1
usr_3868,2026-04-07 22:54:42.878670,1,15,6,6,4,1,1,1,1
usr_3869,2026-03-29 13:25:48.277986,1,29,23,13,14,1,1,1,1
usr_3870,,0,2,0,0,2,1,0,0,1
usr_3871,,0,1,1,0,2,1,1,0,1
usr_3872,2026-04-03 20:41:38.463652,1,7,5,5,1,1,1,1,1
usr_3873,2026-03-30 17:06:48.505243,1,4,4,4,1,1,1,1,1
usr_3874,2026-03-28 07:56:13.460950,1,17,5,5,5,1,1,1,1
usr_3875,,0,5,4,1,2,1,1,1,1
usr_3876,2026-05-03 07:06:40.414609,1,11,4,3,3,1,1,1,1
usr_3877,2026-04-02 04:23:37.269312,1,10,9,3,2,1,1,1,1
usr_3878,2026-04-17 23:49:19.279803,1,9,3,2,1,1,1,1,1
usr_3879,2026-03-31 17:50:43.527476,1,28,11,14,10,1,1,1,1
usr_3880,2026-04-12 22:44:57.614359,1,15,11,3,4,1,1,1,1
usr_3881,2026-03-29 21:36:27.898001,1,12,2,2,4,1,1,1,1
usr_3882,2026-03-30 23:00:13.520239,1,6,3,3,3,1,1,1,1
usr_3883,2026-04-17 22:24:55.176421,1,13,8,5,1,1,1,1,1
usr_3884,2026-04-01 12:18:15.090622,1,8,2,4,4,1,1,1,1
usr_3885,,0,0,0,1,1,0,0,1,1
usr_3886,2026-03-31 07:48:14.325842,1,13,10,6,4,1,1,1,1
usr_3887,2026-04-05 13:38:02.920229,1,7,1,2,1,1,1,1,1
usr_3888,,0,9,6,0,4,1,1,0,1
usr_3889,2026-03-30 05:11:39.674339,1,7,6,1,2,1,1,1,1
usr_3890,2026-04-03 01:26:27.752055,1,12,8,3,5,1,1,1,1
usr_3891,,0,2,1,1,0,1,1,1,0
usr_3892,2026-04-01 09:59:18.267781,1,8,10,3,2,1,1,1,1
usr_3893,2026-04-04 09:18:11.688055,1,4,4,3,3,1,1,1,1
usr_3894,2026-04-03 09:43:14.240353,1,14,1,2,1,1,1,1,1
usr_3895,2026-04-01 19:16:35.899129,1,8,9,5,3,1,1,1,1
usr_3896,,0,3,0,0,0,1,0,0,0
usr_3897,,0,2,2,0,0,1,1,0,0
usr_3898,2026-04-26 08:54:41.022044,1,13,4,4,2,1,1,1,1
usr_3899,,0,0,3,0,0,0,1,0,0
usr_3900,2026-04-11 04:38:06.164069,1,8,6,2,2,1,1,1,1
usr_3901,,0,2,2,0,2,1,1,0,1
usr_3902,2026-04-04 02:59:48.822426,1,3,0,3,1,1,0,1,1
usr_3903,2026-04-02 03:09:53.398379,1,2,1,1,1,1,1,1,1
usr_3904,,0,9,0,3,0,1,0,1,0
usr_3905,2026-04-01 01:26:17.765527,1,11,7,1,6,1,1,1,1
usr_3906,2026-04-02 08:35:07.244139,1,19,13,5,8,1,1,1,1
usr_3907,2026-04-10 15:29:02.728847,1,10,7,3,2,1,1,1,1
usr_3908,2026-04-12 06:31:25.539348,1,23,5,3,6,1,1,1,1
usr_3909,,0,8,2,7,3,1,1,1,1
usr_3910,,0,0,2,0,0,0,1,0,0
usr_3911,2026-04-02 17:37:19.595858,1,9,1,3,1,1,1,1,1
usr_3912,2026-05-10 12:47:35.491934,1,5,1,3,3,1,1,1,1
usr_3913,2026-04-19 07:45:08.464849,1,10,4,3,2,1,1,1,1
usr_3914,2026-06-25 19:44:47.438881,1,3,3,0,1,1,1,0,1
usr_3915,2026-04-01 05:29:10.100815,1,14,9,2,5,1,1,1,1
usr_3916,2026-04-06 16:45:15.096630,1,21,6,4,5,1,1,1,1
usr_3917,2026-04-05 19:43:02.536641,1,2,0,2,0,1,0,1,0
usr_3918,2026-04-07 18:36:03.381448,1,8,9,5,1,1,1,1,1
usr_3919,,0,5,0,0,0,1,0,0,0
usr_3920,2026-04-04 07:11:30.010383,1,8,8,1,2,1,1,1,1
usr_3921,2026-04-03 22:45:58.027773,1,16,11,5,2,1,1,1,1
usr_3922,2026-04-09 05:32:32.924805,1,7,5,4,3,1,1,1,1
usr_3923,2026-04-03 20:48:55.239942,1,5,6,3,4,1,1,1,1
usr_3924,2026-04-02 17:45:42.720412,1,15,4,0,3,1,1,0,1
usr_3925,2026-04-05 07:55:57.468472,1,19,12,7,6,1,1,1,1
usr_3926,2026-04-10 11:33:15.440680,1,8,2,2,0,1,1,1,0
usr_3927,2026-04-09 05:11:24.997741,1,9,6,4,6,1,1,1,1
usr_3928,,0,5,2,1,0,1,1,1,0
usr_3929,2026-04-06 23:00:32.503115,1,10,3,3,5,1,1,1,1
usr_3930,2026-04-02 03:49:36.231699,1,3,2,2,0,1,1,1,0
usr_3931,2026-04-12 08:04:29.025761,1,5,5,0,0,1,1,0,0
usr_3932,2026-04-03 06:22:42.698712,1,6,5,3,3,1,1,1,1
usr_3933,2026-04-11 02:12:25.907402,1,23,9,7,4,1,1,1,1
usr_3934,,0,9,1,3,3,1,1,1,1
usr_3935,2026-04-04 11:52:39.129176,1,30,11,6,2,1,1,1,1
usr_3936,,0,1,2,0,0,1,1,0,0
usr_3937,2026-04-03 22:35:33.992138,1,13,11,6,4,1,1,1,1
usr_3938,2026-04-03 00:39:12.392815,1,14,8,6,4,1,1,1,1
usr_3939,,0,6,5,4,4,1,1,1,1
usr_3940,,0,8,5,4,0,1,1,1,0
usr_3941,2026-04-21 12:52:23.350479,1,16,4,2,0,1,1,1,0
usr_3942,,0,5,1,2,1,1,1,1,1
usr_3943,,0,2,2,0,0,1,1,0,0
usr_3944,2026-04-03 18:27:59.208666,1,4,2,0,0,1,1,0,0
usr_3945,,0,4,2,1,0,1,1,1,0
usr_3946,,0,8,5,1,0,1,1,1,0
usr_3947,2026-04-05 05:14:09.532692,1,8,3,4,2,1,1,1,1
usr_3948,2026-04-18 15:33:08.691996,1,14,2,2,1,1,1,1,1
usr_3949,2026-04-05 18:17:53.684433,1,15,9,11,2,1,1,1,1
usr_3950,2026-04-03 20:28:13.221330,1,20,10,1,1,1,1,1,1
usr_3951,,0,1,0,0,0,1,0,0,0
usr_3952,2026-04-05 02:38:45.225930,1,8,5,1,3,1,1,1,1
usr_3953,2026-04-06 19:22:49.096425,1,8,2,0,0,1,1,0,0
usr_3954,2026-04-03 01:12:31.622627,1,8,6,2,2,1,1,1,1
usr_3955,2026-04-17 10:05:47.792301,1,26,19,8,3,1,1,1,1
usr_3956,2026-04-06 10:04:00.457185,1,5,2,2,0,1,1,1,0
usr_3957,2026-04-05 05:20:56.063604,1,8,9,4,0,1,1,1,0
usr_3958,2026-04-04 00:03:51.476559,1,22,15,13,6,1,1,1,1
usr_3959,2026-04-10 02:59:43.433691,1,6,3,1,5,1,1,1,1
usr_3960,2026-04-04 04:04:44.386873,1,11,8,9,6,1,1,1,1
usr_3961,,0,17,10,4,0,1,1,1,0
usr_3962,2026-04-08 10:54:00.427216,1,11,9,3,3,1,1,1,1
usr_3963,2026-04-04 07:33:20.817423,1,1,1,1,1,1,1,1,1
usr_3964,2026-04-04 23:42:20.169293,1,9,3,3,3,1,1,1,1
usr_3965,,0,23,10,5,6,1,1,1,1
usr_3966,,0,5,5,1,1,1,1,1,1
usr_3967,,0,11,2,1,0,1,1,1,0
usr_3968,,0,1,0,0,0,1,0,0,0
usr_3969,,0,5,4,3,2,1,1,1,1
usr_3970,2026-04-05 21:14:52.024926,1,4,0,2,1,1,0,1,1
usr_3971,2026-04-11 01:26:46.454985,1,3,3,1,0,1,1,1,0
usr_3972,,0,6,2,2,0,1,1,1,0
usr_3973,,0,1,3,4,1,1,1,1,1
usr_3974,2026-04-17 18:09:54.769337,1,23,12,8,2,1,1,1,1
usr_3975,2026-04-24 02:47:50.517969,1,10,8,2,6,1,1,1,1
usr_3976,2026-04-11 03:13:41.081914,1,23,12,4,3,1,1,1,1
usr_3977,2026-05-08 14:13:22.276979,1,8,3,1,0,1,1,1,0
usr_3978,2026-04-27 07:32:48.528601,1,3,1,1,1,1,1,1,1
usr_3979,,0,14,6,3,6,1,1,1,1
usr_3980,,0,9,4,0,2,1,1,0,1
usr_3981,,0,1,3,1,0,1,1,1,0
usr_3982,,0,9,3,2,1,1,1,1,1
usr_3983,2026-04-06 20:55:24.087492,1,7,3,1,2,1,1,1,1
usr_3984,2026-04-06 03:48:11.659074,1,4,2,1,0,1,1,1,0
usr_3985,,0,7,5,4,0,1,1,1,0
usr_3986,2026-04-13 07:49:54.663271,1,2,1,2,1,1,1,1,1
usr_3987,2026-04-05 07:29:39.268083,1,13,5,3,6,1,1,1,1
usr_3988,,0,3,3,0,0,1,1,0,0
usr_3989,,0,2,5,0,1,1,1,0,1
usr_3990,2026-04-16 15:07:52.636158,1,5,3,0,0,1,1,0,0
usr_3991,2026-04-14 07:35:20.898609,1,10,4,3,2,1,1,1,1
usr_3992,,0,1,1,2,1,1,1,1,1
usr_3993,2026-04-10 02:16:16.105888,1,11,3,2,2,1,1,1,1
usr_3994,,0,10,0,3,2,1,0,1,1
usr_3995,,0,0,2,0,1,0,1,0,1
usr_3996,,0,4,3,3,1,1,1,1,1
usr_3997,2026-04-08 14:52:27.849105,1,16,10,2,2,1,1,1,1
usr_3998,2026-04-18 00:23:49.029219,1,11,3,2,1,1,1,1,1
usr_3999,2026-04-06 05:17:12.153568,1,15,3,1,4,1,1,1,1
usr_4000,2026-04-11 16:43:49.381784,1,12,5,1,3,1,1,1,1
usr_4001,,0,1,0,0,0,1,0,0,0
usr_4002,2026-04-09 14:49:09.256112,1,6,8,4,2,1,1,1,1
usr_4003,,0,9,2,6,5,1,1,1,1
usr_4004,2026-04-12 03:02:59.514776,1,2,1,2,0,1,1,1,0
usr_4005,2026-04-09 12:21:23.180378,1,5,1,1,0,1,1,1,0
usr_4006,2026-04-06 11:40:03.940359,1,14,5,5,3,1,1,1,1
usr_4007,2026-04-22 18:52:56.772814,1,2,3,1,2,1,1,1,1
usr_4008,2026-04-09 07:34:09.742825,1,7,5,1,0,1,1,1,0
usr_4009,2026-04-12 21:57:45.733725,1,11,6,10,5,1,1,1,1
usr_4010,2026-04-07 18:03:37.776653,1,10,3,3,2,1,1,1,1
usr_4011,2026-04-07 08:20:24.777328,1,6,0,2,2,1,0,1,1
usr_4012,2026-04-07 01:55:08.223145,1,14,8,3,2,1,1,1,1
usr_4013,,0,5,4,2,0,1,1,1,0
usr_4014,2026-04-09 11:46:26.906002,1,11,5,5,2,1,1,1,1
usr_4015,2026-04-08 15:41:08.661712,1,15,7,7,6,1,1,1,1
usr_4016,2026-04-13 18:25:35.203351,1,4,2,2,1,1,1,1,1
usr_4017,2026-04-09 19:28:50.091903,1,12,5,2,8,1,1,1,1
usr_4018,2026-04-21 11:14:31.879374,1,13,6,6,1,1,1,1,1
usr_4019,2026-04-13 23:31:12.076345,1,12,3,4,2,1,1,1,1
usr_4020,,0,5,2,0,0,1,1,0,0
usr_4021,,0,13,5,3,2,1,1,1,1
usr_4022,2026-04-15 08:55:10.590639,1,3,0,2,1,1,0,1,1
usr_4023,,0,10,8,1,1,1,1,1,1
usr_4024,2026-04-08 02:35:01.834511,1,4,3,2,0,1,1,1,0
usr_4025,,0,4,5,5,0,1,1,1,0
usr_4026,,0,5,1,2,0,1,1,1,0
usr_4027,,0,6,6,4,1,1,1,1,1
usr_4028,2026-04-22 13:33:57.977273,1,9,4,4,1,1,1,1,1
usr_4029,2026-04-09 17:33:31.381339,1,9,5,3,3,1,1,1,1
usr_4030,,0,4,0,2,1,1,0,1,1
usr_4031,2026-04-14 04:43:55.986984,1,4,0,0,0,1,0,0,0
usr_4032,,0,3,0,1,1,1,0,1,1
usr_4033,2026-04-13 19:33:29.312470,1,10,6,2,2,1,1,1,1
usr_4034,2026-04-16 14:51:07.383213,1,9,8,2,1,1,1,1,1
usr_4035,2026-05-15 05:56:17.481065,1,4,4,2,0,1,1,1,0
usr_4036,2026-05-14 13:15:38.686187,1,5,5,1,4,1,1,1,1
usr_4037,2026-04-09 06:43:40.696443,1,20,11,4,5,1,1,1,1
usr_4038,2026-04-27 05:45:06.667299,1,3,3,1,1,1,1,1,1
usr_4039,2026-04-12 01:04:15.667232,1,19,6,6,5,1,1,1,1
usr_4040,,0,3,2,1,1,1,1,1,1
usr_4041,,0,3,2,2,1,1,1,1,1
usr_4042,2026-04-17 07:17:22.256804,1,9,8,2,2,1,1,1,1
usr_4043,,0,3,0,0,1,1,0,0,1
usr_4044,2026-04-12 04:23:09.406534,1,10,2,4,1,1,1,1,1
usr_4045,2026-04-13 04:59:15.639863,1,26,12,8,3,1,1,1,1
usr_4046,,0,2,2,1,0,1,1,1,0
usr_4047,2026-04-10 05:22:51.189417,1,10,5,6,1,1,1,1,1
usr_4048,2026-05-11 12:08:03.011617,1,10,6,1,2,1,1,1,1
usr_4049,2026-04-12 07:51:49.407941,1,10,6,1,0,1,1,1,0
usr_4050,2026-04-27 14:11:40.138992,1,4,1,2,1,1,1,1,1
usr_4051,,0,7,6,3,1,1,1,1,1
usr_4052,2026-04-23 13:46:56.947441,1,5,5,1,3,1,1,1,1
usr_4053,2026-04-23 11:05:33.051244,1,8,4,0,0,1,1,0,0
usr_4054,2026-04-28 14:14:21.887502,1,9,0,0,1,1,0,0,1
usr_4055,2026-04-11 17:50:13.556150,1,4,4,3,2,1,1,1,1
usr_4056,2026-04-10 02:59:59.878495,1,5,1,2,2,1,1,1,1
usr_4057,2026-04-23 18:54:52.181309,1,17,7,1,3,1,1,1,1
usr_4058,,0,9,2,1,2,1,1,1,1
usr_4059,,0,5,5,2,5,1,1,1,1
usr_4060,2026-04-13 14:18:02.239187,1,14,4,2,2,1,1,1,1
usr_4061,,0,12,12,3,5,1,1,1,1
usr_4062,2026-04-13 21:19:46.629956,1,3,0,0,1,1,0,0,1
usr_4063,2026-05-26 17:57:52.889151,1,2,2,3,1,1,1,1,1
usr_4064,2026-04-19 21:25:01.099913,1,4,4,1,3,1,1,1,1
usr_4065,2026-04-13 07:51:54.813621,1,17,6,4,2,1,1,1,1
usr_4066,2026-04-13 17:33:42.860961,1,11,4,4,1,1,1,1,1
usr_4067,2026-04-11 00:27:39.218622,1,11,5,3,1,1,1,1,1
usr_4068,,0,1,3,1,0,1,1,1,0
usr_4069,2026-04-13 09:04:51.238669,1,18,10,10,3,1,1,1,1
usr_4070,2026-04-19 21:51:56.257003,1,2,4,2,0,1,1,1,0
usr_4071,2026-04-15 15:12:13.564584,1,6,8,2,4,1,1,1,1
usr_4072,2026-05-21 21:46:51.695054,1,4,1,4,1,1,1,1,1
usr_4073,2026-04-24 20:37:21.854542,1,2,2,1,1,1,1,1,1
usr_4074,2026-04-12 23:30:52.095460,1,7,4,1,1,1,1,1,1
usr_4075,,0,4,7,1,3,1,1,1,1
usr_4076,2026-04-14 04:07:59.290386,1,39,27,8,7,1,1,1,1
usr_4077,,0,5,2,2,0,1,1,1,0
usr_4078,2026-04-15 07:38:24.152013,1,16,6,4,0,1,1,1,0
usr_4079,2026-04-16 14:19:11.211367,1,3,1,3,1,1,1,1,1
usr_4080,2026-04-28 04:10:27.569781,1,4,5,1,0,1,1,1,0
usr_4081,,0,18,9,1,1,1,1,1,1
usr_4082,2026-05-02 11:28:41.599856,1,4,7,2,2,1,1,1,1
usr_4083,2026-04-14 04:42:33.468168,1,13,3,0,1,1,1,0,1
usr_4084,2026-04-19 18:22:49.270075,1,20,9,4,2,1,1,1,1
usr_4085,,0,2,1,2,4,1,1,1,1
usr_4086,2026-04-17 11:42:30.396878,1,7,4,3,1,1,1,1,1
usr_4087,2026-04-15 06:41:04.836077,1,0,4,2,0,0,1,1,0
usr_4088,2026-04-15 18:45:01.144691,1,11,6,1,1,1,1,1,1
usr_4089,2026-04-23 19:18:58.660963,1,15,7,11,3,1,1,1,1
usr_4090,2026-04-22 08:28:06.920055,1,21,8,2,7,1,1,1,1
usr_4091,2026-04-21 21:30:17.131589,1,4,3,2,1,1,1,1,1
usr_4092,2026-04-16 09:10:47.525768,1,12,1,4,1,1,1,1,1
usr_4093,,0,3,2,0,1,1,1,0,1
usr_4094,2026-04-19 16:36:12.160240,1,8,4,1,3,1,1,1,1
usr_4095,2026-04-17 03:31:05.429952,1,11,4,4,2,1,1,1,1
usr_4096,2026-04-19 04:01:19.388596,1,12,8,3,3,1,1,1,1
usr_4097,,0,5,5,3,0,1,1,1,0
usr_4098,2026-04-19 04:46:08.346609,1,17,10,6,2,1,1,1,1
usr_4099,,0,2,0,0,2,1,0,0,1
usr_4100,2026-04-21 15:34:49.075795,1,5,4,1,3,1,1,1,1
usr_4101,2026-04-15 08:15:57.462484,1,13,3,1,1,1,1,1,1
usr_4102,,0,2,0,0,0,1,0,0,0
usr_4103,2026-04-15 12:10:40.545097,1,7,5,4,0,1,1,1,0
usr_4104,2026-04-13 20:19:57.439187,1,27,15,10,6,1,1,1,1
usr_4105,,0,7,5,4,2,1,1,1,1
usr_4106,2026-04-27 19:55:56.493128,1,1,1,1,0,1,1,1,0
usr_4107,2026-04-15 09:06:26.397734,1,10,5,4,4,1,1,1,1
usr_4108,2026-04-20 23:02:59.110867,1,5,3,3,3,1,1,1,1
usr_4109,,0,8,2,2,1,1,1,1,1
usr_4110,2026-04-15 03:28:41.657298,1,29,16,8,4,1,1,1,1
usr_4111,2026-04-15 00:30:11.577533,1,22,11,7,5,1,1,1,1
usr_4112,,0,7,1,1,1,1,1,1,1
usr_4113,,0,1,1,0,0,1,1,0,0
usr_4114,,0,6,3,4,0,1,1,1,0
usr_4115,,0,5,2,0,1,1,1,0,1
usr_4116,2026-04-28 02:36:32.466490,1,13,9,0,3,1,1,0,1
usr_4117,2026-05-01 12:29:23.844256,1,7,4,2,1,1,1,1,1
usr_4118,,0,3,2,0,0,1,1,0,0
usr_4119,,0,2,3,2,0,1,1,1,0
usr_4120,,0,2,0,2,0,1,0,1,0
usr_4121,,0,13,6,5,1,1,1,1,1
usr_4122,2026-04-20 09:10:43.304794,1,13,13,8,2,1,1,1,1
usr_4123,2026-04-17 07:00:39.777349,1,6,3,2,1,1,1,1,1
usr_4124,2026-04-27 13:37:23.882822,1,21,11,2,2,1,1,1,1
usr_4125,2026-04-16 04:19:10.605857,1,13,9,1,4,1,1,1,1
usr_4126,2026-04-25 15:44:47.385161,1,14,13,4,3,1,1,1,1
usr_4127,2026-04-19 00:29:22.170766,1,12,3,4,3,1,1,1,1
usr_4128,2026-04-24 21:48:34.939334,1,18,15,7,2,1,1,1,1
usr_4129,2026-05-07 03:16:53.955357,1,6,3,3,3,1,1,1,1
usr_4130,2026-04-21 01:27:53.788443,1,7,9,2,3,1,1,1,1
usr_4131,2026-04-21 19:35:00.564545,1,11,2,5,3,1,1,1,1
usr_4132,2026-05-06 15:16:13.171502,1,4,3,5,0,1,1,1,0
usr_4133,2026-04-21 18:50:54.598099,1,23,6,5,4,1,1,1,1
usr_4134,2026-04-24 05:30:06.711522,1,1,0,1,0,1,0,1,0
usr_4135,,0,5,5,2,0,1,1,1,0
usr_4136,,0,2,0,1,2,1,0,1,1
usr_4137,2026-04-18 00:25:49.650603,1,12,3,2,0,1,1,1,0
usr_4138,2026-04-18 17:08:20.427741,1,10,9,3,1,1,1,1,1
usr_4139,2026-04-20 21:55:30.166404,1,18,6,11,10,1,1,1,1
usr_4140,,0,0,2,0,0,0,1,0,0
usr_4141,,0,8,2,1,1,1,1,1,1
usr_4142,2026-04-28 17:36:13.031457,1,13,8,2,4,1,1,1,1
usr_4143,2026-05-09 18:19:29.574231,1,11,9,5,2,1,1,1,1
usr_4144,2026-04-21 10:44:54.204222,1,7,5,2,4,1,1,1,1
usr_4145,2026-06-04 18:50:34.276365,1,6,4,2,0,1,1,1,0
usr_4146,,0,5,2,0,2,1,1,0,1
usr_4147,2026-04-16 20:24:48.094696,1,5,4,2,1,1,1,1,1
usr_4148,,0,16,12,5,3,1,1,1,1
usr_4149,2026-05-08 11:26:02.674614,1,5,1,3,2,1,1,1,1
usr_4150,,0,1,1,1,0,1,1,1,0
usr_4151,2026-04-24 13:10:14.196175,1,9,3,3,3,1,1,1,1
usr_4152,2026-04-16 22:06:10.526675,1,18,5,2,1,1,1,1,1
usr_4153,,0,12,4,3,1,1,1,1,1
usr_4154,2026-04-28 02:42:08.193137,1,20,19,3,6,1,1,1,1
usr_4155,2026-04-18 09:55:51.314047,1,18,15,5,6,1,1,1,1
usr_4156,,0,13,6,2,5,1,1,1,1
usr_4157,2026-04-19 13:00:41.682820,1,8,3,3,2,1,1,1,1
usr_4158,2026-05-02 23:56:54.360797,1,18,10,8,1,1,1,1,1
usr_4159,2026-04-21 22:14:18.769629,1,4,7,2,0,1,1,1,0
usr_4160,,0,13,5,5,4,1,1,1,1
usr_4161,2026-04-18 16:52:15.394314,1,2,6,3,1,1,1,1,1
usr_4162,2026-04-17 01:26:26.666883,1,9,8,4,4,1,1,1,1
usr_4163,2026-04-19 18:51:46.290764,1,6,4,2,0,1,1,1,0
usr_4164,2026-04-26 17:04:52.149916,1,8,2,1,0,1,1,1,0
usr_4165,2026-05-11 06:22:55.808469,1,3,1,0,0,1,1,0,0
usr_4166,2026-04-21 08:35:32.573250,1,16,11,4,2,1,1,1,1
usr_4167,2026-04-20 04:20:56.930518,1,1,1,2,3,1,1,1,1
usr_4168,,0,3,1,0,2,1,1,0,1
usr_4169,2026-04-19 21:58:21.059863,1,18,8,5,6,1,1,1,1
usr_4170,2026-04-21 18:35:58.988254,1,7,6,1,1,1,1,1,1
usr_4171,,0,0,1,0,0,0,1,0,0
usr_4172,2026-04-18 13:52:54.459738,1,15,7,3,4,1,1,1,1
usr_4173,2026-04-20 05:34:10.112618,1,22,14,11,4,1,1,1,1
usr_4174,2026-05-15 15:32:26.637910,1,8,3,4,2,1,1,1,1
usr_4175,2026-04-23 19:04:43.662444,1,11,7,4,2,1,1,1,1
usr_4176,2026-05-04 08:51:18.486036,1,9,6,3,3,1,1,1,1
usr_4177,2026-04-29 02:32:50.949757,1,4,3,2,1,1,1,1,1
usr_4178,2026-04-28 05:26:52.027698,1,2,0,2,2,1,0,1,1
usr_4179,2026-04-21 01:46:55.856929,1,30,14,13,7,1,1,1,1
usr_4180,2026-04-27 05:38:06.361822,1,9,5,7,3,1,1,1,1
usr_4181,2026-04-21 21:07:22.841553,1,3,1,0,0,1,1,0,0
usr_4182,2026-04-23 03:21:18.406462,1,12,4,2,5,1,1,1,1
usr_4183,2026-04-20 03:04:11.481396,1,5,4,2,3,1,1,1,1
usr_4184,2026-05-07 04:54:22.917655,1,2,0,1,0,1,0,1,0
usr_4185,2026-04-24 00:48:47.612520,1,18,9,3,4,1,1,1,1
usr_4186,2026-04-19 14:45:16.166553,1,4,3,2,2,1,1,1,1
usr_4187,2026-04-23 18:13:54.071377,1,10,3,4,1,1,1,1,1
usr_4188,,0,1,1,0,0,1,1,0,0
usr_4189,,0,5,3,1,1,1,1,1,1
usr_4190,2026-05-01 17:32:31.070219,1,3,6,2,0,1,1,1,0
usr_4191,2026-05-10 13:51:45.891662,1,7,1,0,2,1,1,0,1
usr_4192,,0,2,1,1,0,1,1,1,0
usr_4193,2026-05-03 14:32:02.847189,1,13,2,2,3,1,1,1,1
usr_4194,,0,4,3,1,1,1,1,1,1
usr_4195,,0,6,3,1,1,1,1,1,1
usr_4196,2026-05-14 10:33:15.351285,1,16,8,4,2,1,1,1,1
usr_4197,2026-04-24 03:23:15.827829,1,17,8,5,7,1,1,1,1
usr_4198,2026-05-10 17:40:04.425581,1,11,6,2,1,1,1,1,1
usr_4199,2026-04-22 00:21:24.991660,1,7,0,2,2,1,0,1,1
usr_4200,,0,1,0,0,0,1,0,0,0
usr_4201,,0,9,1,1,0,1,1,1,0
usr_4202,2026-04-26 07:25:44.855016,1,11,7,2,2,1,1,1,1
usr_4203,2026-05-01 04:56:13.678607,1,6,4,2,3,1,1,1,1
usr_4204,2026-05-07 05:17:40.779539,1,9,3,2,2,1,1,1,1
usr_4205,2026-04-24 09:49:56.579598,1,9,5,3,1,1,1,1,1
usr_4206,2026-04-26 23:49:09.017242,1,2,2,2,0,1,1,1,0
usr_4207,2026-05-02 07:35:20.345129,1,2,2,1,2,1,1,1,1
usr_4208,2026-04-21 15:20:07.073787,1,6,8,2,2,1,1,1,1
usr_4209,,0,4,2,1,0,1,1,1,0
usr_4210,2026-04-23 09:57:34.734775,1,1,1,1,3,1,1,1,1
usr_4211,2026-04-26 04:41:19.865663,1,17,9,6,7,1,1,1,1
usr_4212,,0,2,4,1,0,1,1,1,0
usr_4213,2026-05-15 11:13:32.551327,1,6,4,2,1,1,1,1,1
usr_4214,,0,2,2,1,0,1,1,1,0
usr_4215,2026-04-21 06:24:28.742233,1,5,4,2,2,1,1,1,1
usr_4216,2026-05-21 11:26:18.758786,1,1,1,0,2,1,1,0,1
usr_4217,,0,9,9,4,2,1,1,1,1
usr_4218,2026-04-26 06:25:26.238378,1,4,1,1,1,1,1,1,1
usr_4219,,0,8,8,1,1,1,1,1,1
usr_4220,2026-04-29 10:01:18.302011,1,8,4,3,2,1,1,1,1
usr_4221,2026-04-30 03:38:14.930453,1,29,14,8,4,1,1,1,1
usr_4222,2026-04-23 13:19:44.819546,1,12,4,0,1,1,1,0,1
usr_4223,2026-04-28 09:17:56.446968,1,12,8,3,1,1,1,1,1
usr_4224,2026-04-22 18:17:57.332120,1,2,2,0,0,1,1,0,0
usr_4225,2026-04-24 16:09:54.158103,1,7,4,1,0,1,1,1,0
usr_4226,2026-04-26 05:31:17.163956,1,5,5,0,3,1,1,0,1
usr_4227,2026-05-29 12:09:54.355121,1,10,3,2,1,1,1,1,1
usr_4228,,0,1,2,0,0,1,1,0,0
usr_4229,2026-05-05 23:29:28.587649,1,3,3,1,1,1,1,1,1
usr_4230,2026-04-24 08:08:27.370065,1,7,5,2,1,1,1,1,1
usr_4231,,0,0,1,0,1,0,1,0,1
usr_4232,,0,1,1,1,0,1,1,1,0
usr_4233,2026-04-30 11:09:18.256584,1,7,1,6,0,1,1,1,0
usr_4234,2026-05-02 03:17:10.235138,1,22,11,9,8,1,1,1,1
usr_4235,2026-04-24 01:25:22.741685,1,8,14,8,7,1,1,1,1
usr_4236,,0,8,3,4,3,1,1,1,1
usr_4237,2026-04-26 20:50:03.895913,1,17,8,6,2,1,1,1,1
usr_4238,2026-05-07 18:45:46.354878,1,6,4,0,0,1,1,0,0
usr_4239,2026-04-26 06:42:13.456568,1,7,5,3,1,1,1,1,1
usr_4240,2026-05-06 07:04:52.723103,1,2,1,0,0,1,1,0,0
usr_4241,,0,12,3,2,2,1,1,1,1
usr_4242,2026-04-26 03:40:13.540322,1,18,11,3,2,1,1,1,1
usr_4243,,0,4,3,1,1,1,1,1,1
usr_4244,2026-04-30 13:47:37.665748,1,5,6,2,2,1,1,1,1
usr_4245,,0,2,3,1,1,1,1,1,1
usr_4246,2026-04-24 08:43:52.503949,1,4,3,5,3,1,1,1,1
usr_4247,2026-04-27 04:55:27.433849,1,9,5,3,0,1,1,1,0
usr_4248,,0,2,0,0,2,1,0,0,1
usr_4249,2026-04-24 08:38:17.967613,1,10,5,2,3,1,1,1,1
usr_4250,2026-06-29 13:54:52.222428,1,10,8,6,2,1,1,1,1
usr_4251,2026-05-02 17:34:39.529692,1,8,6,1,1,1,1,1,1
usr_4252,2026-04-29 07:55:44.930811,1,15,7,11,3,1,1,1,1
usr_4253,2026-05-08 07:54:28.537189,1,8,7,2,2,1,1,1,1
usr_4254,2026-04-24 16:18:58.853250,1,3,2,1,0,1,1,1,0
usr_4255,2026-05-20 04:03:28.302048,1,3,2,1,0,1,1,1,0
usr_4256,2026-05-01 23:34:38.198391,1,17,10,6,3,1,1,1,1
usr_4257,2026-05-17 20:18:20.256966,1,4,0,4,1,1,0,1,1
usr_4258,2026-04-29 15:50:30.054949,1,14,12,7,2,1,1,1,1
usr_4259,2026-05-09 01:54:18.073848,1,9,0,0,1,1,0,0,1
usr_4260,2026-05-03 22:48:49.046023,1,6,5,2,2,1,1,1,1
usr_4261,2026-04-26 09:28:03.141573,1,4,3,4,1,1,1,1,1
usr_4262,2026-04-25 12:51:11.831295,1,10,6,2,2,1,1,1,1
usr_4263,2026-04-26 00:59:28.581140,1,6,4,2,2,1,1,1,1
usr_4264,2026-05-07 21:31:08.004042,1,7,3,5,1,1,1,1,1
usr_4265,2026-04-26 14:23:47.030411,1,16,10,10,5,1,1,1,1
usr_4266,,0,3,3,0,0,1,1,0,0
usr_4267,2026-05-12 16:49:12.309625,1,2,2,0,2,1,1,0,1
usr_4268,,0,5,1,2,2,1,1,1,1
usr_4269,,0,1,1,1,0,1,1,1,0
usr_4270,2026-04-29 09:56:04.657016,1,4,4,2,2,1,1,1,1
usr_4271,2026-05-20 22:55:42.115301,1,2,0,1,1,1,0,1,1
usr_4272,,0,3,0,0,0,1,0,0,0
usr_4273,2026-04-27 14:17:38.271328,1,8,8,1,2,1,1,1,1
usr_4274,2026-05-18 17:12:19.962888,1,11,7,6,2,1,1,1,1
usr_4275,,0,9,5,1,1,1,1,1,1
usr_4276,2026-04-26 02:15:01.641194,1,15,5,4,5,1,1,1,1
usr_4277,2026-05-12 23:15:58.431588,1,14,8,3,2,1,1,1,1
usr_4278,,0,3,1,0,1,1,1,0,1
usr_4279,2026-04-26 13:17:24.454068,1,9,3,4,2,1,1,1,1
usr_4280,2026-05-02 05:49:51.580223,1,14,9,0,4,1,1,0,1
usr_4281,,0,2,2,1,1,1,1,1,1
usr_4282,2026-05-10 06:42:55.668502,1,5,3,3,1,1,1,1,1
usr_4283,2026-04-30 04:58:53.694424,1,9,9,4,2,1,1,1,1
usr_4284,2026-05-09 23:10:15.672729,1,12,10,4,3,1,1,1,1
usr_4285,2026-04-27 00:16:47.733980,1,25,19,6,8,1,1,1,1
usr_4286,2026-05-19 03:38:36.468282,1,5,2,1,1,1,1,1,1
usr_4287,,0,7,0,1,2,1,0,1,1
usr_4288,2026-04-27 10:21:16.247681,1,11,3,1,4,1,1,1,1
usr_4289,2026-05-10 17:24:07.415104,1,6,4,1,0,1,1,1,0
usr_4290,2026-04-27 06:30:19.234721,1,10,5,3,1,1,1,1,1
usr_4291,2026-04-30 20:32:12.275384,1,6,3,0,1,1,1,0,1
usr_4292,2026-04-29 21:47:57.011997,1,7,6,5,8,1,1,1,1
usr_4293,2026-05-05 19:02:51.492641,1,16,3,7,2,1,1,1,1
usr_4294,,0,3,5,2,2,1,1,1,1
usr_4295,2026-05-01 10:46:12.022491,1,6,3,2,0,1,1,1,0
usr_4296,2026-05-01 22:23:15.772828,1,5,1,2,0,1,1,1,0
usr_4297,2026-04-29 01:51:34.699948,1,8,6,3,3,1,1,1,1
usr_4298,2026-04-29 23:41:33.399519,1,13,9,6,0,1,1,1,0
usr_4299,,0,7,3,3,2,1,1,1,1
usr_4300,2026-05-09 05:50:13.542179,1,8,4,2,1,1,1,1,1
usr_4301,2026-05-05 01:53:46.234143,1,1,1,1,0,1,1,1,0
usr_4302,2026-04-29 11:07:06.934782,1,22,6,8,2,1,1,1,1
usr_4303,2026-05-21 04:55:00.013528,1,9,5,6,4,1,1,1,1
usr_4304,2026-04-28 19:32:36.307090,1,16,7,5,4,1,1,1,1
usr_4305,2026-05-06 14:48:26.479935,1,9,8,2,0,1,1,1,0
usr_4306,2026-05-27 23:12:42.118127,1,6,1,1,1,1,1,1,1
usr_4307,2026-04-30 11:34:16.179089,1,21,15,5,3,1,1,1,1
usr_4308,2026-05-01 03:26:45.110402,1,8,9,7,1,1,1,1,1
usr_4309,2026-04-29 10:36:35.076153,1,39,24,13,5,1,1,1,1
usr_4310,,0,5,2,1,3,1,1,1,1
usr_4311,,0,9,1,3,1,1,1,1,1
usr_4312,,0,2,3,3,3,1,1,1,1
usr_4313,2026-05-04 00:48:50.607603,1,13,7,1,3,1,1,1,1
usr_4314,2026-05-11 21:42:59.695015,1,5,1,5,4,1,1,1,1
usr_4315,2026-04-30 00:58:23.933869,1,9,12,6,2,1,1,1,1
usr_4316,2026-05-08 23:04:27.767401,1,4,4,2,1,1,1,1,1
usr_4317,2026-04-29 00:06:25.097553,1,16,8,4,7,1,1,1,1
usr_4318,2026-05-03 06:51:43.054257,1,19,6,10,3,1,1,1,1
usr_4319,,0,9,2,1,1,1,1,1,1
usr_4320,2026-05-03 05:18:18.199921,1,12,6,5,2,1,1,1,1
usr_4321,2026-04-30 04:47:55.340734,1,1,0,1,2,1,0,1,1
usr_4322,2026-05-09 19:17:25.046494,1,28,8,5,7,1,1,1,1
usr_4323,,0,1,3,2,1,1,1,1,1
usr_4324,,0,5,4,1,3,1,1,1,1
usr_4325,,0,5,2,1,0,1,1,1,0
usr_4326,2026-05-06 21:12:52.009531,1,5,0,1,1,1,0,1,1
usr_4327,2026-05-04 12:41:14.299661,1,26,10,16,7,1,1,1,1
usr_4328,,0,2,1,0,2,1,1,0,1
usr_4329,2026-05-05 03:39:29.165529,1,22,14,11,9,1,1,1,1
usr_4330,2026-05-03 10:12:40.232478,1,10,6,0,3,1,1,0,1
usr_4331,2026-05-02 17:45:53.133923,1,10,10,3,1,1,1,1,1
usr_4332,2026-05-01 04:07:35.503925,1,4,3,5,0,1,1,1,0
usr_4333,2026-05-02 06:37:43.268433,1,19,17,8,4,1,1,1,1
usr_4334,2026-05-20 11:30:17.526331,1,7,3,2,2,1,1,1,1
usr_4335,,0,7,3,0,1,1,1,0,1
usr_4336,2026-05-05 17:04:46.590085,1,7,11,2,4,1,1,1,1
usr_4337,2026-05-06 08:35:02.539079,1,13,5,5,3,1,1,1,1
usr_4338,,0,1,0,1,0,1,0,1,0
usr_4339,,0,2,2,0,0,1,1,0,0
usr_4340,2026-05-24 18:51:22.231963,1,8,8,2,1,1,1,1,1
usr_4341,2026-05-01 13:40:29.398804,1,5,6,1,2,1,1,1,1
usr_4342,2026-05-10 10:52:01.471034,1,11,4,4,0,1,1,1,0
usr_4343,,0,1,1,4,0,1,1,1,0
usr_4344,2026-05-13 18:14:48.367579,1,4,2,0,1,1,1,0,1
usr_4345,2026-05-01 15:30:50.377853,1,22,10,12,4,1,1,1,1
usr_4346,2026-05-15 06:48:19.036931,1,12,2,5,5,1,1,1,1
usr_4347,2026-05-06 05:17:48.158517,1,9,5,2,3,1,1,1,1
usr_4348,2026-05-03 10:54:41.625080,1,8,13,3,4,1,1,1,1
usr_4349,2026-05-02 17:43:45.556896,1,8,4,4,3,1,1,1,1
usr_4350,,0,3,1,0,0,1,1,0,0
usr_4351,,0,7,3,5,2,1,1,1,1
usr_4352,2026-05-10 04:16:04.071091,1,1,4,1,0,1,1,1,0
usr_4353,2026-05-12 03:49:40.131635,1,11,6,0,1,1,1,0,1
usr_4354,2026-05-06 22:43:56.677348,1,1,0,0,0,1,0,0,0
usr_4355,,0,3,3,0,0,1,1,0,0
usr_4356,,0,9,5,4,4,1,1,1,1
usr_4357,2026-05-03 10:48:22.148484,1,3,1,1,2,1,1,1,1
usr_4358,,0,9,3,2,1,1,1,1,1
usr_4359,2026-05-05 17:32:58.727504,1,2,2,0,0,1,1,0,0
usr_4360,,0,3,4,1,1,1,1,1,1
usr_4361,2026-05-03 03:54:33.494357,1,9,3,7,0,1,1,1,0
usr_4362,,0,3,7,2,1,1,1,1,1
usr_4363,2026-05-07 07:39:53.090410,1,8,4,1,2,1,1,1,1
usr_4364,,0,6,2,0,1,1,1,0,1
usr_4365,2026-05-13 12:56:17.751494,1,4,1,0,1,1,1,0,1
usr_4366,,0,5,2,0,0,1,1,0,0
usr_4367,,0,8,5,3,3,1,1,1,1
usr_4368,2026-08-05 18:36:47.736444,1,12,14,6,4,1,1,1,1
usr_4369,2026-05-06 15:31:37.682177,1,10,0,3,2,1,0,1,1
usr_4370,2026-05-04 05:45:48.797981,1,16,8,6,4,1,1,1,1
usr_4371,2026-05-09 03:49:31.700022,1,22,15,5,4,1,1,1,1
usr_4372,2026-05-06 18:24:49.426336,1,9,4,2,5,1,1,1,1
usr_4373,2026-05-05 11:18:44.619377,1,8,5,3,2,1,1,1,1
usr_4374,,0,4,1,3,0,1,1,1,0
usr_4375,,0,5,6,1,2,1,1,1,1
usr_4376,2026-06-14 16:26:30.760725,1,3,0,0,2,1,0,0,1
usr_4377,2026-05-05 03:44:45.524461,1,19,15,9,4,1,1,1,1
usr_4378,2026-05-05 04:27:54.023953,1,12,12,2,3,1,1,1,1
usr_4379,,0,7,4,1,0,1,1,1,0
usr_4380,2026-05-07 22:00:07.314731,1,4,5,5,0,1,1,1,0
usr_4381,2026-06-20 23:01:01.120047,1,7,3,3,1,1,1,1,1
usr_4382,2026-05-09 11:13:14.733626,1,14,2,2,0,1,1,1,0
usr_4383,2026-05-09 23:46:40.769390,1,4,6,2,1,1,1,1,1
usr_4384,,0,21,10,1,5,1,1,1,1
usr_4385,2026-05-22 02:49:23.404533,1,4,1,2,0,1,1,1,0
usr_4386,2026-05-06 04:46:51.699323,1,10,6,2,3,1,1,1,1
usr_4387,2026-05-13 22:53:39.505177,1,3,6,0,4,1,1,0,1
usr_4388,,0,6,1,1,1,1,1,1,1
usr_4389,2026-05-08 06:15:22.464130,1,12,3,4,3,1,1,1,1
usr_4390,2026-05-07 15:36:40.094740,1,18,13,9,3,1,1,1,1
usr_4391,2026-05-05 18:01:59.933864,1,15,7,1,7,1,1,1,1
usr_4392,2026-05-11 13:12:18.979765,1,5,1,0,2,1,1,0,1
usr_4393,2026-05-07 11:43:04.219943,1,5,1,4,1,1,1,1,1
usr_4394,2026-05-07 10:28:36.848978,1,17,12,13,4,1,1,1,1
usr_4395,2026-05-08 06:57:18.308935,1,14,4,1,3,1,1,1,1
usr_4396,2026-05-19 12:58:05.616720,1,16,8,6,5,1,1,1,1
usr_4397,2026-05-31 10:55:37.447818,1,9,2,1,3,1,1,1,1
usr_4398,2026-05-29 22:01:23.745446,1,11,3,0,3,1,1,0,1
usr_4399,2026-05-08 04:48:08.228642,1,6,4,7,1,1,1,1,1
usr_4400,2026-05-09 07:53:43.245802,1,11,8,7,2,1,1,1,1
usr_4401,,0,3,3,0,0,1,1,0,0
usr_4402,2026-05-17 11:59:12.898431,1,16,5,8,3,1,1,1,1
usr_4403,2026-05-25 10:41:05.741911,1,14,5,3,8,1,1,1,1
usr_4404,2026-06-02 23:48:30.702978,1,15,5,3,2,1,1,1,1
usr_4405,,0,0,2,1,0,0,1,1,0
usr_4406,2026-05-19 07:03:00.236332,1,6,3,3,0,1,1,1,0
usr_4407,,0,1,1,1,0,1,1,1,0
usr_4408,2026-05-16 05:53:20.679121,1,14,4,3,3,1,1,1,1
usr_4409,2026-05-10 09:52:30.847061,1,11,8,2,3,1,1,1,1
usr_4410,2026-05-09 11:50:32.369651,1,13,5,8,9,1,1,1,1
usr_4411,2026-05-14 01:45:19.239845,1,27,12,6,5,1,1,1,1
usr_4412,2026-05-14 15:39:19.587158,1,10,8,4,2,1,1,1,1
usr_4413,2026-05-13 05:12:48.587016,1,13,6,3,2,1,1,1,1
usr_4414,2026-05-23 05:52:11.798035,1,6,4,3,3,1,1,1,1
usr_4415,2026-05-17 12:20:05.214562,1,17,7,5,2,1,1,1,1
usr_4416,2026-05-10 16:21:58.074018,1,3,1,0,1,1,1,0,1
usr_4417,2026-05-28 06:53:04.523164,1,5,2,0,0,1,1,0,0
usr_4418,2026-05-08 12:07:39.112996,1,8,2,1,1,1,1,1,1
usr_4419,2026-05-09 00:10:32.108090,1,13,9,1,4,1,1,1,1
usr_4420,2026-05-09 22:05:51.535596,1,19,9,6,7,1,1,1,1
usr_4421,,0,0,0,1,1,0,0,1,1
usr_4422,2026-06-01 08:28:53.252561,1,3,4,4,2,1,1,1,1
usr_4423,2026-05-12 16:57:53.765984,1,10,4,2,1,1,1,1,1
usr_4424,2026-05-19 08:26:04.466253,1,15,7,3,3,1,1,1,1
usr_4425,2026-05-08 03:04:20.764413,1,32,6,6,5,1,1,1,1
usr_4426,,0,6,2,2,1,1,1,1,1
usr_4427,,0,8,2,0,2,1,1,0,1
usr_4428,,0,8,4,1,0,1,1,1,0
usr_4429,2026-05-15 01:44:55.554182,1,9,4,3,3,1,1,1,1
usr_4430,2026-05-24 10:32:28.718314,1,4,4,0,1,1,1,0,1
usr_4431,2026-05-13 17:32:55.221139,1,10,6,6,3,1,1,1,1
usr_4432,2026-05-24 15:42:06.174520,1,7,10,2,2,1,1,1,1
usr_4433,2026-05-10 09:32:30.244166,1,2,1,1,3,1,1,1,1
usr_4434,,0,0,4,0,0,0,1,0,0
usr_4435,2026-05-09 07:39:32.662808,1,2,1,2,1,1,1,1,1
usr_4436,2026-05-12 11:30:38.105931,1,17,17,6,4,1,1,1,1
usr_4437,2026-05-09 01:36:48.293133,1,3,1,1,1,1,1,1,1
usr_4438,2026-05-10 06:50:20.328126,1,4,5,3,1,1,1,1,1
usr_4439,,0,2,2,2,0,1,1,1,0
usr_4440,,0,4,2,0,0,1,1,0,0
usr_4441,,0,9,3,2,0,1,1,1,0
usr_4442,2026-06-04 13:12:54.272029,1,2,1,2,2,1,1,1,1
usr_4443,2026-05-11 07:05:29.233967,1,3,0,2,0,1,0,1,0
usr_4444,2026-05-10 00:59:46.023625,1,27,13,7,1,1,1,1,1
usr_4445,2026-05-14 23:31:56.069572,1,6,6,4,3,1,1,1,1
usr_4446,,0,4,1,4,0,1,1,1,0
usr_4447,2026-05-12 18:58:20.237984,1,15,4,7,0,1,1,1,0
usr_4448,2026-05-17 08:49:11.507309,1,5,3,0,2,1,1,0,1
usr_4449,2026-05-10 17:35:42.791127,1,9,5,6,1,1,1,1,1
usr_4450,2026-05-10 02:18:10.941446,1,0,1,1,1,0,1,1,1
usr_4451,,0,0,0,0,1,0,0,0,1
usr_4452,2026-05-11 19:15:01.599408,1,9,3,1,2,1,1,1,1
usr_4453,,0,8,4,2,4,1,1,1,1
usr_4454,2026-06-09 16:11:28.900725,1,12,11,4,7,1,1,1,1
usr_4455,,0,6,2,1,2,1,1,1,1
usr_4456,2026-05-24 21:07:08.493987,1,6,4,2,3,1,1,1,1
usr_4457,,0,9,9,1,1,1,1,1,1
usr_4458,2026-05-12 11:53:45.013909,1,2,0,0,1,1,0,0,1
usr_4459,,0,6,3,3,3,1,1,1,1
usr_4460,,0,3,5,0,0,1,1,0,0
usr_4461,,0,2,5,1,2,1,1,1,1
usr_4462,,0,4,3,2,2,1,1,1,1
usr_4463,2026-05-14 20:15:28.157445,1,17,4,6,2,1,1,1,1
usr_4464,2026-06-15 02:28:34.244603,1,7,0,0,0,1,0,0,0
usr_4465,2026-05-11 21:51:52.216808,1,25,16,9,5,1,1,1,1
usr_4466,2026-05-29 11:03:03.010637,1,2,5,3,2,1,1,1,1
usr_4467,2026-05-18 16:28:54.279203,1,4,4,2,1,1,1,1,1
usr_4468,2026-05-13 03:48:18.238767,1,17,12,5,0,1,1,1,0
usr_4469,,0,13,8,3,2,1,1,1,1
usr_4470,2026-05-25 09:03:34.111261,1,2,2,3,1,1,1,1,1
usr_4471,2026-05-13 20:27:03.746598,1,13,9,3,1,1,1,1,1
usr_4472,2026-05-21 01:17:08.579044,1,11,8,4,2,1,1,1,1
usr_4473,2026-05-19 14:48:26.782385,1,4,3,0,1,1,1,0,1
usr_4474,2026-06-19 15:51:20.370011,1,3,4,2,1,1,1,1,1
usr_4475,,0,2,2,2,0,1,1,1,0
usr_4476,2026-06-06 02:01:28.721402,1,8,4,3,3,1,1,1,1
usr_4477,2026-05-16 20:24:35.393982,1,9,6,3,6,1,1,1,1
usr_4478,2026-05-15 01:53:08.644983,1,3,4,2,2,1,1,1,1
usr_4479,2026-05-16 07:15:06.827699,1,12,5,5,0,1,1,1,0
usr_4480,2026-05-22 01:28:19.847465,1,27,11,3,5,1,1,1,1
usr_4481,,0,9,6,4,1,1,1,1,1
usr_4482,2026-05-31 13:31:54.984792,1,4,6,1,0,1,1,1,0
usr_4483,2026-06-06 02:48:43.286100,1,3,3,3,1,1,1,1,1
usr_4484,2026-05-22 07:09:36.924662,1,6,3,2,1,1,1,1,1
usr_4485,,0,3,2,1,2,1,1,1,1
usr_4486,2026-05-23 14:14:17.816079,1,5,1,0,0,1,1,0,0
usr_4487,2026-05-19 16:27:27.619624,1,1,4,0,0,1,1,0,0
usr_4488,,0,10,7,2,5,1,1,1,1
usr_4489,2026-05-19 03:22:25.663271,1,6,5,4,1,1,1,1,1
usr_4490,2026-05-14 15:56:24.478648,1,17,18,3,3,1,1,1,1
usr_4491,,0,11,4,1,0,1,1,1,0
usr_4492,,0,10,9,1,3,1,1,1,1
usr_4493,2026-05-15 06:45:36.964776,1,3,1,0,0,1,1,0,0
usr_4494,2026-05-18 18:37:46.734898,1,8,6,1,1,1,1,1,1
usr_4495,2026-05-27 20:40:17.199195,1,2,3,1,0,1,1,1,0
usr_4496,,0,7,0,1,0,1,0,1,0
usr_4497,2026-06-10 20:37:33.019420,1,12,6,5,3,1,1,1,1
usr_4498,2026-06-09 15:23:58.140945,1,13,5,3,2,1,1,1,1
usr_4499,,0,20,7,4,2,1,1,1,1
usr_4500,2026-05-14 23:14:07.921637,1,4,0,1,1,1,0,1,1
usr_4501,2026-06-10 08:12:54.944224,1,10,6,2,2,1,1,1,1
usr_4502,2026-05-17 18:35:32.918262,1,12,2,2,0,1,1,1,0
usr_4503,2026-05-14 23:15:24.763267,1,2,4,0,1,1,1,0,1
usr_4504,2026-05-23 19:00:31.196133,1,7,2,1,1,1,1,1,1
usr_4505,,0,4,1,1,0,1,1,1,0
usr_4506,,0,3,2,0,0,1,1,0,0
usr_4507,2026-05-17 18:23:03.295465,1,6,3,6,1,1,1,1,1
usr_4508,2026-06-06 13:05:39.741123,1,3,3,1,0,1,1,1,0
usr_4509,2026-05-17 15:59:00.184692,1,9,9,2,1,1,1,1,1
usr_4510,2026-05-18 23:50:42.461093,1,1,5,2,1,1,1,1,1
usr_4511,,0,1,0,0,0,1,0,0,0
usr_4512,2026-05-19 15:00:14.934247,1,3,3,1,0,1,1,1,0
usr_4513,,0,2,4,3,1,1,1,1,1
usr_4514,,0,4,5,2,0,1,1,1,0
usr_4515,2026-05-17 19:52:30.094419,1,22,17,10,3,1,1,1,1
usr_4516,2026-05-19 10:46:09.930816,1,5,3,0,1,1,1,0,1
usr_4517,2026-05-25 02:36:40.323463,1,16,5,5,4,1,1,1,1
usr_4518,2026-05-21 05:26:27.950048,1,16,7,7,4,1,1,1,1
usr_4519,,0,3,3,1,1,1,1,1,1
usr_4520,2026-05-17 04:43:56.309291,1,3,6,0,0,1,1,0,0
usr_4521,,0,11,6,5,2,1,1,1,1
usr_4522,2026-05-19 00:09:09.310784,1,14,2,5,4,1,1,1,1
usr_4523,,0,3,3,1,1,1,1,1,1
usr_4524,,0,5,0,2,2,1,0,1,1
usr_4525,2026-05-17 13:59:10.836099,1,30,21,2,10,1,1,1,1
usr_4526,2026-05-18 22:54:08.032723,1,4,5,3,5,1,1,1,1
usr_4527,2026-05-19 17:23:27.884306,1,34,12,9,6,1,1,1,1
usr_4528,2026-05-25 19:18:07.777311,1,7,6,2,0,1,1,1,0
usr_4529,2026-05-20 12:20:33.865938,1,7,4,2,2,1,1,1,1
usr_4530,,0,7,2,2,2,1,1,1,1
usr_4531,2026-05-20 19:45:35.722203,1,29,11,6,7,1,1,1,1
usr_4532,2026-05-17 00:02:02.107176,1,9,5,3,2,1,1,1,1
usr_4533,2026-05-23 11:20:48.571902,1,7,5,4,4,1,1,1,1
usr_4534,2026-05-23 03:04:37.407035,1,8,6,7,3,1,1,1,1
usr_4535,,0,7,4,3,1,1,1,1,1
usr_4536,2026-05-17 23:54:05.116791,1,12,5,3,0,1,1,1,0
usr_4537,2026-05-22 05:52:46.624293,1,4,2,0,1,1,1,0,1
usr_4538,,0,3,0,0,0,1,0,0,0
usr_4539,2026-06-09 14:20:24.263623,1,3,2,1,1,1,1,1,1
usr_4540,2026-07-02 17:58:55.931077,1,15,6,7,7,1,1,1,1
usr_4541,2026-05-20 10:11:07.617108,1,5,2,0,2,1,1,0,1
usr_4542,,0,1,2,0,0,1,1,0,0
usr_4543,2026-05-30 20:45:35.789469,1,2,2,2,0,1,1,1,0
usr_4544,,0,3,0,0,0,1,0,0,0
usr_4545,2026-06-11 09:46:50.332779,1,8,5,4,1,1,1,1,1
usr_4546,,0,19,18,5,5,1,1,1,1
usr_4547,2026-05-25 17:09:21.723314,1,5,1,2,0,1,1,1,0
usr_4548,2026-05-20 13:55:43.653767,1,4,3,0,1,1,1,0,1
usr_4549,2026-05-27 13:32:14.680523,1,12,7,2,3,1,1,1,1
usr_4550,,0,5,0,1,1,1,0,1,1
usr_4551,2026-05-30 10:46:39.563905,1,9,5,0,3,1,1,0,1
usr_4552,2026-05-21 12:06:53.608667,1,0,1,1,0,0,1,1,0
usr_4553,2026-05-28 19:19:02.420204,1,4,4,2,1,1,1,1,1
usr_4554,2026-05-24 00:12:02.230907,1,2,2,0,0,1,1,0,0
usr_4555,2026-05-18 06:55:52.173474,1,4,2,4,0,1,1,1,0
usr_4556,2026-05-19 08:20:53.383484,1,12,3,4,6,1,1,1,1
usr_4557,,0,3,3,2,1,1,1,1,1
usr_4558,2026-05-27 09:05:46.816812,1,2,1,0,0,1,1,0,0
usr_4559,2026-07-09 18:11:31.938891,1,9,4,2,1,1,1,1,1
usr_4560,2026-06-12 15:45:26.529453,1,8,3,3,3,1,1,1,1
usr_4561,,0,4,1,2,1,1,1,1,1
usr_4562,2026-05-23 10:45:49.438315,1,9,7,8,4,1,1,1,1
usr_4563,2026-05-19 04:15:21.518933,1,6,6,3,1,1,1,1,1
usr_4564,2026-06-02 03:17:44.861930,1,10,9,7,6,1,1,1,1
usr_4565,2026-05-21 09:29:49.925455,1,7,5,0,4,1,1,0,1
usr_4566,,0,0,2,0,1,0,1,0,1
usr_4567,2026-05-30 18:49:05.727987,1,6,1,2,0,1,1,1,0
usr_4568,,0,3,2,0,0,1,1,0,0
usr_4569,,0,3,2,2,1,1,1,1,1
usr_4570,,0,4,0,4,0,1,0,1,0
usr_4571,2026-06-09 01:06:01.642572,1,5,7,2,0,1,1,1,0
usr_4572,2026-06-30 13:22:15.937184,1,5,3,2,1,1,1,1,1
usr_4573,,0,7,2,0,0,1,1,0,0
usr_4574,2026-06-17 09:16:04.622062,1,19,9,8,2,1,1,1,1
usr_4575,,0,1,0,0,0,1,0,0,0
usr_4576,,0,4,3,1,0,1,1,1,0
usr_4577,2026-05-30 08:36:55.944938,1,18,9,5,1,1,1,1,1
usr_4578,2026-05-23 01:47:52.841905,1,2,2,1,0,1,1,1,0
usr_4579,2026-05-27 03:45:46.050839,1,11,9,6,2,1,1,1,1
usr_4580,2026-05-27 18:45:39.973083,1,14,11,3,1,1,1,1,1
usr_4581,2026-05-24 13:09:52.602616,1,10,5,3,3,1,1,1,1
usr_4582,2026-05-25 19:56:54.081091,1,3,1,1,0,1,1,1,0
usr_4583,2026-06-08 20:54:45.571180,1,3,4,0,0,1,1,0,0
usr_4584,2026-05-23 02:02:03.116703,1,6,3,1,0,1,1,1,0
usr_4585,2026-05-24 12:11:40.370849,1,8,6,0,2,1,1,0,1
usr_4586,,0,8,2,1,0,1,1,1,0
usr_4587,,0,26,9,9,3,1,1,1,1
usr_4588,2026-05-28 10:33:12.202875,1,3,1,4,1,1,1,1,1
usr_4589,2026-06-01 22:35:12.825014,1,10,5,3,0,1,1,1,0
usr_4590,2026-05-24 22:32:28.337772,1,12,1,2,1,1,1,1,1
usr_4591,2026-05-28 18:41:48.394440,1,4,6,3,0,1,1,1,0
usr_4592,2026-05-21 23:45:40.241668,1,8,1,2,1,1,1,1,1
usr_4593,2026-05-27 06:15:03.988420,1,3,2,3,1,1,1,1,1
usr_4594,,0,8,5,0,1,1,1,0,1
usr_4595,,0,11,6,4,0,1,1,1,0
usr_4596,,0,1,0,1,0,1,0,1,0
usr_4597,2026-05-27 16:26:25.369488,1,11,10,4,7,1,1,1,1
usr_4598,2026-05-22 03:20:32.250083,1,9,2,0,1,1,1,0,1
usr_4599,2026-05-24 22:38:39.484759,1,12,5,2,0,1,1,1,0
usr_4600,2026-05-24 15:27:42.624932,1,10,7,7,5,1,1,1,1
usr_4601,2026-05-22 19:31:16.878642,1,9,2,4,5,1,1,1,1
usr_4602,2026-06-27 23:32:55.928081,1,6,3,1,2,1,1,1,1
usr_4603,,0,8,9,5,0,1,1,1,0
usr_4604,2026-05-23 12:27:03.293585,1,6,3,0,2,1,1,0,1
usr_4605,2026-05-23 04:17:29.416105,1,18,11,7,3,1,1,1,1
usr_4606,2026-05-23 01:00:39.420009,1,17,5,4,4,1,1,1,1
usr_4607,2026-05-31 12:31:48.776251,1,9,7,4,0,1,1,1,0
usr_4608,,0,0,1,0,0,0,1,0,0
usr_4609,2026-06-12 02:32:36.266137,1,4,1,2,0,1,1,1,0
usr_4610,2026-05-22 04:57:51.185436,1,8,7,3,2,1,1,1,1
usr_4611,,0,6,5,0,2,1,1,0,1
usr_4612,2026-06-01 13:50:44.625416,1,8,6,2,2,1,1,1,1
usr_4613,2026-05-22 22:49:23.337226,1,11,6,4,2,1,1,1,1
usr_4614,2026-05-26 00:39:23.124077,1,7,2,0,0,1,1,0,0
usr_4615,2026-05-22 03:31:19.656627,1,2,2,1,0,1,1,1,0
usr_4616,,0,4,3,0,1,1,1,0,1
usr_4617,2026-05-22 00:56:38.868337,1,29,16,10,6,1,1,1,1
usr_4618,2026-05-26 23:13:25.706890,1,5,5,0,3,1,1,0,1
usr_4619,,0,3,1,0,0,1,1,0,0
usr_4620,,0,11,4,1,2,1,1,1,1
usr_4621,2026-05-23 03:49:48.994310,1,14,10,9,4,1,1,1,1
usr_4622,,0,1,1,2,0,1,1,1,0
usr_4623,2026-05-26 23:45:48.046102,1,14,5,4,2,1,1,1,1
usr_4624,2026-05-23 20:50:34.478907,1,8,3,2,4,1,1,1,1
usr_4625,2026-05-24 12:37:41.336245,1,9,13,3,1,1,1,1,1
usr_4626,2026-05-23 18:17:41.389819,1,16,8,5,5,1,1,1,1
usr_4627,2026-05-27 07:45:21.280128,1,13,4,2,4,1,1,1,1
usr_4628,2026-05-29 02:38:13.462212,1,6,7,1,5,1,1,1,1
usr_4629,,0,20,10,7,1,1,1,1,1
usr_4630,2026-06-01 22:23:00.560230,1,8,6,7,0,1,1,1,0
usr_4631,2026-06-04 00:34:58.313802,1,6,2,2,0,1,1,1,0
usr_4632,,0,7,5,4,0,1,1,1,0
usr_4633,2026-06-03 18:20:04.205478,1,15,8,6,5,1,1,1,1
usr_4634,2026-06-10 15:02:44.006471,1,5,1,0,2,1,1,0,1
usr_4635,,0,0,0,0,0,0,0,0,0
usr_4636,2026-05-25 11:48:15.568630,1,29,17,7,6,1,1,1,1
usr_4637,2026-06-07 11:13:21.907823,1,4,3,3,0,1,1,1,0
usr_4638,2026-05-25 03:24:26.968287,1,10,5,3,3,1,1,1,1
usr_4639,2026-05-25 00:22:48.653713,1,12,3,0,1,1,1,0,1
usr_4640,2026-05-25 08:32:56.619884,1,3,1,2,0,1,1,1,0
usr_4641,,0,12,9,5,2,1,1,1,1
usr_4642,2026-06-17 12:19:53.101912,1,8,4,2,4,1,1,1,1
usr_4643,,0,3,4,0,2,1,1,0,1
usr_4644,2026-05-25 19:52:11.548802,1,24,22,9,7,1,1,1,1
usr_4645,,0,0,0,1,2,0,0,1,1
usr_4646,,0,5,3,3,2,1,1,1,1
usr_4647,,0,5,2,0,0,1,1,0,0
usr_4648,2026-05-26 10:58:08.204782,1,7,4,5,0,1,1,1,0
usr_4649,2026-06-14 04:18:11.505143,1,13,4,1,1,1,1,1,1
usr_4650,2026-05-28 19:56:13.534911,1,19,18,5,2,1,1,1,1
usr_4651,2026-06-10 03:25:58.664419,1,8,2,6,3,1,1,1,1
usr_4652,2026-05-27 05:50:02.607619,1,14,6,6,1,1,1,1,1
usr_4653,,0,7,5,3,0,1,1,1,0
usr_4654,,0,1,3,3,1,1,1,1,1
usr_4655,2026-06-06 09:08:19.125561,1,5,5,3,2,1,1,1,1
usr_4656,2026-06-01 17:52:07.711110,1,21,14,8,5,1,1,1,1
usr_4657,,0,2,2,2,1,1,1,1,1
usr_4658,2026-05-26 16:31:21.212816,1,10,6,2,1,1,1,1,1
usr_4659,2026-05-26 13:37:42.526380,1,16,4,7,7,1,1,1,1
usr_4660,2026-05-26 23:49:09.908400,1,15,6,2,4,1,1,1,1
usr_4661,,0,9,4,4,1,1,1,1,1
usr_4662,2026-06-08 02:50:00.043070,1,13,9,2,4,1,1,1,1
usr_4663,2026-05-30 15:41:58.146046,1,3,1,0,1,1,1,0,1
usr_4664,2026-05-27 17:18:35.877583,1,21,13,5,5,1,1,1,1
usr_4665,2026-06-02 23:17:28.780239,1,6,1,1,1,1,1,1,1
usr_4666,2026-06-11 17:23:23.077554,1,8,1,4,0,1,1,1,0
usr_4667,,0,11,9,2,3,1,1,1,1
usr_4668,,0,3,2,0,1,1,1,0,1
usr_4669,2026-05-27 22:11:25.582127,1,15,5,7,3,1,1,1,1
usr_4670,,0,1,1,0,0,1,1,0,0
usr_4671,,0,2,4,1,1,1,1,1,1
usr_4672,,0,7,4,3,0,1,1,1,0
usr_4673,2026-05-26 15:43:17.161759,1,21,9,6,1,1,1,1,1
usr_4674,2026-06-04 18:10:32.022013,1,15,3,3,0,1,1,1,0
usr_4675,2026-05-28 13:45:24.010435,1,4,1,1,1,1,1,1,1
usr_4676,2026-06-03 13:56:29.326055,1,5,4,1,2,1,1,1,1
usr_4677,,0,7,2,4,4,1,1,1,1
usr_4678,2026-05-28 16:28:08.796384,1,17,12,5,6,1,1,1,1
usr_4679,2026-05-28 03:47:27.788465,1,12,6,5,1,1,1,1,1
usr_4680,2026-05-31 15:06:35.057200,1,17,11,4,5,1,1,1,1
usr_4681,2026-06-03 09:26:43.115208,1,13,6,4,6,1,1,1,1
usr_4682,,0,1,0,0,1,1,0,0,1
usr_4683,2026-05-29 12:10:07.728230,1,7,5,4,3,1,1,1,1
usr_4684,,0,10,3,1,0,1,1,1,0
usr_4685,,0,19,7,7,0,1,1,1,0
usr_4686,2026-05-28 13:01:14.119602,1,18,14,8,7,1,1,1,1
usr_4687,2026-05-28 02:29:21.342861,1,16,8,6,3,1,1,1,1
usr_4688,2026-06-12 10:18:53.769168,1,6,2,3,1,1,1,1,1
usr_4689,2026-06-08 06:26:46.024100,1,9,2,4,4,1,1,1,1
usr_4690,2026-05-28 00:42:28.696508,1,15,8,6,2,1,1,1,1
usr_4691,2026-05-28 01:19:08.050821,1,15,12,7,6,1,1,1,1
usr_4692,2026-05-30 15:23:07.666592,1,10,4,2,2,1,1,1,1
usr_4693,,0,4,2,0,1,1,1,0,1
usr_4694,2026-06-05 12:25:31.480254,1,4,3,9,0,1,1,1,0
usr_4695,2026-06-02 07:46:09.749331,1,9,7,3,3,1,1,1,1
usr_4696,2026-05-28 04:20:10.271806,1,2,1,3,0,1,1,1,0
usr_4697,,0,7,2,2,2,1,1,1,1
usr_4698,2026-05-30 22:45:13.345926,1,9,5,4,4,1,1,1,1
usr_4699,2026-06-02 00:55:48.240204,1,12,6,5,0,1,1,1,0
usr_4700,,0,12,8,1,5,1,1,1,1
usr_4701,2026-05-29 14:28:04.242231,1,9,8,11,3,1,1,1,1
usr_4702,2026-06-14 18:58:18.082925,1,10,4,0,3,1,1,0,1
usr_4703,2026-05-29 10:07:30.729654,1,6,1,2,3,1,1,1,1
usr_4704,2026-05-29 04:50:07.854604,1,11,11,2,3,1,1,1,1
usr_4705,2026-06-11 04:36:07.518372,1,6,6,4,2,1,1,1,1
usr_4706,,0,7,3,3,0,1,1,1,0
usr_4707,2026-06-03 22:35:36.041951,1,13,8,9,2,1,1,1,1
usr_4708,,0,4,2,0,1,1,1,0,1
usr_4709,2026-06-15 22:23:12.858345,1,3,2,0,0,1,1,0,0
usr_4710,2026-05-29 02:32:50.511304,1,7,5,2,1,1,1,1,1
usr_4711,2026-06-20 22:42:25.069976,1,12,2,0,1,1,1,0,1
usr_4712,2026-06-12 03:19:09.557901,1,10,5,2,1,1,1,1,1
usr_4713,2026-06-06 20:41:57.827425,1,8,2,5,2,1,1,1,1
usr_4714,2026-06-16 10:13:32.777081,1,3,4,2,0,1,1,1,0
usr_4715,,0,7,2,2,0,1,1,1,0
usr_4716,,0,3,1,2,0,1,1,1,0
usr_4717,2026-06-01 19:41:07.185489,1,14,5,3,2,1,1,1,1
usr_4718,,0,3,0,1,1,1,0,1,1
usr_4719,2026-06-09 03:34:28.441548,1,14,5,2,2,1,1,1,1
usr_4720,2026-06-08 02:21:09.607722,1,8,3,1,0,1,1,1,0
usr_4721,,0,8,3,3,1,1,1,1,1
usr_4722,2026-05-31 21:06:00.557718,1,2,0,2,0,1,0,1,0
usr_4723,2026-06-13 14:10:55.801016,1,8,5,3,1,1,1,1,1
usr_4724,,0,9,5,3,1,1,1,1,1
usr_4725,2026-05-31 09:15:16.173597,1,17,11,6,4,1,1,1,1
usr_4726,2026-06-05 01:48:13.613026,1,14,8,4,2,1,1,1,1
usr_4727,,0,5,5,3,1,1,1,1,1
usr_4728,,0,2,1,1,2,1,1,1,1
usr_4729,,0,2,0,1,0,1,0,1,0
usr_4730,2026-06-04 12:29:36.612136,1,4,10,5,4,1,1,1,1
usr_4731,2026-06-23 04:30:16.394338,1,1,1,0,3,1,1,0,1
usr_4732,,0,2,3,0,2,1,1,0,1
usr_4733,2026-06-28 16:07:10.975266,1,14,9,3,9,1,1,1,1
usr_4734,,0,3,1,1,1,1,1,1,1
usr_4735,,0,6,4,3,3,1,1,1,1
usr_4736,,0,4,3,0,0,1,1,0,0
usr_4737,2026-06-03 16:19:22.245544,1,7,6,2,5,1,1,1,1
usr_4738,2026-05-31 07:44:29.384660,1,4,1,1,0,1,1,1,0
usr_4739,2026-06-06 02:09:56.063510,1,7,6,2,1,1,1,1,1
usr_4740,2026-06-01 04:50:01.046644,1,15,5,1,6,1,1,1,1
usr_4741,2026-06-19 17:49:34.949815,1,11,0,2,2,1,0,1,1
usr_4742,2026-06-06 15:55:23.746244,1,6,2,1,0,1,1,1,0
usr_4743,,0,5,6,2,4,1,1,1,1
usr_4744,2026-06-05 03:16:43.326097,1,22,8,3,4,1,1,1,1
usr_4745,2026-07-09 11:05:13.016000,1,1,1,0,1,1,1,0,1
usr_4746,2026-06-01 17:54:21.072997,1,10,2,2,2,1,1,1,1
usr_4747,,0,4,9,1,0,1,1,1,0
usr_4748,2026-06-04 18:13:48.826185,1,9,10,2,1,1,1,1,1
usr_4749,2026-06-02 00:24:50.635925,1,18,10,6,5,1,1,1,1
usr_4750,2026-06-22 07:47:22.732078,1,8,2,1,3,1,1,1,1
usr_4751,,0,5,1,3,0,1,1,1,0
usr_4752,,0,6,2,2,2,1,1,1,1
usr_4753,2026-06-06 16:04:54.836163,1,14,10,5,6,1,1,1,1
usr_4754,,0,7,3,1,0,1,1,1,0
usr_4755,2026-06-02 22:27:05.741550,1,18,13,7,4,1,1,1,1
usr_4756,,0,9,6,3,1,1,1,1,1
usr_4757,2026-06-02 01:42:40.919227,1,19,11,5,4,1,1,1,1
usr_4758,2026-06-07 15:27:02.151669,1,23,6,2,7,1,1,1,1
usr_4759,2026-06-04 22:21:48.074966,1,5,3,4,1,1,1,1,1
usr_4760,2026-06-05 22:31:19.834497,1,11,1,0,2,1,1,0,1
usr_4761,2026-06-17 17:26:27.649746,1,10,15,3,1,1,1,1,1
usr_4762,,0,2,1,3,0,1,1,1,0
usr_4763,2026-06-06 07:51:55.772061,1,9,4,4,1,1,1,1,1
usr_4764,2026-06-05 04:22:09.396237,1,24,9,10,6,1,1,1,1
usr_4765,2026-06-09 06:37:28.981878,1,3,0,2,0,1,0,1,0
usr_4766,,0,3,2,0,2,1,1,0,1
usr_4767,2026-06-04 01:36:04.643385,1,4,9,3,2,1,1,1,1
usr_4768,2026-06-11 08:38:04.433685,1,4,2,1,1,1,1,1,1
usr_4769,2026-06-18 21:39:44.602183,1,1,1,1,1,1,1,1,1
usr_4770,2026-06-29 02:49:29.371611,1,22,16,4,9,1,1,1,1
usr_4771,2026-06-04 17:16:31.720836,1,6,1,2,1,1,1,1,1
usr_4772,,0,1,1,1,0,1,1,1,0
usr_4773,2026-06-04 09:33:06.674456,1,3,1,3,4,1,1,1,1
usr_4774,2026-06-06 05:54:08.428924,1,9,2,4,2,1,1,1,1
usr_4775,2026-06-06 02:19:15.662178,1,5,2,2,1,1,1,1,1
usr_4776,,0,0,1,0,0,0,1,0,0
usr_4777,,0,5,2,0,1,1,1,0,1
usr_4778,2026-06-06 08:35:27.086302,1,7,3,0,2,1,1,0,1
usr_4779,2026-06-06 04:12:12.686779,1,8,11,2,1,1,1,1,1
usr_4780,2026-06-04 14:23:03.072763,1,10,7,7,6,1,1,1,1
usr_4781,,0,1,3,0,1,1,1,0,1
usr_4782,2026-07-21 10:29:27.402458,1,2,0,0,0,1,0,0,0
usr_4783,2026-06-12 03:03:45.887693,1,9,5,3,1,1,1,1,1
usr_4784,2026-07-06 04:16:29.491281,1,7,5,1,1,1,1,1,1
usr_4785,2026-06-05 17:58:43.694732,1,20,7,7,4,1,1,1,1
usr_4786,,0,2,4,0,0,1,1,0,0
usr_4787,2026-06-04 02:53:22.394491,1,32,18,5,4,1,1,1,1
usr_4788,,0,3,0,0,0,1,0,0,0
usr_4789,2026-06-19 14:06:55.842470,1,6,3,1,1,1,1,1,1
usr_4790,2026-06-09 08:07:20.488263,1,7,1,2,0,1,1,1,0
usr_4791,,0,10,4,2,1,1,1,1,1
usr_4792,2026-06-07 22:41:35.845363,1,7,7,1,0,1,1,1,0
usr_4793,2026-06-05 09:56:36.069221,1,11,6,3,5,1,1,1,1
usr_4794,,0,1,0,0,0,1,0,0,0
usr_4795,2026-06-06 19:52:08.841510,1,8,2,2,0,1,1,1,0
usr_4796,,0,13,5,2,1,1,1,1,1
usr_4797,2026-06-10 12:35:49.263828,1,14,5,6,6,1,1,1,1
usr_4798,2026-06-13 08:36:30.997621,1,20,4,2,1,1,1,1,1
usr_4799,2026-06-14 01:19:24.270395,1,2,3,2,2,1,1,1,1
usr_4800,2026-06-14 03:03:56.857863,1,18,9,1,4,1,1,1,1
usr_4801,2026-06-10 14:43:33.242402,1,2,1,0,0,1,1,0,0
usr_4802,2026-06-09 18:54:58.378439,1,23,9,6,7,1,1,1,1
usr_4803,,0,6,4,1,1,1,1,1,1
usr_4804,2026-06-10 22:41:53.999074,1,1,0,3,0,1,0,1,0
usr_4805,2026-06-17 05:22:09.004262,1,17,5,6,2,1,1,1,1
usr_4806,2026-06-06 05:05:09.792930,1,20,15,5,5,1,1,1,1
usr_4807,,0,4,3,2,0,1,1,1,0
usr_4808,,0,9,5,5,1,1,1,1,1
usr_4809,,0,4,6,2,0,1,1,1,0
usr_4810,2026-06-14 16:43:41.510883,1,11,6,4,3,1,1,1,1
usr_4811,2026-06-09 03:06:57.693477,1,12,8,3,3,1,1,1,1
usr_4812,2026-06-09 04:48:12.902343,1,12,6,2,1,1,1,1,1
usr_4813,2026-06-28 00:04:09.151477,1,10,12,2,4,1,1,1,1
usr_4814,,0,7,5,1,0,1,1,1,0
usr_4815,2026-06-08 19:02:17.157556,1,15,13,4,1,1,1,1,1
usr_4816,2026-08-07 11:59:00.194973,1,4,1,2,4,1,1,1,1
usr_4817,2026-06-08 10:51:03.249337,1,8,6,6,2,1,1,1,1
usr_4818,2026-06-15 14:02:19.589905,1,11,6,5,5,1,1,1,1
usr_4819,2026-07-07 08:41:53.564915,1,5,1,3,1,1,1,1,1
usr_4820,2026-06-21 21:55:47.892392,1,19,8,7,9,1,1,1,1
usr_4821,2026-06-08 14:36:52.571816,1,28,15,7,5,1,1,1,1
usr_4822,,0,16,8,4,0,1,1,1,0
usr_4823,2026-06-08 08:47:36.437722,1,7,4,2,1,1,1,1,1
usr_4824,,0,10,3,2,3,1,1,1,1
usr_4825,2026-06-14 16:26:01.732682,1,1,1,0,1,1,1,0,1
usr_4826,2026-06-21 11:42:28.518589,1,6,2,0,0,1,1,0,0
usr_4827,,0,3,1,0,0,1,1,0,0
usr_4828,2026-06-10 21:02:51.738081,1,22,7,12,7,1,1,1,1
usr_4829,2026-06-25 14:04:03.643863,1,20,13,1,2,1,1,1,1
usr_4830,2026-06-08 14:33:20.706926,1,21,8,8,2,1,1,1,1
usr_4831,2026-06-15 15:24:55.822932,1,14,12,5,3,1,1,1,1
usr_4832,2026-06-08 12:33:28.735240,1,14,13,4,5,1,1,1,1
usr_4833,2026-06-10 18:11:13.842822,1,5,7,4,1,1,1,1,1
usr_4834,2026-06-08 20:01:53.251350,1,12,2,7,1,1,1,1,1
usr_4835,2026-06-11 14:06:33.637166,1,24,10,6,3,1,1,1,1
usr_4836,2026-06-11 02:13:11.102560,1,8,5,6,5,1,1,1,1
usr_4837,,0,6,6,3,2,1,1,1,1
usr_4838,,0,11,10,2,1,1,1,1,1
usr_4839,,0,7,2,0,3,1,1,0,1
usr_4840,2026-06-09 09:18:10.292406,1,3,1,1,0,1,1,1,0
usr_4841,,0,17,12,5,9,1,1,1,1
usr_4842,2026-06-15 03:54:08.713037,1,4,1,1,1,1,1,1,1
usr_4843,2026-06-18 02:21:07.341134,1,5,1,3,4,1,1,1,1
usr_4844,2026-07-05 01:06:33.762410,1,5,0,2,1,1,0,1,1
usr_4845,2026-06-12 12:56:59.512845,1,27,18,9,3,1,1,1,1
usr_4846,2026-06-18 03:58:32.051208,1,23,9,8,3,1,1,1,1
usr_4847,2026-06-11 14:17:52.205838,1,14,6,5,3,1,1,1,1
usr_4848,2026-06-13 03:01:44.095294,1,2,1,5,0,1,1,1,0
usr_4849,,0,21,3,5,1,1,1,1,1
usr_4850,2026-06-12 15:43:06.131949,1,19,8,4,3,1,1,1,1
usr_4851,2026-06-09 13:37:36.272944,1,46,31,11,10,1,1,1,1
usr_4852,2026-06-10 05:04:26.748388,1,13,10,7,5,1,1,1,1
usr_4853,,0,2,2,1,1,1,1,1,1
usr_4854,2026-06-11 14:18:14.205534,1,19,9,3,3,1,1,1,1
usr_4855,,0,12,7,4,1,1,1,1,1
usr_4856,,0,3,4,0,1,1,1,0,1
usr_4857,2026-06-10 16:03:23.184620,1,17,10,7,4,1,1,1,1
usr_4858,2026-06-10 06:37:37.312082,1,14,4,5,2,1,1,1,1
usr_4859,,0,3,2,0,0,1,1,0,0
usr_4860,2026-06-30 11:57:30.813340,1,4,6,0,0,1,1,0,0
usr_4861,2026-06-11 01:59:23.354512,1,16,7,5,4,1,1,1,1
usr_4862,2026-06-16 01:45:29.391010,1,8,5,3,4,1,1,1,1
usr_4863,2026-06-18 03:59:25.896613,1,14,3,4,4,1,1,1,1
usr_4864,2026-06-12 04:55:41.285489,1,6,5,3,3,1,1,1,1
usr_4865,,0,2,0,0,0,1,0,0,0
usr_4866,2026-06-15 22:49:28.427041,1,16,10,5,5,1,1,1,1
usr_4867,2026-06-19 23:24:28.852687,1,2,2,3,6,1,1,1,1
usr_4868,,0,12,3,0,3,1,1,0,1
usr_4869,2026-06-10 03:03:08.796693,1,10,6,7,2,1,1,1,1
usr_4870,,0,2,1,1,1,1,1,1,1
usr_4871,,0,3,2,0,1,1,1,0,1
usr_4872,2026-06-13 11:18:45.189452,1,4,3,3,0,1,1,1,0
usr_4873,2026-06-11 07:33:23.530623,1,4,4,0,1,1,1,0,1
usr_4874,2026-06-13 23:06:16.161919,1,0,1,0,0,0,1,0,0
usr_4875,,0,7,5,3,0,1,1,1,0
usr_4876,2026-06-20 14:23:16.197539,1,8,5,0,2,1,1,0,1
usr_4877,2026-06-12 04:20:13.436890,1,33,14,15,5,1,1,1,1
usr_4878,,0,4,4,1,1,1,1,1,1
usr_4879,,0,2,2,0,0,1,1,0,0
usr_4880,2026-06-16 01:51:03.693081,1,20,9,7,3,1,1,1,1
usr_4881,,0,6,3,3,0,1,1,1,0
usr_4882,2026-06-13 07:57:23.920104,1,16,13,6,1,1,1,1,1
usr_4883,2026-06-17 19:27:32.259003,1,8,7,4,6,1,1,1,1
usr_4884,2026-07-09 07:29:54.166059,1,8,5,2,1,1,1,1,1
usr_4885,2026-06-22 02:01:20.242621,1,4,4,0,2,1,1,0,1
usr_4886,2026-07-03 14:43:38.287467,1,26,13,12,9,1,1,1,1
usr_4887,2026-06-14 05:47:17.189295,1,7,4,0,0,1,1,0,0
usr_4888,,0,0,2,0,0,0,1,0,0
usr_4889,2026-06-12 23:22:49.557204,1,10,4,8,1,1,1,1,1
usr_4890,2026-06-20 09:27:40.815583,1,5,2,3,1,1,1,1,1
usr_4891,2026-06-19 17:40:08.653055,1,5,2,2,3,1,1,1,1
usr_4892,,0,0,0,1,0,0,0,1,0
usr_4893,2026-06-18 01:33:56.232718,1,18,13,8,4,1,1,1,1
usr_4894,2026-06-16 08:39:16.123524,1,14,9,7,2,1,1,1,1
usr_4895,,0,8,3,1,0,1,1,1,0
usr_4896,2026-07-29 19:01:10.410591,1,11,6,3,4,1,1,1,1
usr_4897,,0,2,2,0,2,1,1,0,1
usr_4898,2026-06-14 16:21:54.747201,1,8,5,5,1,1,1,1,1
usr_4899,,0,5,1,1,0,1,1,1,0
usr_4900,2026-06-26 01:40:09.655303,1,3,1,3,1,1,1,1,1
usr_4901,,0,1,0,1,0,1,0,1,0
usr_4902,2026-06-28 02:52:36.732900,1,8,6,7,2,1,1,1,1
usr_4903,2026-06-21 13:06:08.675022,1,6,1,2,2,1,1,1,1
usr_4904,,0,8,3,3,4,1,1,1,1
usr_4905,,0,1,1,0,0,1,1,0,0
usr_4906,2026-06-13 07:13:56.179360,1,8,3,3,3,1,1,1,1
usr_4907,2026-06-21 23:20:19.677173,1,13,8,4,3,1,1,1,1
usr_4908,2026-06-15 06:25:59.552299,1,9,7,1,1,1,1,1,1
usr_4909,,0,4,2,0,0,1,1,0,0
usr_4910,2026-06-14 18:03:56.442465,1,13,6,3,4,1,1,1,1
usr_4911,2026-06-21 02:05:24.590003,1,13,8,4,5,1,1,1,1
usr_4912,2026-06-13 00:11:50.293943,1,4,4,1,1,1,1,1,1
usr_4913,2026-06-15 06:28:34.102159,1,28,16,13,7,1,1,1,1
usr_4914,2026-06-15 09:33:59.890884,1,5,6,1,0,1,1,1,0
usr_4915,2026-06-25 07:03:02.311827,1,3,2,0,1,1,1,0,1
usr_4916,2026-07-03 23:30:35.725284,1,6,4,0,2,1,1,0,1
usr_4917,,0,2,1,0,0,1,1,0,0
usr_4918,2026-06-22 02:43:43.095573,1,3,2,0,1,1,1,0,1
usr_4919,2026-06-20 10:34:26.073938,1,7,5,3,1,1,1,1,1
usr_4920,2026-06-25 15:01:57.170311,1,9,1,4,2,1,1,1,1
usr_4921,,0,1,2,1,1,1,1,1,1
usr_4922,,0,6,0,1,2,1,0,1,1
usr_4923,2026-07-02 18:34:24.196463,1,5,2,4,0,1,1,1,0
usr_4924,2026-06-18 19:54:11.827729,1,9,5,1,2,1,1,1,1
usr_4925,,0,10,19,1,3,1,1,1,1
usr_4926,,0,3,7,1,1,1,1,1,1
usr_4927,,0,5,4,2,0,1,1,1,0
usr_4928,2026-06-30 06:49:24.402085,1,6,1,3,0,1,1,1,0
usr_4929,2026-08-05 16:09:43.993287,1,11,5,4,1,1,1,1,1
usr_4930,,0,4,3,0,2,1,1,0,1
usr_4931,2026-06-19 09:11:49.396593,1,7,5,2,1,1,1,1,1
usr_4932,,0,1,0,1,0,1,0,1,0
usr_4933,2026-06-24 20:41:54.572411,1,7,3,2,1,1,1,1,1
usr_4934,,0,3,1,1,0,1,1,1,0
usr_4935,2026-06-16 10:00:05.897837,1,6,6,1,2,1,1,1,1
usr_4936,2026-06-20 19:25:24.689193,1,9,5,5,7,1,1,1,1
usr_4937,2026-07-04 10:21:25.003925,1,3,2,2,3,1,1,1,1
usr_4938,2026-06-15 01:31:49.772587,1,2,3,2,1,1,1,1,1
usr_4939,2026-06-25 21:57:21.802007,1,2,3,2,0,1,1,1,0
usr_4940,2026-06-17 04:07:18.911735,1,24,6,7,3,1,1,1,1
usr_4941,,0,0,0,0,0,0,0,0,0
usr_4942,2026-07-01 20:24:20.703611,1,2,2,1,1,1,1,1,1
usr_4943,2026-07-06 00:04:24.624150,1,10,10,2,2,1,1,1,1
usr_4944,2026-06-22 22:40:01.890335,1,20,18,8,5,1,1,1,1
usr_4945,2026-06-20 12:44:39.126170,1,6,3,2,1,1,1,1,1
usr_4946,,0,3,4,5,1,1,1,1,1
usr_4947,2026-06-23 12:00:42.298800,1,7,6,4,3,1,1,1,1
usr_4948,,0,1,1,0,0,1,1,0,0
usr_4949,2026-06-25 03:11:32.796890,1,16,2,7,4,1,1,1,1
usr_4950,2026-06-24 19:48:55.698662,1,2,4,0,1,1,1,0,1
usr_4951,2026-06-16 13:42:45.484719,1,9,6,8,0,1,1,1,0
usr_4952,2026-06-21 03:24:40.536326,1,8,2,3,1,1,1,1,1
usr_4953,,0,9,3,2,1,1,1,1,1
usr_4954,2026-06-25 05:36:07.560575,1,8,7,3,0,1,1,1,0
usr_4955,2026-06-19 08:18:59.773189,1,16,8,2,3,1,1,1,1
usr_4956,2026-06-17 15:36:26.924707,1,19,8,2,2,1,1,1,1
usr_4957,,0,2,0,1,1,1,0,1,1
usr_4958,,0,1,0,0,1,1,0,0,1
usr_4959,2026-07-07 01:49:10.928645,1,7,3,1,4,1,1,1,1
usr_4960,2026-06-22 08:29:36.453838,1,2,1,0,0,1,1,0,0
usr_4961,2026-06-17 09:13:44.981451,1,37,17,10,10,1,1,1,1
usr_4962,2026-06-17 23:22:46.896667,1,19,6,2,1,1,1,1,1
usr_4963,,0,9,4,4,2,1,1,1,1
usr_4964,2026-07-01 00:52:49.889342,1,4,0,2,1,1,0,1,1
usr_4965,2026-06-17 00:05:39.943885,1,11,3,3,4,1,1,1,1
usr_4966,2026-06-18 04:47:50.459525,1,23,10,6,9,1,1,1,1
usr_4967,,0,6,6,5,3,1,1,1,1
usr_4968,,0,4,2,2,0,1,1,1,0
usr_4969,2026-06-29 14:52:49.804930,1,8,3,3,2,1,1,1,1
usr_4970,2026-07-07 08:00:40.013896,1,16,16,1,4,1,1,1,1
usr_4971,,0,1,2,3,1,1,1,1,1
usr_4972,,0,0,1,0,0,0,1,0,0
usr_4973,2026-06-19 08:17:29.016977,1,13,11,6,3,1,1,1,1
usr_4974,,0,10,10,3,1,1,1,1,1
usr_4975,2026-06-27 04:24:05.253919,1,7,6,1,1,1,1,1,1
usr_4976,2026-06-20 05:37:27.607056,1,21,23,5,4,1,1,1,1
usr_4977,,0,9,1,4,1,1,1,1,1
usr_4978,2026-06-22 06:14:54.934608,1,4,3,2,4,1,1,1,1
usr_4979,2026-07-13 13:39:36.626621,1,6,3,4,3,1,1,1,1
usr_4980,,0,1,0,1,1,1,0,1,1
usr_4981,2026-06-22 19:16:12.854566,1,1,0,0,0,1,0,0,0
usr_4982,2026-06-19 04:17:26.726383,1,36,18,4,7,1,1,1,1
usr_4983,,0,3,5,0,1,1,1,0,1
usr_4984,,0,2,2,1,1,1,1,1,1
usr_4985,,0,13,4,7,6,1,1,1,1
usr_4986,2026-07-25 13:52:49.680699,1,6,2,2,2,1,1,1,1
usr_4987,,0,4,0,0,0,1,0,0,0
usr_4988,2026-06-22 21:35:18.725006,1,9,4,3,1,1,1,1,1
usr_4989,,0,4,2,0,2,1,1,0,1
usr_4990,,0,4,2,0,0,1,1,0,0
usr_4991,,0,1,2,0,1,1,1,0,1
usr_4992,,0,3,1,0,1,1,1,0,1
usr_4993,2026-06-28 15:55:54.795139,1,2,2,0,1,1,1,0,1
usr_4994,2026-06-20 01:35:45.702029,1,10,2,1,1,1,1,1,1
usr_4995,2026-06-23 03:57:37.479146,1,15,5,6,3,1,1,1,1
usr_4996,2026-06-28 01:16:40.407199,1,6,2,3,3,1,1,1,1
usr_4997,2026-07-17 02:33:51.900744,1,3,1,1,1,1,1,1,1
usr_4998,2026-06-23 20:32:42.589385,1,3,3,0,0,1,1,0,0
usr_4999,,0,5,6,2,2,1,1,1,1
usr_5000,2026-06-20 09:44:42.206259,1,24,8,8,2,1,1,1,1
usr_5001,2026-06-19 12:13:40.972580,1,12,6,0,2,1,1,0,1
usr_5002,2026-06-20 11:56:41.777148,1,8,5,4,2,1,1,1,1
usr_5003,2026-06-23 16:30:35.964525,1,4,3,0,2,1,1,0,1
usr_5004,,0,4,2,0,0,1,1,0,0
usr_5005,,0,1,1,0,0,1,1,0,0
usr_5006,,0,3,3,2,1,1,1,1,1
usr_5007,2026-07-06 21:56:11.784810,1,12,1,2,1,1,1,1,1
usr_5008,,0,4,3,2,3,1,1,1,1
usr_5009,2026-07-24 23:24:35.454157,1,11,5,3,0,1,1,1,0
usr_5010,,0,11,4,2,0,1,1,1,0
usr_5011,2026-06-21 17:09:16.261977,1,15,12,2,2,1,1,1,1
usr_5012,,0,6,2,1,2,1,1,1,1
usr_5013,2026-06-25 18:52:34.436324,1,12,8,1,3,1,1,1,1
usr_5014,2026-06-20 02:45:53.154053,1,15,11,8,3,1,1,1,1
usr_5015,2026-07-27 23:32:21.569399,1,9,1,2,0,1,1,1,0
usr_5016,2026-07-22 23:13:33.683917,1,5,3,0,0,1,1,0,0
usr_5017,2026-06-20 21:06:49.971796,1,23,17,6,5,1,1,1,1
usr_5018,2026-06-27 01:26:52.530022,1,18,8,5,5,1,1,1,1
usr_5019,2026-06-22 13:01:35.463451,1,20,6,3,5,1,1,1,1
usr_5020,2026-06-21 11:23:30.256994,1,5,3,3,3,1,1,1,1
usr_5021,2026-07-23 17:20:09.813766,1,4,3,1,2,1,1,1,1
usr_5022,2026-07-02 03:33:01.415317,1,6,6,2,3,1,1,1,1
usr_5023,,0,9,1,2,2,1,1,1,1
usr_5024,2026-06-28 22:08:32.395848,1,11,7,8,2,1,1,1,1
usr_5025,,0,15,3,1,1,1,1,1,1
usr_5026,2026-07-14 19:29:50.328168,1,8,4,2,3,1,1,1,1
usr_5027,,0,10,6,4,1,1,1,1,1
usr_5028,2026-07-12 08:50:01.646606,1,5,9,4,1,1,1,1,1
usr_5029,2026-07-20 09:16:59.724035,1,23,9,4,3,1,1,1,1
usr_5030,2026-06-23 07:24:26.840059,1,2,3,2,0,1,1,1,0
usr_5031,2026-08-16 03:51:42.064180,1,12,8,4,3,1,1,1,1
usr_5032,2026-06-21 13:35:59.560293,1,8,7,1,0,1,1,1,0
usr_5033,2026-06-24 06:40:50.642315,1,16,8,5,4,1,1,1,1
usr_5034,2026-06-22 10:17:47.908930,1,12,6,4,7,1,1,1,1
usr_5035,,0,0,0,0,0,0,0,0,0
usr_5036,2026-06-23 03:48:12.498280,1,13,7,1,4,1,1,1,1
usr_5037,2026-06-24 21:43:29.387863,1,9,4,1,1,1,1,1,1
usr_5038,2026-06-23 03:19:37.585604,1,20,8,1,6,1,1,1,1
usr_5039,,0,4,1,0,3,1,1,0,1
usr_5040,2026-06-27 04:12:13.237605,1,21,7,5,4,1,1,1,1
usr_5041,2026-06-26 04:21:21.537011,1,7,7,5,3,1,1,1,1
usr_5042,2026-06-23 11:00:14.345191,1,10,4,4,1,1,1,1,1
usr_5043,2026-06-22 06:17:48.364138,1,1,3,0,1,1,1,0,1
usr_5044,2026-07-13 09:38:09.432084,1,7,4,2,3,1,1,1,1
usr_5045,,0,2,1,0,0,1,1,0,0
usr_5046,,0,3,1,1,0,1,1,1,0
usr_5047,,0,5,1,1,0,1,1,1,0
usr_5048,2026-06-25 11:24:42.719858,1,10,6,3,1,1,1,1,1
usr_5049,2026-06-24 03:03:02.928076,1,10,7,5,3,1,1,1,1
usr_5050,,0,5,1,3,2,1,1,1,1
usr_5051,2026-06-30 15:48:58.772306,1,4,6,2,1,1,1,1,1
usr_5052,2026-06-27 16:42:44.852258,1,8,5,2,1,1,1,1,1
usr_5053,2026-07-09 04:49:34.109298,1,6,1,3,1,1,1,1,1
usr_5054,,0,7,3,6,1,1,1,1,1
usr_5055,,0,8,1,2,2,1,1,1,1
usr_5056,2026-06-24 23:00:02.655049,1,4,4,7,4,1,1,1,1
usr_5057,2026-07-06 17:59:05.794951,1,13,8,4,5,1,1,1,1
usr_5058,2026-07-17 07:00:40.495386,1,6,2,1,0,1,1,1,0
usr_5059,,0,6,6,1,1,1,1,1,1
usr_5060,2026-06-26 12:05:34.252689,1,11,16,9,4,1,1,1,1
usr_5061,2026-07-05 22:59:05.703944,1,5,0,2,3,1,0,1,1
usr_5062,,0,2,2,0,1,1,1,0,1
usr_5063,2026-06-25 07:22:33.179903,1,7,6,2,3,1,1,1,1
usr_5064,2026-06-27 12:24:07.817706,1,10,5,3,1,1,1,1,1
usr_5065,2026-07-06 00:28:42.379670,1,7,4,4,1,1,1,1,1
usr_5066,2026-06-25 02:40:51.739864,1,3,5,1,1,1,1,1,1
usr_5067,2026-06-24 11:43:32.954371,1,13,6,6,5,1,1,1,1
usr_5068,2026-07-23 04:05:52.890453,1,10,3,4,1,1,1,1,1
usr_5069,2026-06-27 21:17:49.752572,1,12,8,2,5,1,1,1,1
usr_5070,2026-08-05 08:59:51.388927,1,8,5,2,1,1,1,1,1
usr_5071,2026-07-02 15:39:25.305031,1,18,10,7,4,1,1,1,1
usr_5072,2026-06-25 18:33:58.370969,1,20,13,6,2,1,1,1,1
usr_5073,2026-07-08 14:11:39.800174,1,7,1,0,1,1,1,0,1
usr_5074,2026-08-03 21:24:10.697647,1,9,5,2,1,1,1,1,1
usr_5075,2026-06-26 11:39:43.384298,1,11,6,6,3,1,1,1,1
usr_5076,,0,10,4,3,4,1,1,1,1
usr_5077,2026-06-29 14:59:23.612157,1,14,5,2,3,1,1,1,1
usr_5078,2026-06-29 18:25:42.219895,1,8,1,2,2,1,1,1,1
usr_5079,2026-06-26 07:31:15.256653,1,22,7,7,3,1,1,1,1
usr_5080,,0,3,2,0,1,1,1,0,1
usr_5081,2026-07-05 23:01:46.701197,1,19,13,7,3,1,1,1,1
usr_5082,2026-06-29 04:18:00.602693,1,10,4,0,0,1,1,0,0
usr_5083,2026-07-03 13:49:15.810494,1,17,4,9,5,1,1,1,1
usr_5084,2026-07-03 21:52:05.962666,1,23,11,3,6,1,1,1,1
usr_5085,,0,2,9,3,1,1,1,1,1
usr_5086,2026-07-14 00:46:57.107150,1,10,5,6,2,1,1,1,1
usr_5087,2026-07-03 18:04:26.529623,1,9,5,3,1,1,1,1,1
usr_5088,2026-06-29 09:02:05.860339,1,38,18,15,12,1,1,1,1
usr_5089,,0,14,4,4,4,1,1,1,1
usr_5090,2026-07-01 21:19:05.741794,1,20,13,4,3,1,1,1,1
usr_5091,,0,3,1,1,0,1,1,1,0
usr_5092,2026-07-23 07:37:23.619311,1,5,2,2,3,1,1,1,1
usr_5093,,0,7,4,3,2,1,1,1,1
usr_5094,2026-07-15 00:00:09.174493,1,6,0,0,1,1,0,0,1
usr_5095,2026-07-12 15:49:17.386584,1,11,10,6,0,1,1,1,0
usr_5096,,0,10,5,5,3,1,1,1,1
usr_5097,,0,2,1,0,0,1,1,0,0
usr_5098,,0,3,4,3,1,1,1,1,1
usr_5099,,0,1,2,1,0,1,1,1,0
usr_5100,,0,3,2,1,0,1,1,1,0
usr_5101,,0,9,1,1,1,1,1,1,1
usr_5102,2026-06-29 04:19:58.179624,1,18,17,21,3,1,1,1,1
usr_5103,,0,3,3,2,0,1,1,1,0
usr_5104,2026-06-30 07:34:50.036517,1,12,8,6,3,1,1,1,1
usr_5105,2026-07-04 14:45:52.469938,1,18,9,5,4,1,1,1,1
usr_5106,2026-07-13 06:44:59.771775,1,20,9,5,4,1,1,1,1
usr_5107,2026-07-19 19:13:26.232269,1,17,7,6,4,1,1,1,1
usr_5108,,0,9,5,5,3,1,1,1,1
usr_5109,2026-07-07 20:47:18.511396,1,10,3,2,3,1,1,1,1
usr_5110,2026-06-29 21:17:32.488313,1,3,4,0,1,1,1,0,1
usr_5111,2026-06-29 04:01:06.362739,1,4,2,1,1,1,1,1,1
usr_5112,2026-06-30 03:26:38.745332,1,17,7,1,2,1,1,1,1
usr_5113,2026-07-23 04:19:52.325404,1,2,1,1,2,1,1,1,1
usr_5114,2026-06-29 22:36:27.079204,1,14,6,2,2,1,1,1,1
usr_5115,2026-07-04 09:24:48.769257,1,2,4,2,0,1,1,1,0
usr_5116,2026-06-29 07:14:17.132965,1,14,4,1,2,1,1,1,1
usr_5117,,0,3,3,0,1,1,1,0,1
usr_5118,2026-07-04 04:47:54.239088,1,11,7,4,4,1,1,1,1
usr_5119,,0,4,1,2,0,1,1,1,0
usr_5120,,0,8,5,1,3,1,1,1,1
usr_5121,2026-07-11 17:43:31.891030,1,10,4,6,2,1,1,1,1
usr_5122,2026-07-03 03:34:34.342992,1,2,4,3,1,1,1,1,1
usr_5123,2026-06-30 00:11:04.743254,1,14,8,1,3,1,1,1,1
usr_5124,2026-07-03 11:20:38.849525,1,22,10,7,0,1,1,1,0
usr_5125,2026-07-01 11:10:00.379878,1,7,5,2,0,1,1,1,0
usr_5126,2026-07-05 00:18:26.775458,1,2,0,2,1,1,0,1,1
usr_5127,2026-07-05 03:01:11.745881,1,5,10,5,0,1,1,1,0
usr_5128,2026-07-07 19:23:10.743856,1,5,1,0,1,1,1,0,1
usr_5129,2026-07-21 13:29:20.727908,1,4,1,0,0,1,1,0,0
usr_5130,,0,5,4,1,1,1,1,1,1
usr_5131,2026-07-09 00:52:24.137057,1,24,8,4,5,1,1,1,1
usr_5132,2026-07-10 04:40:04.398680,1,15,3,3,2,1,1,1,1
usr_5133,2026-07-04 04:37:32.305979,1,20,13,9,5,1,1,1,1
usr_5134,,0,3,3,0,0,1,1,0,0
usr_5135,,0,4,1,1,1,1,1,1,1
usr_5136,2026-06-30 18:47:38.242063,1,18,6,5,3,1,1,1,1
usr_5137,,0,6,6,2,2,1,1,1,1
usr_5138,2026-07-11 08:19:36.830944,1,8,7,2,2,1,1,1,1
usr_5139,2026-06-30 19:37:35.152533,1,8,4,2,1,1,1,1,1
usr_5140,2026-08-07 02:13:33.293863,1,1,0,0,1,1,0,0,1
usr_5141,2026-07-22 10:34:16.199403,1,13,5,7,6,1,1,1,1
usr_5142,2026-07-04 19:13:40.654980,1,10,8,2,4,1,1,1,1
usr_5143,,0,0,1,0,1,0,1,0,1
usr_5144,,0,10,5,6,3,1,1,1,1
usr_5145,,0,11,4,8,5,1,1,1,1
usr_5146,2026-07-05 12:05:00.348880,1,5,2,4,0,1,1,1,0
usr_5147,,0,3,5,2,1,1,1,1,1
usr_5148,2026-07-06 18:37:19.620471,1,3,2,0,2,1,1,0,1
usr_5149,2026-07-08 07:06:30.836249,1,8,5,2,1,1,1,1,1
usr_5150,2026-08-01 02:02:16.579023,1,1,0,0,0,1,0,0,0
usr_5151,2026-07-01 04:39:00.097819,1,12,4,6,1,1,1,1,1
usr_5152,2026-07-10 09:23:01.595160,1,25,9,2,4,1,1,1,1
usr_5153,2026-07-03 01:34:15.518309,1,12,8,3,3,1,1,1,1
usr_5154,2026-07-23 16:37:32.034697,1,1,2,2,0,1,1,1,0
usr_5155,,0,8,4,1,2,1,1,1,1
usr_5156,,0,11,5,2,2,1,1,1,1
usr_5157,2026-07-13 12:03:28.028912,1,7,3,2,1,1,1,1,1
usr_5158,2026-07-14 20:47:43.876827,1,1,0,1,0,1,0,1,0
usr_5159,2026-07-02 10:50:00.389422,1,7,1,3,3,1,1,1,1
usr_5160,2026-07-02 11:38:31.689461,1,15,7,4,5,1,1,1,1
usr_5161,,0,1,2,2,0,1,1,1,0
usr_5162,2026-07-05 04:07:44.638458,1,19,7,4,7,1,1,1,1
usr_5163,,0,11,5,2,2,1,1,1,1
usr_5164,,0,4,2,2,3,1,1,1,1
usr_5165,,0,3,5,2,1,1,1,1,1
usr_5166,2026-07-13 09:15:21.595927,1,4,4,3,2,1,1,1,1
usr_5167,2026-07-03 14:20:12.825486,1,8,3,2,1,1,1,1,1
usr_5168,2026-07-04 18:21:24.499694,1,7,0,0,0,1,0,0,0
usr_5169,2026-07-04 21:20:10.978424,1,35,12,11,8,1,1,1,1
usr_5170,2026-07-02 13:09:03.393356,1,7,1,2,2,1,1,1,1
usr_5171,2026-07-28 09:03:30.798210,1,1,1,0,0,1,1,0,0
usr_5172,,0,4,3,0,1,1,1,0,1
usr_5173,2026-07-04 22:28:43.247354,1,10,3,5,1,1,1,1,1
usr_5174,2026-07-05 05:59:33.065010,1,9,8,0,5,1,1,0,1
usr_5175,2026-07-04 13:21:27.605792,1,10,6,4,0,1,1,1,0
usr_5176,,0,3,3,0,0,1,1,0,0
usr_5177,,0,2,2,0,0,1,1,0,0
usr_5178,,0,3,3,0,1,1,1,0,1
usr_5179,,0,2,3,2,0,1,1,1,0
usr_5180,2026-07-03 04:16:39.712660,1,13,6,3,0,1,1,1,0
usr_5181,2026-07-03 07:48:07.186144,1,15,10,7,5,1,1,1,1
usr_5182,2026-07-06 21:58:04.917642,1,7,4,2,0,1,1,1,0
usr_5183,2026-07-16 12:18:09.524544,1,4,3,1,2,1,1,1,1
usr_5184,2026-07-05 03:57:24.656626,1,3,4,2,0,1,1,1,0
usr_5185,2026-07-05 20:41:52.248036,1,8,6,1,1,1,1,1,1
usr_5186,,0,2,7,2,0,1,1,1,0
usr_5187,2026-07-05 02:48:15.522855,1,21,6,8,8,1,1,1,1
usr_5188,2026-07-20 07:03:14.560343,1,5,3,0,0,1,1,0,0
usr_5189,2026-07-06 08:34:52.214735,1,11,3,5,1,1,1,1,1
usr_5190,,0,6,6,4,2,1,1,1,1
usr_5191,2026-07-09 05:49:11.738443,1,6,2,4,1,1,1,1,1
usr_5192,,0,4,0,1,1,1,0,1,1
usr_5193,2026-08-27 21:47:08.001570,1,5,2,2,0,1,1,1,0
usr_5194,,0,4,1,1,2,1,1,1,1
usr_5195,2026-07-06 19:36:11.565774,1,21,9,8,7,1,1,1,1
usr_5196,2026-07-15 13:52:28.586254,1,9,1,3,4,1,1,1,1
usr_5197,2026-07-07 03:51:57.557545,1,25,13,10,8,1,1,1,1
usr_5198,2026-07-13 03:26:36.030773,1,5,3,1,1,1,1,1,1
usr_5199,,0,9,1,1,0,1,1,1,0
usr_5200,2026-07-13 03:49:13.323666,1,0,4,0,3,0,1,0,1
usr_5201,,0,1,2,0,1,1,1,0,1
usr_5202,,0,2,0,0,1,1,0,0,1
usr_5203,2026-07-19 02:49:22.595047,1,17,8,3,3,1,1,1,1
usr_5204,,0,13,7,4,4,1,1,1,1
usr_5205,,0,1,1,0,2,1,1,0,1
usr_5206,2026-07-08 17:38:09.932167,1,19,6,5,5,1,1,1,1
usr_5207,2026-07-10 00:46:20.923326,1,12,3,6,3,1,1,1,1
usr_5208,,0,2,0,0,0,1,0,0,0
usr_5209,2026-07-24 15:56:02.635374,1,16,6,2,2,1,1,1,1
usr_5210,,0,4,3,3,2,1,1,1,1
usr_5211,,0,1,5,1,3,1,1,1,1
usr_5212,2026-07-11 01:33:46.947493,1,11,4,3,2,1,1,1,1
usr_5213,2026-07-08 21:23:10.517292,1,6,0,1,2,1,0,1,1
usr_5214,,0,5,2,0,0,1,1,0,0
usr_5215,2026-07-29 04:59:55.919250,1,8,3,3,2,1,1,1,1
usr_5216,,0,3,2,0,1,1,1,0,1
usr_5217,2026-07-14 05:05:20.806020,1,4,9,3,3,1,1,1,1
usr_5218,2026-07-11 17:40:18.590899,1,8,6,1,3,1,1,1,1
usr_5219,2026-07-06 16:04:09.779904,1,5,0,0,0,1,0,0,0
usr_5220,2026-07-17 09:09:30.127254,1,15,7,5,3,1,1,1,1
usr_5221,2026-07-12 13:41:01.218228,1,14,10,4,4,1,1,1,1
usr_5222,,0,4,1,1,1,1,1,1,1
usr_5223,2026-08-01 03:04:56.551451,1,13,9,3,3,1,1,1,1
usr_5224,2026-08-03 10:57:04.394501,1,1,3,1,1,1,1,1,1
usr_5225,,0,12,10,5,0,1,1,1,0
usr_5226,2026-07-10 07:12:38.621746,1,8,4,7,1,1,1,1,1
usr_5227,2026-08-01 16:32:26.046196,1,4,4,4,2,1,1,1,1
usr_5228,,0,5,0,3,1,1,0,1,1
usr_5229,2026-08-09 16:55:02.031146,1,7,7,2,4,1,1,1,1
usr_5230,2026-07-07 03:43:32.198679,1,3,5,0,1,1,1,0,1
usr_5231,2026-07-16 14:58:10.690005,1,10,6,5,2,1,1,1,1
usr_5232,,0,15,6,4,1,1,1,1,1
usr_5233,2026-07-07 19:30:35.457408,1,10,4,6,1,1,1,1,1
usr_5234,2026-07-07 04:36:30.642332,1,11,13,4,5,1,1,1,1
usr_5235,,0,7,1,5,3,1,1,1,1
usr_5236,,0,7,8,2,0,1,1,1,0
usr_5237,,0,4,5,1,1,1,1,1,1
usr_5238,2026-07-08 18:43:52.500561,1,9,3,3,3,1,1,1,1
usr_5239,,0,4,0,0,1,1,0,0,1
usr_5240,,0,0,1,0,0,0,1,0,0
usr_5241,2026-07-08 14:40:01.933028,1,7,4,4,1,1,1,1,1
usr_5242,2026-07-09 02:16:06.977228,1,19,14,3,5,1,1,1,1
usr_5243,,0,6,4,2,1,1,1,1,1
usr_5244,2026-08-07 15:15:56.786316,1,15,10,7,3,1,1,1,1
usr_5245,2026-07-17 02:41:13.750032,1,7,4,2,1,1,1,1,1
usr_5246,2026-07-13 00:11:41.396782,1,33,11,10,7,1,1,1,1
usr_5247,2026-07-09 22:20:42.458738,1,5,4,2,1,1,1,1,1
usr_5248,2026-07-18 20:40:50.596081,1,5,6,4,1,1,1,1,1
usr_5249,,0,8,2,0,2,1,1,0,1
usr_5250,2026-07-09 17:11:33.102641,1,4,7,2,1,1,1,1,1
usr_5251,2026-08-06 00:43:03.904816,1,2,3,1,1,1,1,1,1
usr_5252,,0,1,1,1,1,1,1,1,1
usr_5253,2026-07-10 23:18:59.224615,1,31,13,4,5,1,1,1,1
usr_5254,2026-07-10 12:21:50.499951,1,2,1,0,2,1,1,0,1
usr_5255,2026-07-22 05:22:38.906393,1,0,2,3,1,0,1,1,1
usr_5256,2026-08-27 12:12:24.154176,1,15,10,4,3,1,1,1,1
usr_5257,2026-07-14 16:22:48.667933,1,12,4,4,6,1,1,1,1
usr_5258,2026-08-09 05:47:12.558874,1,17,9,6,2,1,1,1,1
usr_5259,2026-07-12 14:01:56.063478,1,13,4,2,3,1,1,1,1
usr_5260,,0,24,7,5,1,1,1,1,1
usr_5261,2026-07-10 07:08:57.846138,1,9,4,2,0,1,1,1,0
usr_5262,2026-07-15 15:53:50.976099,1,18,6,6,1,1,1,1,1
usr_5263,2026-08-03 11:57:32.526865,1,1,2,0,0,1,1,0,0
usr_5264,2026-08-01 18:12:15.983890,1,0,1,1,0,0,1,1,0
usr_5265,2026-07-13 09:00:17.742163,1,8,4,4,2,1,1,1,1
usr_5266,2026-08-06 19:30:42.127937,1,5,1,2,2,1,1,1,1
usr_5267,2026-07-15 14:04:52.060778,1,7,7,1,1,1,1,1,1
usr_5268,,0,11,6,3,1,1,1,1,1
usr_5269,2026-07-25 04:46:35.757713,1,1,1,0,0,1,1,0,0
usr_5270,2026-07-11 21:16:51.494703,1,11,9,5,3,1,1,1,1
usr_5271,2026-07-10 11:59:21.728771,1,14,10,9,9,1,1,1,1
usr_5272,2026-08-06 22:37:23.985721,1,4,4,4,5,1,1,1,1
usr_5273,2026-07-10 08:37:11.211863,1,9,7,2,1,1,1,1,1
usr_5274,2026-07-10 10:50:25.831386,1,6,6,5,0,1,1,1,0
usr_5275,2026-07-11 07:45:35.802882,1,6,1,2,0,1,1,1,0
usr_5276,2026-07-12 03:14:41.280243,1,3,0,0,3,1,0,0,1
usr_5277,,0,11,4,5,1,1,1,1,1
usr_5278,,0,2,2,2,1,1,1,1,1
usr_5279,2026-07-18 21:20:47.485820,1,9,5,1,1,1,1,1,1
usr_5280,,0,5,1,2,0,1,1,1,0
usr_5281,2026-07-10 06:34:43.741344,1,23,9,9,5,1,1,1,1
usr_5282,2026-07-26 04:34:37.633551,1,21,4,6,0,1,1,1,0
usr_5283,,0,3,1,1,1,1,1,1,1
usr_5284,2026-07-10 23:38:43.274430,1,1,6,0,0,1,1,0,0
usr_5285,,0,2,1,0,0,1,1,0,0
usr_5286,2026-07-16 00:56:00.895576,1,6,3,4,1,1,1,1,1
usr_5287,2026-07-13 17:18:21.723073,1,9,2,4,2,1,1,1,1
usr_5288,2026-07-17 11:24:22.598393,1,6,4,1,0,1,1,1,0
usr_5289,,0,1,2,0,1,1,1,0,1
usr_5290,,0,5,2,3,3,1,1,1,1
usr_5291,2026-07-23 18:23:34.586272,1,10,5,5,2,1,1,1,1
usr_5292,2026-07-13 22:57:22.132578,1,4,1,2,0,1,1,1,0
usr_5293,2026-07-11 07:31:31.165125,1,5,2,1,1,1,1,1,1
usr_5294,2026-08-01 21:32:44.144585,1,4,2,0,0,1,1,0,0
usr_5295,2026-07-28 01:57:12.195864,1,16,13,5,4,1,1,1,1
usr_5296,2026-07-15 22:29:17.425944,1,2,2,1,0,1,1,1,0
usr_5297,2026-07-11 19:53:06.137984,1,16,10,3,4,1,1,1,1
usr_5298,2026-07-11 19:57:33.696582,1,9,4,4,1,1,1,1,1
usr_5299,2026-07-27 04:34:26.192744,1,11,4,2,2,1,1,1,1
usr_5300,,0,1,1,0,0,1,1,0,0
usr_5301,2026-07-21 06:55:32.082370,1,9,4,3,1,1,1,1,1
usr_5302,2026-07-13 12:06:42.114834,1,15,10,2,4,1,1,1,1
usr_5303,2026-08-15 09:39:49.573280,1,15,8,12,5,1,1,1,1
usr_5304,2026-07-12 04:03:13.242821,1,17,3,2,1,1,1,1,1
usr_5305,2026-07-15 11:40:32.708133,1,9,2,1,0,1,1,1,0
usr_5306,2026-07-12 05:22:57.608613,1,1,0,0,0,1,0,0,0
usr_5307,,0,12,5,5,4,1,1,1,1
usr_5308,2026-07-12 17:47:14.753584,1,15,13,9,1,1,1,1,1
usr_5309,2026-07-31 17:13:31.850889,1,9,10,3,0,1,1,1,0
usr_5310,2026-07-17 11:29:55.691424,1,4,2,2,1,1,1,1,1
usr_5311,,0,3,2,0,1,1,1,0,1
usr_5312,,0,8,9,4,3,1,1,1,1
usr_5313,,0,3,4,1,2,1,1,1,1
usr_5314,2026-07-17 20:11:31.863295,1,1,2,0,1,1,1,0,1
usr_5315,2026-08-04 16:39:18.652892,1,6,3,5,1,1,1,1,1
usr_5316,2026-07-13 20:34:30.522302,1,9,7,1,1,1,1,1,1
usr_5317,2026-07-31 09:08:31.802059,1,5,3,0,0,1,1,0,0
usr_5318,2026-07-12 14:05:46.805199,1,24,16,8,6,1,1,1,1
usr_5319,2026-07-13 04:11:13.264897,1,17,11,5,5,1,1,1,1
usr_5320,2026-07-19 19:03:27.717518,1,12,8,10,5,1,1,1,1
usr_5321,2026-07-13 04:17:25.607634,1,27,5,9,10,1,1,1,1
usr_5322,2026-07-14 09:03:48.680927,1,7,4,3,3,1,1,1,1
usr_5323,2026-07-20 12:50:23.212764,1,6,6,2,1,1,1,1,1
usr_5324,2026-08-06 05:10:04.653777,1,9,8,7,2,1,1,1,1
usr_5325,2026-07-17 19:51:48.185569,1,12,5,3,4,1,1,1,1
usr_5326,2026-07-17 06:54:15.493954,1,17,11,3,2,1,1,1,1
usr_5327,2026-07-16 10:17:23.117385,1,18,12,7,4,1,1,1,1
usr_5328,2026-07-15 19:06:33.418711,1,23,21,13,4,1,1,1,1
usr_5329,2026-07-13 15:05:41.115679,1,6,3,3,2,1,1,1,1
usr_5330,2026-07-17 23:56:44.292563,1,3,5,4,2,1,1,1,1
usr_5331,2026-07-15 03:16:36.194781,1,11,2,5,2,1,1,1,1
usr_5332,2026-07-17 01:38:25.218318,1,21,6,3,6,1,1,1,1
usr_5333,2026-07-30 16:19:37.980971,1,1,1,0,0,1,1,0,0
usr_5334,2026-07-16 11:30:51.926061,1,2,0,1,0,1,0,1,0
usr_5335,,0,0,2,4,1,0,1,1,1
usr_5336,2026-07-14 02:48:37.639150,1,18,12,8,1,1,1,1,1
usr_5337,,0,0,1,1,2,0,1,1,1
usr_5338,2026-07-15 10:00:48.037124,1,10,4,3,0,1,1,1,0
usr_5339,2026-08-03 06:37:36.240217,1,3,3,2,1,1,1,1,1
usr_5340,2026-07-25 11:53:30.821735,1,9,2,3,7,1,1,1,1
usr_5341,2026-07-14 07:54:20.528380,1,5,6,3,2,1,1,1,1
usr_5342,2026-07-24 16:39:52.729973,1,6,9,1,0,1,1,1,0
usr_5343,2026-07-17 20:34:25.686689,1,6,3,4,3,1,1,1,1
usr_5344,2026-07-19 14:47:44.666950,1,5,2,2,2,1,1,1,1
usr_5345,2026-07-25 14:33:15.246916,1,19,10,3,4,1,1,1,1
usr_5346,,0,1,3,0,2,1,1,0,1
usr_5347,2026-07-26 10:29:50.978943,1,9,6,1,1,1,1,1,1
usr_5348,2026-08-03 10:53:14.167242,1,5,4,0,2,1,1,0,1
usr_5349,2026-07-21 18:22:26.065342,1,2,0,0,0,1,0,0,0
usr_5350,2026-07-20 20:52:39.580931,1,3,5,1,2,1,1,1,1
usr_5351,2026-07-30 14:04:01.191484,1,9,6,3,2,1,1,1,1
usr_5352,2026-07-15 05:17:14.153201,1,9,1,1,2,1,1,1,1
usr_5353,2026-08-02 06:46:47.566784,1,0,1,1,0,0,1,1,0
usr_5354,2026-07-18 09:04:16.030872,1,4,5,0,1,1,1,0,1
usr_5355,2026-07-23 06:43:48.975374,1,5,1,1,0,1,1,1,0
usr_5356,2026-08-11 05:44:12.837838,1,1,1,0,1,1,1,0,1
usr_5357,2026-07-28 19:20:15.598295,1,2,6,2,1,1,1,1,1
usr_5358,2026-07-20 14:42:29.813443,1,5,0,2,0,1,0,1,0
usr_5359,2026-07-21 15:51:03.736931,1,4,3,1,2,1,1,1,1
usr_5360,2026-08-09 11:17:01.154236,1,16,7,3,2,1,1,1,1
usr_5361,,0,2,1,1,1,1,1,1,1
usr_5362,,0,3,1,1,2,1,1,1,1
usr_5363,2026-07-22 22:18:54.953413,1,3,2,3,0,1,1,1,0
usr_5364,2026-07-25 07:07:38.523224,1,20,9,4,3,1,1,1,1
usr_5365,,0,2,0,2,0,1,0,1,0
usr_5366,2026-07-21 07:42:51.088001,1,8,0,1,2,1,0,1,1
usr_5367,,0,6,6,0,3,1,1,0,1
usr_5368,2026-07-24 01:17:49.316375,1,7,2,2,1,1,1,1,1
usr_5369,,0,2,4,0,1,1,1,0,1
usr_5370,2026-07-29 06:33:19.714152,1,5,2,5,1,1,1,1,1
usr_5371,2026-07-16 09:04:51.668985,1,16,12,9,6,1,1,1,1
usr_5372,,0,8,4,4,0,1,1,1,0
usr_5373,2026-07-16 00:07:44.693481,1,6,3,1,1,1,1,1,1
usr_5374,2026-08-13 02:30:14.116923,1,17,15,3,3,1,1,1,1
usr_5375,2026-07-19 17:54:02.294332,1,9,8,2,3,1,1,1,1
usr_5376,2026-07-17 19:07:36.038142,1,3,2,1,1,1,1,1,1
usr_5377,2026-07-19 00:39:04.245638,1,2,4,1,0,1,1,1,0
usr_5378,,0,7,6,3,2,1,1,1,1
usr_5379,2026-07-21 01:09:30.966805,1,6,0,2,1,1,0,1,1
usr_5380,2026-08-27 04:19:38.235852,1,8,7,2,4,1,1,1,1
usr_5381,2026-07-17 13:33:22.258863,1,15,7,5,2,1,1,1,1
usr_5382,2026-07-22 23:55:25.945271,1,21,7,15,0,1,1,1,0
usr_5383,,0,11,6,2,3,1,1,1,1
usr_5384,2026-07-20 12:04:18.826217,1,7,9,6,0,1,1,1,0
usr_5385,2026-07-17 08:42:57.028114,1,7,6,1,2,1,1,1,1
usr_5386,2026-07-17 03:49:29.026918,1,15,5,7,0,1,1,1,0
usr_5387,2026-07-18 19:09:13.566790,1,23,7,10,3,1,1,1,1
usr_5388,2026-07-18 05:33:59.655353,1,8,2,1,0,1,1,1,0
usr_5389,,0,9,3,2,2,1,1,1,1
usr_5390,2026-08-06 05:49:43.367263,1,9,4,1,0,1,1,1,0
usr_5391,2026-07-17 04:08:37.367651,1,5,0,2,1,1,0,1,1
usr_5392,2026-07-19 18:04:07.694622,1,28,10,10,5,1,1,1,1
usr_5393,,0,3,3,1,0,1,1,1,0
usr_5394,2026-07-21 09:25:06.610221,1,14,7,6,6,1,1,1,1
usr_5395,,0,2,1,4,0,1,1,1,0
usr_5396,,0,6,3,2,2,1,1,1,1
usr_5397,2026-07-27 12:12:43.189710,1,10,4,1,0,1,1,1,0
usr_5398,2026-07-20 03:09:31.640197,1,1,2,3,1,1,1,1,1
usr_5399,2026-07-20 04:59:45.135060,1,9,3,1,0,1,1,1,0
usr_5400,2026-07-18 20:39:24.358018,1,18,2,4,3,1,1,1,1
usr_5401,,0,4,2,2,1,1,1,1,1
usr_5402,,0,3,1,1,1,1,1,1,1
usr_5403,2026-07-19 13:11:23.069770,1,12,8,4,3,1,1,1,1
usr_5404,2026-07-24 22:51:27.078157,1,7,5,3,1,1,1,1,1
usr_5405,2026-07-21 07:09:09.145415,1,8,3,3,1,1,1,1,1
usr_5406,,0,2,0,1,1,1,0,1,1
usr_5407,,0,1,1,0,0,1,1,0,0
usr_5408,2026-07-18 12:26:03.738499,1,1,1,1,0,1,1,1,0
usr_5409,2026-07-22 10:00:04.581292,1,13,8,3,0,1,1,1,0
usr_5410,2026-07-23 16:37:30.561385,1,17,12,2,2,1,1,1,1
usr_5411,2026-07-18 21:24:30.693007,1,14,2,3,3,1,1,1,1
usr_5412,,0,10,6,1,0,1,1,1,0
usr_5413,2026-07-21 05:19:45.090871,1,11,7,3,2,1,1,1,1
usr_5414,2026-08-02 17:54:45.049569,1,3,4,2,3,1,1,1,1
usr_5415,,0,6,3,1,4,1,1,1,1
usr_5416,2026-07-28 08:35:35.396857,1,12,6,1,2,1,1,1,1
usr_5417,2026-07-29 11:39:11.360504,1,6,1,0,0,1,1,0,0
usr_5418,2026-07-21 16:53:30.302182,1,7,2,2,0,1,1,1,0
usr_5419,,0,4,1,0,2,1,1,0,1
usr_5420,2026-07-26 07:58:31.360015,1,3,4,0,1,1,1,0,1
usr_5421,,0,1,0,0,1,1,0,0,1
usr_5422,2026-07-20 22:37:33.220754,1,7,2,3,3,1,1,1,1
usr_5423,2026-07-25 01:41:14.947807,1,5,6,0,1,1,1,0,1
usr_5424,2026-07-21 03:16:46.044181,1,7,9,6,4,1,1,1,1
usr_5425,2026-07-20 00:32:41.757716,1,11,7,0,0,1,1,0,0
usr_5426,2026-07-20 00:03:16.635836,1,9,5,6,3,1,1,1,1
usr_5427,,0,0,2,0,1,0,1,0,1
usr_5428,,0,9,4,1,3,1,1,1,1
usr_5429,,0,8,6,4,2,1,1,1,1
usr_5430,2026-07-20 01:45:42.315968,1,7,7,2,3,1,1,1,1
usr_5431,,0,2,0,1,1,1,0,1,1
usr_5432,,0,0,0,1,0,0,0,1,0
usr_5433,,0,6,5,1,3,1,1,1,1
usr_5434,,0,8,11,5,3,1,1,1,1
usr_5435,2026-07-23 05:07:52.932720,1,5,0,1,1,1,0,1,1
usr_5436,2026-07-28 22:32:36.271000,1,8,3,6,0,1,1,1,0
usr_5437,2026-07-28 19:20:51.534820,1,6,4,3,0,1,1,1,0
usr_5438,2026-07-26 05:20:52.124452,1,6,6,2,1,1,1,1,1
usr_5439,,0,2,0,0,0,1,0,0,0
usr_5440,2026-08-19 18:24:50.516041,1,26,5,5,5,1,1,1,1
usr_5441,2026-07-22 07:01:58.056885,1,13,10,5,1,1,1,1,1
usr_5442,,0,5,8,9,3,1,1,1,1
usr_5443,2026-07-21 21:33:08.448349,1,4,2,1,2,1,1,1,1
usr_5444,2026-07-26 20:01:44.515994,1,5,1,0,0,1,1,0,0
usr_5445,,0,4,0,1,1,1,0,1,1
usr_5446,2026-07-27 01:30:43.244753,1,14,16,9,4,1,1,1,1
usr_5447,,0,2,0,1,0,1,0,1,0
usr_5448,,0,3,4,0,2,1,1,0,1
usr_5449,2026-08-02 04:08:01.161222,1,14,9,1,3,1,1,1,1
usr_5450,,0,10,3,2,4,1,1,1,1
usr_5451,,0,5,2,1,0,1,1,1,0
usr_5452,2026-07-23 09:17:45.860344,1,22,11,7,2,1,1,1,1
usr_5453,,0,0,2,0,0,0,1,0,0
usr_5454,2026-08-06 06:12:44.373579,1,3,3,2,0,1,1,1,0
usr_5455,2026-07-23 06:02:51.919664,1,3,1,1,0,1,1,1,0
usr_5456,2026-07-31 06:49:01.258232,1,6,0,1,2,1,0,1,1
usr_5457,2026-07-22 17:35:20.589361,1,9,9,2,5,1,1,1,1
usr_5458,2026-08-08 23:24:59.997478,1,7,4,3,0,1,1,1,0
usr_5459,2026-07-23 09:01:30.913726,1,7,4,2,2,1,1,1,1
usr_5460,2026-07-28 21:22:15.972096,1,9,1,2,1,1,1,1,1
usr_5461,2026-07-24 17:03:37.223683,1,15,9,4,2,1,1,1,1
usr_5462,,0,4,1,0,0,1,1,0,0
usr_5463,,0,6,1,1,3,1,1,1,1
usr_5464,,0,4,2,0,4,1,1,0,1
usr_5465,,0,0,2,0,0,0,1,0,0
usr_5466,,0,12,7,1,2,1,1,1,1
usr_5467,2026-07-24 21:58:01.901039,1,11,3,4,2,1,1,1,1
usr_5468,2026-07-22 10:44:10.611475,1,7,4,2,2,1,1,1,1
usr_5469,2026-07-23 03:44:11.943224,1,21,10,10,2,1,1,1,1
usr_5470,2026-07-31 05:49:56.092944,1,5,5,3,4,1,1,1,1
usr_5471,,0,1,0,0,0,1,0,0,0
usr_5472,,0,1,2,1,0,1,1,1,0
usr_5473,,0,4,1,0,0,1,1,0,0
usr_5474,,0,5,5,1,3,1,1,1,1
usr_5475,2026-07-24 03:17:32.441663,1,32,14,11,6,1,1,1,1
usr_5476,2026-07-25 01:45:41.369147,1,4,4,1,1,1,1,1,1
usr_5477,2026-07-25 01:06:02.156608,1,11,3,5,5,1,1,1,1
usr_5478,,0,5,3,1,1,1,1,1,1
usr_5479,2026-07-27 12:28:01.170368,1,1,2,1,0,1,1,1,0
usr_5480,,0,8,3,6,5,1,1,1,1
usr_5481,2026-08-06 23:54:51.010187,1,6,3,0,2,1,1,0,1
usr_5482,2026-08-16 08:05:25.342279,1,6,3,0,0,1,1,0,0
usr_5483,2026-08-07 22:04:30.874158,1,8,3,3,2,1,1,1,1
usr_5484,2026-07-27 09:48:15.940295,1,6,5,0,0,1,1,0,0
usr_5485,2026-07-25 20:43:43.261379,1,5,1,2,1,1,1,1,1
usr_5486,,0,1,1,0,0,1,1,0,0
usr_5487,2026-07-25 11:17:08.089910,1,7,5,7,2,1,1,1,1
usr_5488,,0,8,3,2,1,1,1,1,1
usr_5489,2026-08-01 06:43:46.153127,1,15,8,3,2,1,1,1,1
usr_5490,2026-07-30 01:28:16.122332,1,21,13,6,6,1,1,1,1
usr_5491,2026-07-27 11:17:34.522651,1,7,1,1,3,1,1,1,1
usr_5492,2026-08-03 18:37:11.722571,1,4,3,3,1,1,1,1,1
usr_5493,2026-07-29 03:33:30.837352,1,10,8,2,4,1,1,1,1
usr_5494,2026-07-25 06:12:15.470395,1,14,5,6,3,1,1,1,1
usr_5495,2026-08-09 04:31:34.214468,1,4,1,1,1,1,1,1,1
usr_5496,2026-07-29 05:50:20.918575,1,15,7,3,0,1,1,1,0
usr_5497,2026-08-04 15:01:29.856375,1,4,2,0,0,1,1,0,0
usr_5498,2026-08-02 18:32:26.200927,1,1,5,1,0,1,1,1,0
usr_5499,2026-08-07 06:24:52.124240,1,17,4,2,3,1,1,1,1
usr_5500,2026-08-16 01:39:55.465852,1,8,9,5,5,1,1,1,1
usr_5501,,0,9,7,2,1,1,1,1,1
usr_5502,2026-07-28 23:58:09.039422,1,22,13,5,3,1,1,1,1
usr_5503,,0,8,0,3,2,1,0,1,1
usr_5504,2026-07-28 04:25:08.213539,1,5,0,0,0,1,0,0,0
usr_5505,,0,5,3,0,0,1,1,0,0
usr_5506,,0,1,4,3,1,1,1,1,1
usr_5507,,0,4,1,0,0,1,1,0,0
usr_5508,2026-07-31 04:50:03.267661,1,9,9,11,4,1,1,1,1
usr_5509,,0,28,13,12,9,1,1,1,1
usr_5510,,0,4,2,0,0,1,1,0,0
usr_5511,2026-08-05 09:13:41.953397,1,6,2,2,2,1,1,1,1
usr_5512,,0,8,1,1,0,1,1,1,0
usr_5513,,0,13,5,2,2,1,1,1,1
usr_5514,2026-08-06 03:09:30.139988,1,13,8,12,6,1,1,1,1
usr_5515,2026-07-29 17:44:15.212323,1,6,2,3,3,1,1,1,1
usr_5516,,0,3,1,3,0,1,1,1,0
usr_5517,2026-07-28 15:56:35.067344,1,7,5,1,0,1,1,1,0
usr_5518,2026-07-31 18:44:47.501693,1,8,4,2,2,1,1,1,1
usr_5519,2026-07-28 21:07:36.259971,1,14,11,5,5,1,1,1,1
usr_5520,2026-08-03 13:21:35.530223,1,8,4,1,0,1,1,1,0
usr_5521,,0,6,5,1,1,1,1,1,1
usr_5522,,0,1,0,0,0,1,0,0,0
usr_5523,,0,5,4,0,1,1,1,0,1
usr_5524,2026-08-02 15:55:34.364521,1,8,10,2,3,1,1,1,1
usr_5525,2026-07-27 11:13:19.497091,1,18,14,6,3,1,1,1,1
usr_5526,2026-07-31 06:07:55.496926,1,2,3,0,0,1,1,0,0
usr_5527,,0,2,2,0,2,1,1,0,1
usr_5528,2026-07-28 08:13:37.977842,1,16,13,7,5,1,1,1,1
usr_5529,2026-08-01 12:42:24.603159,1,13,10,7,1,1,1,1,1
usr_5530,2026-07-28 07:25:49.520101,1,21,8,8,4,1,1,1,1
usr_5531,2026-08-04 05:25:00.596097,1,7,7,6,1,1,1,1,1
usr_5532,2026-07-31 19:42:17.171929,1,7,1,1,1,1,1,1,1
usr_5533,,0,6,3,5,2,1,1,1,1
usr_5534,2026-07-28 20:01:22.883111,1,16,11,12,5,1,1,1,1
usr_5535,2026-07-28 19:33:43.991824,1,9,6,1,2,1,1,1,1
usr_5536,,0,6,4,1,2,1,1,1,1
usr_5537,2026-08-05 17:08:44.965208,1,7,3,1,3,1,1,1,1
usr_5538,2026-07-28 14:39:02.896967,1,5,0,1,0,1,0,1,0
usr_5539,2026-07-29 20:18:48.025743,1,14,9,3,3,1,1,1,1
usr_5540,2026-07-31 16:42:17.055019,1,19,11,7,7,1,1,1,1
usr_5541,,0,6,5,1,1,1,1,1,1
usr_5542,2026-08-04 15:34:22.798991,1,24,13,5,7,1,1,1,1
usr_5543,2026-07-30 21:47:24.770111,1,2,5,0,1,1,1,0,1
usr_5544,,0,3,3,0,2,1,1,0,1
usr_5545,2026-08-08 16:36:11.223812,1,8,0,3,0,1,0,1,0
usr_5546,2026-07-30 10:09:56.666875,1,4,2,1,1,1,1,1,1
usr_5547,,0,3,3,1,2,1,1,1,1
usr_5548,2026-08-01 22:04:07.646902,1,16,6,9,8,1,1,1,1
usr_5549,2026-08-01 05:33:50.201291,1,15,4,3,3,1,1,1,1
usr_5550,,0,2,1,1,1,1,1,1,1
usr_5551,2026-08-15 20:51:13.114912,1,8,7,2,2,1,1,1,1
usr_5552,,0,12,8,2,4,1,1,1,1
usr_5553,,0,4,3,6,0,1,1,1,0
usr_5554,,0,1,3,0,1,1,1,0,1
usr_5555,2026-08-03 02:21:43.292121,1,10,9,3,1,1,1,1,1
usr_5556,2026-08-04 13:10:34.422114,1,3,4,2,1,1,1,1,1
usr_5557,2026-08-06 19:15:18.862789,1,22,3,4,7,1,1,1,1
usr_5558,,0,3,1,1,0,1,1,1,0
usr_5559,,0,11,11,2,4,1,1,1,1
usr_5560,,0,1,1,1,1,1,1,1,1
usr_5561,,0,21,7,9,4,1,1,1,1
usr_5562,2026-08-11 04:16:56.685288,1,10,7,7,3,1,1,1,1
usr_5563,,0,6,2,3,5,1,1,1,1
usr_5564,2026-08-01 01:46:28.192436,1,16,5,5,0,1,1,1,0
usr_5565,,0,3,4,1,3,1,1,1,1
usr_5566,2026-08-14 03:33:41.701270,1,15,4,7,5,1,1,1,1
usr_5567,2026-07-31 00:30:35.316947,1,11,7,5,4,1,1,1,1
usr_5568,,0,1,3,1,0,1,1,1,0
usr_5569,2026-08-26 05:24:07.684608,1,3,3,0,0,1,1,0,0
usr_5570,2026-08-04 16:36:45.724536,1,11,3,1,2,1,1,1,1
usr_5571,2026-08-23 12:02:43.714239,1,7,5,0,0,1,1,0,0
usr_5572,2026-08-04 17:11:44.784963,1,5,1,4,0,1,1,1,0
usr_5573,,0,0,1,0,1,0,1,0,1
usr_5574,2026-08-15 00:41:36.452222,1,11,5,0,2,1,1,0,1
usr_5575,2026-08-05 12:18:22.592797,1,11,5,5,2,1,1,1,1
usr_5576,2026-08-04 03:55:14.454018,1,2,0,3,2,1,0,1,1
usr_5577,2026-08-05 14:42:49.399634,1,4,3,1,1,1,1,1,1
usr_5578,,0,2,1,0,3,1,1,0,1
usr_5579,2026-08-15 15:56:22.322353,1,7,4,10,3,1,1,1,1
usr_5580,,0,5,6,1,3,1,1,1,1
usr_5581,2026-08-19 05:56:35.819131,1,1,0,2,0,1,0,1,0
usr_5582,2026-08-04 18:48:10.654347,1,13,7,6,3,1,1,1,1
usr_5583,2026-08-02 01:23:30.391981,1,6,1,6,2,1,1,1,1
usr_5584,2026-08-02 18:34:55.337858,1,16,10,5,2,1,1,1,1
usr_5585,2026-08-02 04:49:51.094578,1,17,4,3,4,1,1,1,1
usr_5586,,0,8,3,5,5,1,1,1,1
usr_5587,2026-08-18 16:55:05.776851,1,16,9,2,3,1,1,1,1
usr_5588,2026-08-06 04:38:24.844297,1,2,1,3,2,1,1,1,1
usr_5589,,0,13,7,6,4,1,1,1,1
usr_5590,2026-08-14 09:33:18.393262,1,16,5,4,1,1,1,1,1
usr_5591,2026-08-14 07:08:10.013283,1,7,2,2,1,1,1,1,1
usr_5592,2026-08-02 22:57:48.667338,1,22,19,11,4,1,1,1,1
usr_5593,2026-08-07 17:02:04.255888,1,14,4,7,2,1,1,1,1
usr_5594,2026-08-06 17:05:04.634821,1,20,4,4,5,1,1,1,1
usr_5595,2026-08-08 17:25:21.741287,1,15,11,0,3,1,1,0,1
usr_5596,2026-08-16 16:03:00.601799,1,15,4,2,3,1,1,1,1
usr_5597,,0,1,0,1,1,1,0,1,1
usr_5598,,0,1,4,1,0,1,1,1,0
usr_5599,2026-08-12 06:41:02.119988,1,6,3,1,1,1,1,1,1
usr_5600,2026-08-04 20:57:35.885087,1,7,4,1,0,1,1,1,0
usr_5601,2026-08-06 20:05:12.703374,1,28,10,5,5,1,1,1,1
usr_5602,2026-08-12 15:15:11.686220,1,7,4,1,3,1,1,1,1
usr_5603,2026-08-18 08:13:21.110050,1,17,7,3,0,1,1,1,0
usr_5604,2026-08-05 04:15:47.580143,1,6,3,4,1,1,1,1,1
usr_5605,2026-08-06 19:07:33.395737,1,2,4,5,2,1,1,1,1
usr_5606,2026-08-10 02:16:05.493491,1,23,21,5,5,1,1,1,1
usr_5607,,0,10,4,1,2,1,1,1,1
usr_5608,2026-08-17 01:23:01.006758,1,4,4,8,1,1,1,1,1
usr_5609,2026-08-09 20:52:22.074807,1,13,5,5,0,1,1,1,0
usr_5610,,0,4,5,4,1,1,1,1,1
usr_5611,2026-08-04 15:27:01.945548,1,32,12,9,5,1,1,1,1
usr_5612,2026-08-07 15:08:35.822403,1,9,4,2,1,1,1,1,1
usr_5613,2026-08-12 18:43:22.845104,1,6,6,2,1,1,1,1,1
usr_5614,2026-08-13 06:07:28.941843,1,2,3,0,1,1,1,0,1
usr_5615,2026-08-05 10:00:54.172620,1,2,5,0,0,1,1,0,0
usr_5616,2026-08-16 02:57:01.676454,1,10,3,2,1,1,1,1,1
usr_5617,2026-08-12 04:06:55.768313,1,7,3,9,2,1,1,1,1
usr_5618,2026-08-24 16:50:27.499158,1,6,8,0,1,1,1,0,1
usr_5619,2026-08-07 22:31:40.952112,1,5,5,2,1,1,1,1,1
usr_5620,2026-08-16 00:10:18.712677,1,15,8,4,6,1,1,1,1
usr_5621,2026-08-04 20:34:30.773864,1,8,4,3,0,1,1,1,0
usr_5622,,0,6,6,3,2,1,1,1,1
usr_5623,,0,4,1,0,2,1,1,0,1
usr_5624,2026-08-04 14:53:02.104231,1,12,6,2,2,1,1,1,1
usr_5625,2026-08-18 09:17:17.471292,1,9,3,4,2,1,1,1,1
usr_5626,2026-08-07 14:40:39.503477,1,10,3,3,2,1,1,1,1
usr_5627,2026-08-17 11:22:22.462013,1,21,8,6,4,1,1,1,1
usr_5628,2026-08-16 04:48:23.780746,1,20,8,12,3,1,1,1,1
usr_5629,,0,7,6,4,0,1,1,1,0
usr_5630,2026-08-29 02:10:12.772282,1,19,4,7,2,1,1,1,1
usr_5631,,0,2,1,0,0,1,1,0,0
usr_5632,2026-08-27 05:24:13.493696,1,1,1,0,0,1,1,0,0
usr_5633,2026-08-09 05:30:45.856936,1,6,4,2,0,1,1,1,0
usr_5634,2026-08-05 21:21:37.353625,1,12,4,9,2,1,1,1,1
usr_5635,,0,4,1,1,1,1,1,1,1
usr_5636,2026-08-13 22:06:39.124533,1,2,2,1,4,1,1,1,1
usr_5637,,0,2,2,0,1,1,1,0,1
usr_5638,2026-08-14 19:09:32.842923,1,12,2,0,2,1,1,0,1
usr_5639,,0,14,3,4,0,1,1,1,0
usr_5640,2026-08-15 23:52:53.458459,1,11,7,3,6,1,1,1,1
usr_5641,,0,2,0,2,0,1,0,1,0
usr_5642,2026-08-06 02:22:11.773012,1,27,23,12,6,1,1,1,1
usr_5643,,0,15,9,3,4,1,1,1,1
usr_5644,,0,3,2,2,0,1,1,1,0
usr_5645,,0,6,7,1,2,1,1,1,1
usr_5646,2026-08-11 05:15:26.692059,1,18,8,6,6,1,1,1,1
usr_5647,2026-08-07 00:06:13.452284,1,6,6,3,0,1,1,1,0
usr_5648,,0,8,3,0,2,1,1,0,1
usr_5649,2026-08-06 08:02:55.650475,1,8,4,2,5,1,1,1,1
usr_5650,2026-08-06 06:33:41.052115,1,12,15,7,5,1,1,1,1
usr_5651,2026-08-06 06:48:24.630468,1,5,5,1,1,1,1,1,1
usr_5652,2026-08-08 14:40:20.177436,1,1,4,1,1,1,1,1,1
usr_5653,2026-08-25 08:43:46.645987,1,9,2,4,2,1,1,1,1
usr_5654,2026-08-06 22:52:14.069118,1,15,6,3,4,1,1,1,1
usr_5655,,0,10,5,2,4,1,1,1,1
usr_5656,,0,10,10,2,0,1,1,1,0
usr_5657,2026-08-14 14:24:42.358416,1,7,3,6,2,1,1,1,1
usr_5658,,0,8,4,2,0,1,1,1,0
usr_5659,2026-08-08 15:48:19.866309,1,12,3,3,2,1,1,1,1
usr_5660,2026-08-07 02:07:20.948330,1,9,7,4,4,1,1,1,1
usr_5661,,0,6,1,2,1,1,1,1,1
usr_5662,2026-08-14 05:41:42.919685,1,21,13,7,9,1,1,1,1
usr_5663,,0,2,2,1,1,1,1,1,1
usr_5664,,0,1,0,1,1,1,0,1,1
usr_5665,2026-08-12 16:14:16.920322,1,2,5,1,1,1,1,1,1
usr_5666,2026-08-24 17:33:48.182997,1,9,2,3,3,1,1,1,1
usr_5667,,0,7,3,1,1,1,1,1,1
usr_5668,,0,1,1,2,0,1,1,1,0
usr_5669,2026-08-07 23:45:47.621785,1,6,5,3,1,1,1,1,1
usr_5670,,0,1,0,0,3,1,0,0,1
usr_5671,2026-08-09 07:35:33.694117,1,23,8,4,2,1,1,1,1
usr_5672,2026-08-11 22:05:22.321907,1,15,11,3,3,1,1,1,1
usr_5673,2026-08-09 10:25:48.183717,1,2,1,2,0,1,1,1,0
usr_5674,,0,9,1,4,1,1,1,1,1
usr_5675,2026-08-23 02:41:16.733685,1,4,0,1,1,1,0,1,1
usr_5676,2026-08-24 01:58:54.618577,1,2,2,4,0,1,1,1,0
usr_5677,2026-08-14 04:07:52.955784,1,31,12,6,5,1,1,1,1
usr_5678,,0,2,2,0,0,1,1,0,0
usr_5679,,0,3,4,1,0,1,1,1,0
usr_5680,,0,9,4,1,5,1,1,1,1
usr_5681,2026-08-17 11:09:15.089345,1,3,2,3,0,1,1,1,0
usr_5682,,0,5,0,1,0,1,0,1,0
usr_5683,2026-08-08 14:05:30.439620,1,14,8,4,2,1,1,1,1
usr_5684,,0,10,11,3,2,1,1,1,1
usr_5685,,0,2,5,0,1,1,1,0,1
usr_5686,2026-08-08 09:28:48.513676,1,3,4,2,0,1,1,1,0
usr_5687,2026-08-19 15:50:18.921873,1,7,3,4,3,1,1,1,1
usr_5688,,0,7,7,3,0,1,1,1,0
usr_5689,2026-08-13 05:33:32.254507,1,16,5,8,2,1,1,1,1
usr_5690,2026-08-18 02:29:10.027855,1,2,2,1,1,1,1,1,1
usr_5691,2026-08-15 12:18:16.058177,1,10,5,2,2,1,1,1,1
usr_5692,2026-08-14 17:54:38.029094,1,14,7,6,2,1,1,1,1
usr_5693,2026-08-09 02:45:57.110968,1,4,1,2,0,1,1,1,0
usr_5694,2026-08-12 04:11:06.270208,1,5,3,2,2,1,1,1,1
usr_5695,2026-08-21 06:01:07.487198,1,7,7,2,1,1,1,1,1
usr_5696,2026-08-11 16:08:57.476244,1,9,4,3,2,1,1,1,1
usr_5697,2026-08-10 18:51:11.615951,1,11,4,4,2,1,1,1,1
usr_5698,2026-08-09 18:52:28.009259,1,26,17,6,6,1,1,1,1
usr_5699,2026-08-14 12:08:33.944798,1,3,8,2,2,1,1,1,1
usr_5700,2026-08-17 19:50:22.091781,1,8,6,1,1,1,1,1,1
usr_5701,2026-08-19 12:25:26.897661,1,3,4,2,0,1,1,1,0
usr_5702,,0,0,0,0,0,0,0,0,0
usr_5703,2026-08-24 17:13:56.487602,1,16,8,6,2,1,1,1,1
usr_5704,2026-08-13 21:50:49.655290,1,31,20,9,4,1,1,1,1
usr_5705,2026-08-12 06:49:11.562375,1,9,3,3,3,1,1,1,1
usr_5706,2026-08-14 02:10:03.189992,1,25,17,12,2,1,1,1,1
usr_5707,2026-08-10 12:20:46.789645,1,17,12,3,2,1,1,1,1
usr_5708,2026-08-13 11:15:57.863641,1,3,2,0,1,1,1,0,1
usr_5709,2026-08-12 00:35:26.277256,1,14,12,12,3,1,1,1,1
usr_5710,2026-08-20 16:52:36.828787,1,12,5,2,4,1,1,1,1
usr_5711,2026-08-15 14:24:23.233322,1,9,0,3,5,1,0,1,1
usr_5712,,0,6,1,0,0,1,1,0,0
usr_5713,,0,16,2,6,1,1,1,1,1
usr_5714,,0,9,6,1,1,1,1,1,1
usr_5715,,0,2,0,0,0,1,0,0,0
usr_5716,2026-08-22 22:30:13.066589,1,0,1,2,0,0,1,1,0
usr_5717,2026-08-14 12:23:31.279575,1,9,6,2,2,1,1,1,1
usr_5718,2026-08-24 08:40:12.174467,1,9,11,1,4,1,1,1,1
usr_5719,,0,0,0,2,0,0,0,1,0
usr_5720,2026-08-14 05:48:05.481838,1,12,6,3,3,1,1,1,1
usr_5721,,0,5,1,0,0,1,1,0,0
usr_5722,2026-08-11 01:48:54.992791,1,5,5,3,2,1,1,1,1
usr_5723,,0,4,5,0,0,1,1,0,0
usr_5724,,0,5,2,0,0,1,1,0,0
usr_5725,2026-08-21 07:57:51.664828,1,9,7,3,4,1,1,1,1
usr_5726,2026-08-20 01:23:59.570592,1,4,1,2,1,1,1,1,1
usr_5727,2026-08-18 06:12:46.524691,1,21,8,12,7,1,1,1,1
usr_5728,2026-08-23 15:37:00.089923,1,4,2,1,1,1,1,1,1
usr_5729,2026-08-14 03:19:13.169177,1,9,8,4,4,1,1,1,1
usr_5730,2026-08-22 07:29:03.957850,1,5,7,1,0,1,1,1,0
usr_5731,2026-08-26 02:47:07.957392,1,4,2,1,2,1,1,1,1
usr_5732,2026-08-14 03:38:40.558585,1,8,1,4,0,1,1,1,0
usr_5733,2026-08-15 11:19:38.029941,1,17,11,6,4,1,1,1,1
usr_5734,,0,2,2,0,1,1,1,0,1
usr_5735,,0,1,0,0,0,1,0,0,0
usr_5736,2026-08-15 12:39:34.864819,1,11,5,2,0,1,1,1,0
usr_5737,2026-08-20 20:38:50.275174,1,19,6,6,1,1,1,1,1
usr_5738,,0,9,3,4,4,1,1,1,1
usr_5739,,0,15,5,2,3,1,1,1,1
usr_5740,2026-08-15 10:36:51.947670,1,21,1,4,1,1,1,1,1
usr_5741,,0,6,2,0,1,1,1,0,1
usr_5742,2026-08-25 07:53:40.059734,1,0,1,0,0,0,1,0,0
usr_5743,,0,5,3,0,0,1,1,0,0
usr_5744,2026-08-13 02:24:44.290643,1,13,5,2,4,1,1,1,1
usr_5745,,0,11,8,4,1,1,1,1,1
usr_5746,,0,1,0,2,0,1,0,1,0
usr_5747,2026-08-30 08:12:12.963216,1,4,5,2,1,1,1,1,1
usr_5748,2026-08-18 09:40:46.529578,1,6,2,0,0,1,1,0,0
usr_5749,2026-08-15 20:06:03.253329,1,2,1,0,0,1,1,0,0
usr_5750,,0,10,3,9,1,1,1,1,1
usr_5751,2026-08-15 09:00:13.850722,1,7,2,4,3,1,1,1,1
usr_5752,2026-08-24 12:30:30.211612,1,3,3,5,4,1,1,1,1
usr_5753,,0,1,1,1,0,1,1,1,0
usr_5754,,0,7,4,1,3,1,1,1,1
usr_5755,2026-08-14 09:31:09.611704,1,9,4,1,0,1,1,1,0
usr_5756,,0,10,2,8,0,1,1,1,0
usr_5757,2026-08-30 10:26:00.508638,1,3,2,1,0,1,1,1,0
usr_5758,2026-08-19 03:23:09.071479,1,7,5,2,4,1,1,1,1
usr_5759,2026-08-18 09:45:40.389510,1,3,6,0,0,1,1,0,0
usr_5760,2026-08-17 09:55:33.594548,1,13,9,5,1,1,1,1,1
usr_5761,,0,8,7,2,2,1,1,1,1
usr_5762,2026-08-19 18:05:14.654042,1,10,11,6,3,1,1,1,1
usr_5763,2026-08-14 11:17:48.908790,1,3,4,0,1,1,1,0,1
usr_5764,2026-08-24 12:42:54.682213,1,17,5,4,4,1,1,1,1
usr_5765,2026-08-20 23:14:46.872365,1,19,6,3,3,1,1,1,1
usr_5766,2026-08-28 01:59:42.516105,1,11,5,1,2,1,1,1,1
usr_5767,2026-08-19 19:20:58.610372,1,12,9,8,4,1,1,1,1
usr_5768,,0,5,4,2,1,1,1,1,1
usr_5769,2026-08-16 15:44:40.913270,1,15,12,3,4,1,1,1,1
usr_5770,2026-08-20 15:56:40.532404,1,7,3,7,3,1,1,1,1
usr_5771,2026-08-29 23:59:43.486990,1,6,3,0,0,1,1,0,0
usr_5772,2026-08-15 10:35:47.681713,1,10,1,1,2,1,1,1,1
usr_5773,2026-08-17 04:30:24.694716,1,21,11,8,8,1,1,1,1
usr_5774,2026-08-16 01:26:32.191601,1,18,22,15,9,1,1,1,1
usr_5775,2026-08-18 09:46:19.183706,1,14,6,0,2,1,1,0,1
usr_5776,,0,12,4,4,0,1,1,1,0
usr_5777,,0,0,1,0,0,0,1,0,0
usr_5778,,0,12,8,3,3,1,1,1,1
usr_5779,,0,9,1,0,1,1,1,0,1
usr_5780,2026-08-16 06:49:33.577628,1,21,4,6,1,1,1,1,1
usr_5781,,0,1,1,0,0,1,1,0,0
usr_5782,,0,3,0,1,0,1,0,1,0
usr_5783,2026-08-20 16:34:33.695911,1,6,3,1,2,1,1,1,1
usr_5784,,0,5,3,4,1,1,1,1,1
usr_5785,,0,2,1,0,0,1,1,0,0
usr_5786,,0,2,2,1,1,1,1,1,1
usr_5787,,0,1,3,0,0,1,1,0,0
usr_5788,2026-08-17 04:43:42.420583,1,17,8,4,1,1,1,1,1
usr_5789,,0,2,2,2,2,1,1,1,1
usr_5790,,0,7,2,4,2,1,1,1,1
usr_5791,,0,4,4,0,0,1,1,0,0
usr_5792,2026-08-16 05:51:11.241495,1,26,9,7,1,1,1,1,1
usr_5793,2026-08-18 10:53:17.850590,1,2,1,4,0,1,1,1,0
usr_5794,2026-08-20 18:14:34.555920,1,3,4,2,2,1,1,1,1
usr_5795,2026-08-25 02:32:15.248014,1,8,4,3,0,1,1,1,0
usr_5796,2026-08-17 10:47:26.841117,1,6,4,4,0,1,1,1,0
usr_5797,,0,1,1,0,1,1,1,0,1
usr_5798,2026-08-22 07:07:46.160465,1,6,5,2,0,1,1,1,0
usr_5799,,0,4,3,2,1,1,1,1,1
usr_5800,,0,6,1,2,1,1,1,1,1
usr_5801,2026-08-17 02:33:41.967319,1,20,17,8,4,1,1,1,1
usr_5802,2026-08-28 01:01:34.635719,1,14,10,6,2,1,1,1,1
usr_5803,2026-08-19 00:52:56.703258,1,6,2,1,1,1,1,1,1
usr_5804,2026-08-23 13:25:02.802818,1,13,7,2,1,1,1,1,1
usr_5805,,0,2,0,0,0,1,0,0,0
usr_5806,,0,3,1,1,0,1,1,1,0
usr_5807,,0,5,2,0,4,1,1,0,1
usr_5808,,0,11,6,4,2,1,1,1,1
usr_5809,2026-08-21 05:37:57.186791,1,3,3,1,1,1,1,1,1
usr_5810,,0,9,2,5,0,1,1,1,0
usr_5811,,0,3,2,0,0,1,1,0,0
usr_5812,2026-08-18 05:08:42.846569,1,17,8,7,4,1,1,1,1
usr_5813,,0,3,1,2,3,1,1,1,1
usr_5814,2026-08-20 14:34:04.688080,1,3,5,3,4,1,1,1,1
usr_5815,,0,4,1,1,0,1,1,1,0
usr_5816,2026-08-29 11:15:16.244729,1,9,7,4,6,1,1,1,1
usr_5817,2026-08-19 18:39:52.707148,1,1,1,1,0,1,1,1,0
usr_5818,2026-08-19 20:05:29.353478,1,21,11,2,3,1,1,1,1
usr_5819,2026-08-20 17:08:14.627503,1,10,8,2,0,1,1,1,0
usr_5820,2026-08-25 12:54:43.621276,1,3,1,0,0,1,1,0,0
usr_5821,,0,1,1,0,1,1,1,0,1
usr_5822,,0,9,1,3,4,1,1,1,1
usr_5823,,0,3,3,3,1,1,1,1,1
usr_5824,,0,8,5,0,1,1,1,0,1
usr_5825,,0,3,2,0,0,1,1,0,0
usr_5826,2026-08-20 13:01:21.124086,1,6,2,1,1,1,1,1,1
usr_5827,,0,4,1,1,0,1,1,1,0
usr_5828,,0,7,8,1,2,1,1,1,1
usr_5829,,0,5,0,1,2,1,0,1,1
usr_5830,2026-08-28 22:05:00.815237,1,5,1,0,0,1,1,0,0
usr_5831,2026-08-28 19:29:54.695396,1,27,17,7,5,1,1,1,1
usr_5832,2026-08-20 01:46:58.333796,1,4,1,3,2,1,1,1,1
usr_5833,2026-08-27 21:02:25.222220,1,5,2,1,0,1,1,1,0
usr_5834,,0,7,5,2,0,1,1,1,0
usr_5835,2026-08-26 00:44:23.015052,1,4,1,0,3,1,1,0,1
usr_5836,2026-08-23 10:34:58.462572,1,5,4,5,1,1,1,1,1
usr_5837,2026-08-20 01:24:47.022872,1,14,4,2,6,1,1,1,1
usr_5838,2026-08-24 15:06:59.500981,1,19,10,5,2,1,1,1,1
usr_5839,2026-08-25 20:36:31.561903,1,9,3,4,0,1,1,1,0
usr_5840,,0,3,2,0,0,1,1,0,0
usr_5841,2026-08-27 03:06:09.457550,1,7,5,2,3,1,1,1,1
usr_5842,2026-08-24 04:26:09.394621,1,18,10,6,1,1,1,1,1
usr_5843,,0,3,1,0,0,1,1,0,0
usr_5844,2026-08-31 07:24:01.898072,1,7,3,0,3,1,1,0,1
usr_5845,2026-08-28 11:29:34.975660,1,7,4,1,4,1,1,1,1
usr_5846,,0,1,2,2,0,1,1,1,0
usr_5847,2026-08-23 18:37:36.234607,1,3,3,0,0,1,1,0,0
usr_5848,2026-08-22 05:11:27.367450,1,13,9,3,3,1,1,1,1
usr_5849,,0,2,1,0,0,1,1,0,0
usr_5850,,0,6,6,3,3,1,1,1,1
usr_5851,2026-08-27 23:51:55.411380,1,8,7,0,2,1,1,0,1
usr_5852,,0,4,1,0,1,1,1,0,1
usr_5853,2026-08-22 18:53:44.833349,1,5,3,3,2,1,1,1,1
usr_5854,2026-08-26 01:39:03.110393,1,5,3,2,0,1,1,1,0
usr_5855,2026-08-30 02:33:41.245758,1,4,1,1,0,1,1,1,0
usr_5856,,0,11,10,4,7,1,1,1,1
usr_5857,,0,13,4,1,1,1,1,1,1
usr_5858,2026-08-28 01:36:58.946617,1,8,6,3,1,1,1,1,1
usr_5859,,0,2,1,0,2,1,1,0,1
usr_5860,2026-08-23 21:46:50.333773,1,6,4,0,1,1,1,0,1
usr_5861,,0,3,2,1,2,1,1,1,1
usr_5862,,0,3,0,1,1,1,0,1,1
usr_5863,,0,6,1,2,0,1,1,1,0
usr_5864,,0,7,5,4,1,1,1,1,1
usr_5865,,0,5,1,1,0,1,1,1,0
usr_5866,2026-08-22 17:54:11.299398,1,12,11,7,1,1,1,1,1
usr_5867,,0,1,1,1,0,1,1,1,0
usr_5868,2026-08-29 22:48:58.941469,1,8,4,1,3,1,1,1,1
usr_5869,,0,9,3,4,2,1,1,1,1
usr_5870,2026-08-23 03:59:59.045211,1,5,1,0,1,1,1,0,1
usr_5871,2026-08-25 17:29:57.104362,1,2,1,0,1,1,1,0,1
usr_5872,,0,3,0,0,0,1,0,0,0
usr_5873,2026-08-28 17:07:12.296414,1,3,6,2,0,1,1,1,0
usr_5874,,0,6,9,2,3,1,1,1,1
usr_5875,,0,1,1,1,1,1,1,1,1
usr_5876,2026-08-26 13:10:00.891235,1,7,2,1,2,1,1,1,1
usr_5877,2026-08-24 02:47:06.362908,1,15,7,2,2,1,1,1,1
usr_5878,,0,2,3,3,2,1,1,1,1
usr_5879,,0,2,1,0,0,1,1,0,0
usr_5880,2026-08-25 20:36:11.323083,1,15,5,3,4,1,1,1,1
usr_5881,2026-08-27 16:33:18.915211,1,15,3,8,0,1,1,1,0
usr_5882,2026-08-30 05:52:20.342969,1,15,4,0,1,1,1,0,1
usr_5883,,0,0,0,0,0,0,0,0,0
usr_5884,2026-08-31 16:31:31.420737,1,3,2,1,1,1,1,1,1
usr_5885,2026-08-26 14:52:52.453509,1,23,15,5,3,1,1,1,1
usr_5886,,0,1,3,1,0,1,1,1,0
usr_5887,,0,5,5,0,1,1,1,0,1
usr_5888,,0,0,3,0,0,0,1,0,0
usr_5889,,0,5,3,2,0,1,1,1,0
usr_5890,2026-08-25 07:55:42.192226,1,5,8,5,4,1,1,1,1
usr_5891,,0,4,7,1,0,1,1,1,0
usr_5892,2026-08-26 09:06:27.690667,1,11,4,3,1,1,1,1,1
usr_5893,,0,0,2,1,0,0,1,1,0
usr_5894,2026-08-27 08:41:50.980034,1,10,5,3,2,1,1,1,1
usr_5895,2026-08-25 18:02:18.074368,1,10,4,5,0,1,1,1,0
usr_5896,2026-08-31 22:17:44.156237,1,6,4,3,0,1,1,1,0
usr_5897,,0,1,1,0,0,1,1,0,0
usr_5898,,0,1,0,1,1,1,0,1,1
usr_5899,2026-08-25 14:00:55.274933,1,7,4,3,0,1,1,1,0
usr_5900,2026-08-26 04:32:05.507787,1,6,3,1,0,1,1,1,0
usr_5901,2026-08-29 18:06:48.148106,1,16,11,6,2,1,1,1,1
usr_5902,2026-08-31 18:41:02.145503,1,10,4,1,0,1,1,1,0
usr_5903,,0,3,2,1,0,1,1,1,0
usr_5904,,0,15,1,3,1,1,1,1,1
usr_5905,,0,2,0,2,0,1,0,1,0
usr_5906,2026-08-28 14:48:01.243058,1,15,6,1,2,1,1,1,1
usr_5907,,0,6,2,2,2,1,1,1,1
usr_5908,,0,17,2,4,2,1,1,1,1
usr_5909,,0,3,6,1,1,1,1,1,1
usr_5910,2026-08-26 07:44:32.664540,1,1,1,0,0,1,1,0,0
usr_5911,,0,6,3,4,2,1,1,1,1
usr_5912,,0,4,2,4,0,1,1,1,0
usr_5913,,0,8,4,4,0,1,1,1,0
usr_5914,2026-08-28 10:47:34.422703,1,14,8,8,4,1,1,1,1
usr_5915,,0,3,0,3,0,1,0,1,0
usr_5916,,0,8,3,0,0,1,1,0,0
usr_5917,,0,7,4,2,2,1,1,1,1
usr_5918,2026-08-26 12:27:07.149807,1,13,5,2,1,1,1,1,1
usr_5919,,0,12,2,6,2,1,1,1,1
usr_5920,,0,2,2,1,0,1,1,1,0
usr_5921,,0,0,0,0,0,0,0,0,0
usr_5922,,0,1,0,0,0,1,0,0,0
usr_5923,2026-08-31 00:47:15.106108,1,6,2,1,0,1,1,1,0
usr_5924,2026-08-26 07:42:17.830884,1,12,5,3,2,1,1,1,1
usr_5925,,0,0,0,0,0,0,0,0,0
usr_5926,2026-08-29 19:16:38.502797,1,2,0,0,0,1,0,0,0
usr_5927,,0,1,0,0,0,1,0,0,0
usr_5928,,0,2,3,2,0,1,1,1,0
usr_5929,,0,3,4,4,0,1,1,1,0
usr_5930,,0,3,1,2,1,1,1,1,1
usr_5931,,0,2,0,0,1,1,0,0,1
usr_5932,2026-08-29 02:32:56.050107,1,4,4,3,0,1,1,1,0
usr_5933,,0,0,2,0,0,0,1,0,0
usr_5934,2026-08-29 09:06:52.372129,1,9,3,2,0,1,1,1,0
usr_5935,2026-08-29 11:07:56.792239,1,8,2,3,0,1,1,1,0
usr_5936,,0,1,2,0,0,1,1,0,0
usr_5937,,0,3,1,0,0,1,1,0,0
usr_5938,,0,4,0,0,0,1,0,0,0
usr_5939,,0,3,3,1,1,1,1,1,1
usr_5940,,0,0,0,0,0,0,0,0,0
usr_5941,,0,4,1,2,2,1,1,1,1
usr_5942,,0,5,0,0,0,1,0,0,0
usr_5943,,0,6,1,1,0,1,1,1,0
usr_5944,,0,2,0,0,0,1,0,0,0
usr_5945,,0,0,0,1,1,0,0,1,1
usr_5946,,0,11,4,2,2,1,1,1,1
usr_5947,,0,5,1,3,1,1,1,1,1
usr_5948,,0,6,1,3,0,1,1,1,0
usr_5949,2026-08-28 01:40:11.887144,1,3,5,2,0,1,1,1,0
usr_5950,,0,3,2,0,0,1,1,0,0
usr_5951,,0,2,0,1,0,1,0,1,0
usr_5952,,0,4,1,0,0,1,1,0,0
usr_5953,,0,2,1,0,0,1,1,0,0
usr_5954,,0,1,0,0,1,1,0,0,1
usr_5955,,0,0,0,0,0,0,0,0,0
usr_5956,2026-08-31 04:55:14.357763,1,5,3,3,1,1,1,1,1
usr_5957,,0,5,0,0,0,1,0,0,0
usr_5958,,0,1,1,1,0,1,1,1,0
usr_5959,,0,1,1,0,1,1,1,0,1
usr_5960,,0,2,2,2,1,1,1,1,1
usr_5961,,0,7,2,1,0,1,1,1,0
usr_5962,,0,6,2,0,0,1,1,0,0
usr_5963,,0,2,1,0,0,1,1,0,0
usr_5964,,0,0,0,1,0,0,0,1,0
usr_5965,,0,1,1,1,1,1,1,1,1
usr_5966,2026-08-31 06:03:39.175097,1,5,1,1,3,1,1,1,1
usr_5967,2026-08-31 17:43:26.358416,1,0,0,0,0,0,0,0,0
usr_5968,,0,0,1,0,0,0,1,0,0
usr_5969,,0,0,2,2,0,0,1,1,0
usr_5970,,0,1,0,0,0,1,0,0,0
usr_5971,,0,2,1,0,1,1,1,0,1
usr_5972,,0,3,2,0,1,1,1,0,1
usr_5973,,0,0,0,0,0,0,0,0,0
usr_5974,,0,2,0,1,1,1,0,1,1
usr_5975,,0,6,0,4,0,1,0,1,0
usr_5976,,0,2,3,0,0,1,1,0,0
usr_5977,,0,1,0,0,0,1,0,0,0
usr_5978,,0,2,1,2,1,1,1,1,1
usr_5979,,0,1,0,0,0,1,0,0,0
usr_5980,,0,0,0,0,0,0,0,0,0
usr_5981,,0,0,0,0,0,0,0,0,0
usr_5982,,0,0,1,0,0,0,1,0,0
usr_5983,,0,0,0,0,0,0,0,0,0
usr_5984,,0,1,2,1,1,1,1,1,1
usr_5985,,0,0,1,3,0,0,1,1,0
usr_5986,,0,0,0,0,0,0,0,0,0
usr_5987,,0,0,0,0,1,0,0,0,1
usr_5988,,0,3,0,1,0,1,0,1,0
usr_5989,,0,0,0,0,0,0,0,0,0
usr_5990,,0,0,0,0,0,0,0,0,0
usr_5991,2026-08-31 10:51:20.846246,1,3,1,1,0,1,1,1,0
usr_5992,,0,1,0,2,0,1,0,1,0
usr_5993,,0,0,0,0,0,0,0,0,0
usr_5994,,0,0,1,0,0,0,1,0,0
usr_5995,,0,0,1,2,0,0,1,1,0
usr_5996,,0,2,3,0,1,1,1,0,1
usr_5997,,0,0,1,0,1,0,1,0,1
usr_5998,2026-08-31 03:10:00.806026,1,2,3,0,0,1,1,0,0
usr_5999,,0,0,0,0,0,0,0,0,0
